CH0106,Biologie für Chemiker ,Lehrstuhl für Biotechnologie (Prof. Buchner) ,Aufbau u. Vorbereitung,Modulprüfung,fix,"CH 21010, Hans-Fischer-Hörsaal (5401.01.101K) ",28.07.2023,13:00  ,13:30
CH0106,Biologie für Chemiker ,Lehrstuhl für Biotechnologie (Prof. Buchner) ,Prüfungstermin,Modulprüfung,fix,"CH 21010, Hans-Fischer-Hörsaal (5401.01.101K) ",28.07.2023,13:30  ,15:00
CH0106,Biologie für Chemiker ,Lehrstuhl für Biotechnologie (Prof. Buchner) ,Nachbereitung,Modulprüfung,fix,"CH 21010, Hans-Fischer-Hörsaal (5401.01.101K) ",28.07.2023,15:00  ,15:30
CH0107,Analytische Chemie ,Lehrstuhl für Analytische Chemie und Wasserchemie (Prof. Elsner) ,Aufbau u. Vorbereitung,Modulprüfung,geplant,"1450, Willy-Messerschmitt-Zeichensaal (5504.01.450) ",31.07.2023,10:00  ,10:30
CH0107,Analytische Chemie ,Lehrstuhl für Analytische Chemie und Wasserchemie (Prof. Elsner) ,Prüfungstermin,Modulprüfung,geplant,"1450, Willy-Messerschmitt-Zeichensaal (5504.01.450) ",31.07.2023,10:30  ,11:30
CH0107,Analytische Chemie ,Lehrstuhl für Analytische Chemie und Wasserchemie (Prof. Elsner) ,Nachbereitung,Modulprüfung,geplant,"1450, Willy-Messerschmitt-Zeichensaal (5504.01.450) ",31.07.2023,11:30  ,12:00
CH0107,Analytische Chemie ,Lehrstuhl für Analytische Chemie und Wasserchemie (Prof. Elsner) ,Aufbau u. Vorbereitung,Modulprüfung,fix,"00.5901.051, Hörsaal (5901.EG.051) ",28.09.2023,10:30  ,11:00
CH0107,Analytische Chemie ,Lehrstuhl für Analytische Chemie und Wasserchemie (Prof. Elsner) ,Prüfungstermin,Modulprüfung,fix,"00.5901.051, Hörsaal (5901.EG.051) ",28.09.2023,11:00  ,12:00
CH0107,Analytische Chemie ,Lehrstuhl für Analytische Chemie und Wasserchemie (Prof. Elsner) ,Nachbereitung,Modulprüfung,fix,"00.5901.051, Hörsaal (5901.EG.051) ",28.09.2023,12:00  ,12:30
CH0109,Aufbau und Struktur organischer Verbindungen ,Lehrstuhl für Organische Chemie II (Prof. Sieber) ,Aufbau u. Vorbereitung,Modulprüfung,fix,"MW 0001, Gustav-Niemann-Hörsaal (5510.EG.001) ",26.07.2023,13:00  ,13:30
CH0109,Aufbau und Struktur organischer Verbindungen ,Lehrstuhl für Organische Chemie II (Prof. Sieber) ,Prüfungstermin,Modulprüfung,fix,"MW 0001, Gustav-Niemann-Hörsaal (5510.EG.001) ",26.07.2023,13:30  ,15:00
CH0109,Aufbau und Struktur organischer Verbindungen ,Lehrstuhl für Organische Chemie II (Prof. Sieber) ,Nachbereitung,Modulprüfung,fix,"MW 0001, Gustav-Niemann-Hörsaal (5510.EG.001) ",26.07.2023,15:00  ,15:30
CH0109,Aufbau und Struktur organischer Verbindungen ,Lehrstuhl für Organische Chemie II (Prof. Sieber) ,Aufbau u. Vorbereitung,Modulprüfung,fix,"00.02.001, MI HS 1, Friedrich L. Bauer Hörsaal (5602.EG.001) ",26.07.2023,13:00  ,13:30
CH0109,Aufbau und Struktur organischer Verbindungen ,Lehrstuhl für Organische Chemie II (Prof. Sieber) ,Prüfungstermin,Modulprüfung,fix,"00.02.001, MI HS 1, Friedrich L. Bauer Hörsaal (5602.EG.001) ",26.07.2023,13:30  ,15:00
CH0109,Aufbau und Struktur organischer Verbindungen ,Lehrstuhl für Organische Chemie II (Prof. Sieber) ,Nachbereitung,Modulprüfung,fix,"00.02.001, MI HS 1, Friedrich L. Bauer Hörsaal (5602.EG.001) ",26.07.2023,15:00  ,15:30
CH0109,Aufbau und Struktur organischer Verbindungen ,Lehrstuhl für Organische Chemie II (Prof. Sieber) ,Aufbau u. Vorbereitung,Modulprüfung,fix,"102, Hörsaal 2, ""Interims I"" (5620.01.102) ",26.07.2023,13:00  ,13:30
CH0109,Aufbau und Struktur organischer Verbindungen ,Lehrstuhl für Organische Chemie II (Prof. Sieber) ,Prüfungstermin,Modulprüfung,fix,"102, Hörsaal 2, ""Interims I"" (5620.01.102) ",26.07.2023,13:30  ,15:00
CH0109,Aufbau und Struktur organischer Verbindungen ,Lehrstuhl für Organische Chemie II (Prof. Sieber) ,Nachbereitung,Modulprüfung,fix,"102, Hörsaal 2, ""Interims I"" (5620.01.102) ",26.07.2023,15:00  ,15:30
CH0109,Aufbau und Struktur organischer Verbindungen ,Lehrstuhl für Organische Chemie II (Prof. Sieber) ,Aufbau u. Vorbereitung,Modulprüfung,fix,"MW 0001, Gustav-Niemann-Hörsaal (5510.EG.001) ",27.09.2023,13:00  ,13:30
CH0109,Aufbau und Struktur organischer Verbindungen ,Lehrstuhl für Organische Chemie II (Prof. Sieber) ,Prüfungstermin,Modulprüfung,fix,"MW 0001, Gustav-Niemann-Hörsaal (5510.EG.001) ",27.09.2023,13:30  ,15:00
CH0109,Aufbau und Struktur organischer Verbindungen ,Lehrstuhl für Organische Chemie II (Prof. Sieber) ,Nachbereitung,Modulprüfung,fix,"MW 0001, Gustav-Niemann-Hörsaal (5510.EG.001) ",27.09.2023,15:00  ,15:30
CH0112,Mathematische Methoden der Chemie 2 ,Lehrstuhl für Anorganische und Metallorganische Chemie (Prof. Fischer) ,Aufbau u. Vorbereitung,Modulprüfung,fix,MW 2001 Rudolf-Diesel-Hörsaal (5510.02.001) ,07.08.2023,15:30  ,16:00
CH0112,Mathematische Methoden der Chemie 2 ,Lehrstuhl für Anorganische und Metallorganische Chemie (Prof. Fischer) ,Prüfungstermin,Modulprüfung,fix,MW 2001 Rudolf-Diesel-Hörsaal (5510.02.001) ,07.08.2023,16:00  ,17:30
CH0112,Mathematische Methoden der Chemie 2 ,Lehrstuhl für Anorganische und Metallorganische Chemie (Prof. Fischer) ,Nachbereitung,Modulprüfung,fix,MW 2001 Rudolf-Diesel-Hörsaal (5510.02.001) ,07.08.2023,17:30  ,18:00
CH0112,Mathematische Methoden der Chemie 2 ,Lehrstuhl für Anorganische und Metallorganische Chemie (Prof. Fischer) ,Aufbau u. Vorbereitung,Modulprüfung,fix,Seminarraum Taurus 1 im Galileo Mo-Fr 7-19 Uhr (8120.EG.002) ,25.09.2023,10:00  ,10:30
CH0112,Mathematische Methoden der Chemie 2 ,Lehrstuhl für Anorganische und Metallorganische Chemie (Prof. Fischer) ,Prüfungstermin,Modulprüfung,fix,Seminarraum Taurus 1 im Galileo Mo-Fr 7-19 Uhr (8120.EG.002) ,25.09.2023,10:30  ,12:00
CH0112,Mathematische Methoden der Chemie 2 ,Lehrstuhl für Anorganische und Metallorganische Chemie (Prof. Fischer) ,Nachbereitung,Modulprüfung,fix,Seminarraum Taurus 1 im Galileo Mo-Fr 7-19 Uhr (8120.EG.002) ,25.09.2023,12:00  ,12:30
CH0124,Toxikologie und spezielle Rechtskunde für Studierende der Chemie ,Department Chemie ,Aufbau u. Vorbereitung,Modulprüfung,fix,"CH 21010, Hans-Fischer-Hörsaal (5401.01.101K) ",24.07.2023,10:30  ,11:00
CH0124,Toxikologie und spezielle Rechtskunde für Studierende der Chemie ,Department Chemie ,Prüfungstermin,Modulprüfung,fix,"CH 21010, Hans-Fischer-Hörsaal (5401.01.101K) ",24.07.2023,11:00  ,12:30
CH0124,Toxikologie und spezielle Rechtskunde für Studierende der Chemie ,Department Chemie ,Nachbereitung,Modulprüfung,fix,"CH 21010, Hans-Fischer-Hörsaal (5401.01.101K) ",24.07.2023,12:30  ,13:00
CH0124,Toxikologie und spezielle Rechtskunde für Studierende der Chemie ,Department Chemie ,Aufbau u. Vorbereitung,Modulprüfung,fix,"003, Hörsaal 2, ""Interims II"" (5416.01.003) ",24.07.2023,10:30  ,11:00
CH0124,Toxikologie und spezielle Rechtskunde für Studierende der Chemie ,Department Chemie ,Prüfungstermin,Modulprüfung,fix,"003, Hörsaal 2, ""Interims II"" (5416.01.003) ",24.07.2023,11:00  ,12:30
CH0124,Toxikologie und spezielle Rechtskunde für Studierende der Chemie ,Department Chemie ,Nachbereitung,Modulprüfung,fix,"003, Hörsaal 2, ""Interims II"" (5416.01.003) ",24.07.2023,12:30  ,13:00
CH0132,Organische Synthese ,Lehrstuhl für Organische Chemie I (Prof. Bach) ,Aufbau u. Vorbereitung,Modulprüfung,fix,Audimax im Galileo nur Mo-Di 7-19 Uhr (8120.01.101) ,01.08.2023,13:00  ,13:30
CH0132,Organische Synthese ,Lehrstuhl für Organische Chemie I (Prof. Bach) ,Prüfungstermin,Modulprüfung,fix,Audimax im Galileo nur Mo-Di 7-19 Uhr (8120.01.101) ,01.08.2023,13:30  ,15:00
CH0132,Organische Synthese ,Lehrstuhl für Organische Chemie I (Prof. Bach) ,Nachbereitung,Modulprüfung,fix,Audimax im Galileo nur Mo-Di 7-19 Uhr (8120.01.101) ,01.08.2023,15:00  ,15:30
CH0132,Organische Synthese ,Lehrstuhl für Organische Chemie I (Prof. Bach) ,Aufbau u. Vorbereitung,Modulprüfung,fix,"1550, Georg-Kühne-Zeichensaal (5505.01.550) ",02.10.2023,13:00  ,13:30
CH0132,Organische Synthese ,Lehrstuhl für Organische Chemie I (Prof. Bach) ,Prüfungstermin,Modulprüfung,fix,"1550, Georg-Kühne-Zeichensaal (5505.01.550) ",02.10.2023,13:30  ,15:00
CH0132,Organische Synthese ,Lehrstuhl für Organische Chemie I (Prof. Bach) ,Nachbereitung,Modulprüfung,fix,"1550, Georg-Kühne-Zeichensaal (5505.01.550) ",02.10.2023,15:00  ,15:30
CH0132,Organische Synthese ,Lehrstuhl für Organische Chemie I (Prof. Bach) ,Aufbau u. Vorbereitung,Modulprüfung,fix,"2502, Physik Hörsaal 2 (5101.EG.502) ",02.10.2023,13:00  ,13:30
CH0132,Organische Synthese ,Lehrstuhl für Organische Chemie I (Prof. Bach) ,Prüfungstermin,Modulprüfung,fix,"2502, Physik Hörsaal 2 (5101.EG.502) ",02.10.2023,13:30  ,15:00
CH0132,Organische Synthese ,Lehrstuhl für Organische Chemie I (Prof. Bach) ,Nachbereitung,Modulprüfung,fix,"2502, Physik Hörsaal 2 (5101.EG.502) ",02.10.2023,15:00  ,15:30
CH0136,Grundlagen des Patentrechts ,Ehemalige Fakultät für Chemie ,Aufbau u. Vorbereitung,Modulprüfung,fix,"101, Hörsaal 1, ""Interims I"" (5620.01.101) ",31.07.2023,07:30  ,08:00
CH0136,Grundlagen des Patentrechts ,Ehemalige Fakultät für Chemie ,Prüfungstermin,Modulprüfung,fix,"101, Hörsaal 1, ""Interims I"" (5620.01.101) ",31.07.2023,08:00  ,09:30
CH0136,Grundlagen des Patentrechts ,Ehemalige Fakultät für Chemie ,Nachbereitung,Modulprüfung,fix,"101, Hörsaal 1, ""Interims I"" (5620.01.101) ",31.07.2023,09:30  ,10:00
CH0142,Allgemeine und anorganische Chemie mit Praktikum ,Professur für Molekulare Katalyse (Prof. Kühn) ,Aufbau u. Vorbereitung,Modulprüfung,fix,"HO10, Hörsaal 16 Carl-Kronacher-Hörsaal (WZWH16) (4214.EG.010) ",09.10.2023,07:30  ,08:00
CH0142,Allgemeine und anorganische Chemie mit Praktikum ,Professur für Molekulare Katalyse (Prof. Kühn) ,Prüfungstermin,Modulprüfung,fix,"HO10, Hörsaal 16 Carl-Kronacher-Hörsaal (WZWH16) (4214.EG.010) ",09.10.2023,08:00  ,09:30
CH0142,Allgemeine und anorganische Chemie mit Praktikum ,Professur für Molekulare Katalyse (Prof. Kühn) ,Nachbereitung,Modulprüfung,fix,"HO10, Hörsaal 16 Carl-Kronacher-Hörsaal (WZWH16) (4214.EG.010) ",09.10.2023,09:30  ,10:00
CH0142,Allgemeine und anorganische Chemie mit Praktikum ,Professur für Molekulare Katalyse (Prof. Kühn) ,Aufbau u. Vorbereitung,Modulprüfung,fix,"HO20, Hörsaal 15 Carl-Lindner-Hörsaal (WZWH15) (4214.EG.020) ",09.10.2023,07:30  ,08:00
CH0142,Allgemeine und anorganische Chemie mit Praktikum ,Professur für Molekulare Katalyse (Prof. Kühn) ,Prüfungstermin,Modulprüfung,fix,"HO20, Hörsaal 15 Carl-Lindner-Hörsaal (WZWH15) (4214.EG.020) ",09.10.2023,08:00  ,09:30
CH0142,Allgemeine und anorganische Chemie mit Praktikum ,Professur für Molekulare Katalyse (Prof. Kühn) ,Nachbereitung,Modulprüfung,fix,"HO20, Hörsaal 15 Carl-Lindner-Hörsaal (WZWH15) (4214.EG.020) ",09.10.2023,09:30  ,10:00
CH0226-1,Molekulare Medizin ,Lehrstuhl für Biochemie (Prof. Groll) ,Aufbau u. Vorbereitung,Modulprüfung,fix,"00.5901.051, Hörsaal (5901.EG.051) ",02.08.2023,10:30  ,11:00
CH0226-1,Molekulare Medizin ,Lehrstuhl für Biochemie (Prof. Groll) ,Prüfungstermin,Modulprüfung,fix,"00.5901.051, Hörsaal (5901.EG.051) ",02.08.2023,11:00  ,12:30
CH0226-1,Molekulare Medizin ,Lehrstuhl für Biochemie (Prof. Groll) ,Nachbereitung,Modulprüfung,fix,"00.5901.051, Hörsaal (5901.EG.051) ",02.08.2023,12:30  ,13:00
CH0300,Angewandte Biopolymere und Biomaterialien ,Wacker-Lehrstuhl für Makromolekulare Chemie (Prof. Rieger) ,Aufbau u. Vorbereitung,Modulprüfung,fix,"CH 27402, Walter-Hieber-Hörsaal (5407.01.740B) ",02.10.2023,10:30  ,11:00
CH0300,Angewandte Biopolymere und Biomaterialien ,Wacker-Lehrstuhl für Makromolekulare Chemie (Prof. Rieger) ,Prüfungstermin,Modulprüfung,fix,"CH 27402, Walter-Hieber-Hörsaal (5407.01.740B) ",02.10.2023,11:00  ,12:30
CH0300,Angewandte Biopolymere und Biomaterialien ,Wacker-Lehrstuhl für Makromolekulare Chemie (Prof. Rieger) ,Nachbereitung,Modulprüfung,fix,"CH 27402, Walter-Hieber-Hörsaal (5407.01.740B) ",02.10.2023,12:30  ,13:00
CH0350,Grundlagen der Biologie und Biochemie ,Lehrstuhl für Synthetische Biotechnologie (Prof. Brück) ,Aufbau u. Vorbereitung,Modulprüfung,fix,"2501, Rudolf-Mößbauer-Hörsaal (5101.EG.501) ",10.08.2023,10:30  ,11:00
CH0350,Grundlagen der Biologie und Biochemie ,Lehrstuhl für Synthetische Biotechnologie (Prof. Brück) ,Prüfungstermin,Modulprüfung,fix,"2501, Rudolf-Mößbauer-Hörsaal (5101.EG.501) ",10.08.2023,11:00  ,12:30
CH0350,Grundlagen der Biologie und Biochemie ,Lehrstuhl für Synthetische Biotechnologie (Prof. Brück) ,Nachbereitung,Modulprüfung,fix,"2501, Rudolf-Mößbauer-Hörsaal (5101.EG.501) ",10.08.2023,12:30  ,13:00
CH0350,Grundlagen der Biologie und Biochemie ,Lehrstuhl für Synthetische Biotechnologie (Prof. Brück) ,Aufbau u. Vorbereitung,Modulprüfung,fix,"003, Hörsaal 2, ""Interims II"" (5416.01.003) ",13.10.2023,13:00  ,13:30
CH0350,Grundlagen der Biologie und Biochemie ,Lehrstuhl für Synthetische Biotechnologie (Prof. Brück) ,Prüfungstermin,Modulprüfung,fix,"003, Hörsaal 2, ""Interims II"" (5416.01.003) ",13.10.2023,13:30  ,15:00
CH0350,Grundlagen der Biologie und Biochemie ,Lehrstuhl für Synthetische Biotechnologie (Prof. Brück) ,Nachbereitung,Modulprüfung,fix,"003, Hörsaal 2, ""Interims II"" (5416.01.003) ",13.10.2023,15:00  ,15:30
CH0437,Zelluläre Biochemie 2 ,Professur für Zelluläre Proteinbiochemie (Prof. Feige) ,Aufbau u. Vorbereitung,Modulprüfung,fix,"CH 21010, Hans-Fischer-Hörsaal (5401.01.101K) ",27.07.2023,10:30  ,11:00
CH0437,Zelluläre Biochemie 2 ,Professur für Zelluläre Proteinbiochemie (Prof. Feige) ,Prüfungstermin,Modulprüfung,fix,"CH 21010, Hans-Fischer-Hörsaal (5401.01.101K) ",27.07.2023,11:00  ,12:30
CH0437,Zelluläre Biochemie 2 ,Professur für Zelluläre Proteinbiochemie (Prof. Feige) ,Nachbereitung,Modulprüfung,fix,"CH 21010, Hans-Fischer-Hörsaal (5401.01.101K) ",27.07.2023,12:30  ,13:00
CH0437,Zelluläre Biochemie 2 ,Professur für Zelluläre Proteinbiochemie (Prof. Feige) ,Aufbau u. Vorbereitung,Modulprüfung,fix,"0001, ZEI-Seminarraum (5414.EG.001) ",13.10.2023,13:00  ,13:30
CH0437,Zelluläre Biochemie 2 ,Professur für Zelluläre Proteinbiochemie (Prof. Feige) ,Prüfungstermin,Modulprüfung,fix,"0001, ZEI-Seminarraum (5414.EG.001) ",13.10.2023,13:30  ,15:00
CH0437,Zelluläre Biochemie 2 ,Professur für Zelluläre Proteinbiochemie (Prof. Feige) ,Nachbereitung,Modulprüfung,fix,"0001, ZEI-Seminarraum (5414.EG.001) ",13.10.2023,15:00  ,15:30
CH0575-2,Allgemeine und Anorganische Chemie ,Professur für Anorganische Chemie (Prof. Köhler) ,Aufbau u. Vorbereitung,Modulprüfung,fix,"003, Hörsaal 2, ""Interims II"" (5416.01.003) ",28.07.2023,10:30  ,11:00
CH0575-2,Allgemeine und Anorganische Chemie ,Professur für Anorganische Chemie (Prof. Köhler) ,Prüfungstermin,Modulprüfung,fix,"003, Hörsaal 2, ""Interims II"" (5416.01.003) ",28.07.2023,11:00  ,12:30
CH0575-2,Allgemeine und Anorganische Chemie ,Professur für Anorganische Chemie (Prof. Köhler) ,Nachbereitung,Modulprüfung,fix,"003, Hörsaal 2, ""Interims II"" (5416.01.003) ",28.07.2023,12:30  ,13:00
CH0604,Mechanische Verfahrenstechnik ,Lehrstuhl für Technische Chemie I (Prof. Hinrichsen) ,Aufbau u. Vorbereitung,Modulprüfung,fix,"CH 27402, Walter-Hieber-Hörsaal (5407.01.740B) ",25.07.2023,10:30  ,11:00
CH0604,Mechanische Verfahrenstechnik ,Lehrstuhl für Technische Chemie I (Prof. Hinrichsen) ,Prüfungstermin,Modulprüfung,fix,"CH 27402, Walter-Hieber-Hörsaal (5407.01.740B) ",25.07.2023,11:00  ,12:30
CH0604,Mechanische Verfahrenstechnik ,Lehrstuhl für Technische Chemie I (Prof. Hinrichsen) ,Nachbereitung,Modulprüfung,fix,"CH 27402, Walter-Hieber-Hörsaal (5407.01.740B) ",25.07.2023,12:30  ,13:00
CH0632,Allgemeine und Anorganische Experimentalchemie ,Professur für Molekulare Katalyse (Prof. Kühn) ,Aufbau u. Vorbereitung,Modulprüfung,fix,"HO10, Hörsaal 16 Carl-Kronacher-Hörsaal (WZWH16) (4214.EG.010) ",13.10.2023,07:30  ,08:00
CH0632,Allgemeine und Anorganische Experimentalchemie ,Professur für Molekulare Katalyse (Prof. Kühn) ,Prüfungstermin,Modulprüfung,fix,"HO10, Hörsaal 16 Carl-Kronacher-Hörsaal (WZWH16) (4214.EG.010) ",13.10.2023,08:00  ,09:30
CH0632,Allgemeine und Anorganische Experimentalchemie ,Professur für Molekulare Katalyse (Prof. Kühn) ,Nachbereitung,Modulprüfung,fix,"HO10, Hörsaal 16 Carl-Kronacher-Hörsaal (WZWH16) (4214.EG.010) ",13.10.2023,09:30  ,10:00
CH0632,Allgemeine und Anorganische Experimentalchemie ,Professur für Molekulare Katalyse (Prof. Kühn) ,Aufbau u. Vorbereitung,Modulprüfung,fix,"HO20, Hörsaal 15 Carl-Lindner-Hörsaal (WZWH15) (4214.EG.020) ",13.10.2023,07:30  ,08:00
CH0632,Allgemeine und Anorganische Experimentalchemie ,Professur für Molekulare Katalyse (Prof. Kühn) ,Prüfungstermin,Modulprüfung,fix,"HO20, Hörsaal 15 Carl-Lindner-Hörsaal (WZWH15) (4214.EG.020) ",13.10.2023,08:00  ,09:30
CH0632,Allgemeine und Anorganische Experimentalchemie ,Professur für Molekulare Katalyse (Prof. Kühn) ,Nachbereitung,Modulprüfung,fix,"HO20, Hörsaal 15 Carl-Lindner-Hörsaal (WZWH15) (4214.EG.020) ",13.10.2023,09:30  ,10:00
CH0655,Physikalische Chemie 1 ,Lehrstuhl für Technische Elektrochemie (Prof. Gasteiger) ,Aufbau u. Vorbereitung,Modulprüfung,fix,"CH 27402, Walter-Hieber-Hörsaal (5407.01.740B) ",02.08.2023,13:00  ,13:30
CH0655,Physikalische Chemie 1 ,Lehrstuhl für Technische Elektrochemie (Prof. Gasteiger) ,Prüfungstermin,Modulprüfung,fix,"CH 27402, Walter-Hieber-Hörsaal (5407.01.740B) ",02.08.2023,13:30  ,15:00
CH0655,Physikalische Chemie 1 ,Lehrstuhl für Technische Elektrochemie (Prof. Gasteiger) ,Nachbereitung,Modulprüfung,fix,"CH 27402, Walter-Hieber-Hörsaal (5407.01.740B) ",02.08.2023,15:00  ,15:30
CH0655,Physikalische Chemie 1 ,Lehrstuhl für Technische Elektrochemie (Prof. Gasteiger) ,Aufbau u. Vorbereitung,Modulprüfung,fix,"CH 22210, Ivar-Ugi-Hörsaal (5402.01.221K) ",02.08.2023,13:00  ,13:30
CH0655,Physikalische Chemie 1 ,Lehrstuhl für Technische Elektrochemie (Prof. Gasteiger) ,Prüfungstermin,Modulprüfung,fix,"CH 22210, Ivar-Ugi-Hörsaal (5402.01.221K) ",02.08.2023,13:30  ,15:00
CH0655,Physikalische Chemie 1 ,Lehrstuhl für Technische Elektrochemie (Prof. Gasteiger) ,Nachbereitung,Modulprüfung,fix,"CH 22210, Ivar-Ugi-Hörsaal (5402.01.221K) ",02.08.2023,15:00  ,15:30
CH0657,Biochemie 3: Biologische Makromoleküle: Struktur und Funktion ,Lehrstuhl für Biochemie (Prof. Groll) ,Aufbau u. Vorbereitung,Modulprüfung,fix,"CH 26410, Übungsraum (5406.01.641K) ",01.08.2023,13:00  ,13:30
CH0657,Biochemie 3: Biologische Makromoleküle: Struktur und Funktion ,Lehrstuhl für Biochemie (Prof. Groll) ,Prüfungstermin,Modulprüfung,fix,"CH 26410, Übungsraum (5406.01.641K) ",01.08.2023,13:30  ,15:00
CH0657,Biochemie 3: Biologische Makromoleküle: Struktur und Funktion ,Lehrstuhl für Biochemie (Prof. Groll) ,Nachbereitung,Modulprüfung,fix,"CH 26410, Übungsraum (5406.01.641K) ",01.08.2023,15:00  ,15:30
CH0657,Biochemie 3: Biologische Makromoleküle: Struktur und Funktion ,Lehrstuhl für Biochemie (Prof. Groll) ,Aufbau u. Vorbereitung,Modulprüfung,fix,"CH 21010, Hans-Fischer-Hörsaal (5401.01.101K) ",09.10.2023,10:30  ,11:00
CH0657,Biochemie 3: Biologische Makromoleküle: Struktur und Funktion ,Lehrstuhl für Biochemie (Prof. Groll) ,Prüfungstermin,Modulprüfung,fix,"CH 21010, Hans-Fischer-Hörsaal (5401.01.101K) ",09.10.2023,11:00  ,12:30
CH0657,Biochemie 3: Biologische Makromoleküle: Struktur und Funktion ,Lehrstuhl für Biochemie (Prof. Groll) ,Nachbereitung,Modulprüfung,fix,"CH 21010, Hans-Fischer-Hörsaal (5401.01.101K) ",09.10.2023,12:30  ,13:00
CH0660,Einführung in die Biotechnologie ,Lehrstuhl für Biotechnologie (Prof. Buchner) ,Aufbau u. Vorbereitung,Modulprüfung,fix,"CH 21010, Hans-Fischer-Hörsaal (5401.01.101K) ",11.08.2023,13:00  ,13:30
CH0660,Einführung in die Biotechnologie ,Lehrstuhl für Biotechnologie (Prof. Buchner) ,Prüfungstermin,Modulprüfung,fix,"CH 21010, Hans-Fischer-Hörsaal (5401.01.101K) ",11.08.2023,13:30  ,15:00
CH0660,Einführung in die Biotechnologie ,Lehrstuhl für Biotechnologie (Prof. Buchner) ,Nachbereitung,Modulprüfung,fix,"CH 21010, Hans-Fischer-Hörsaal (5401.01.101K) ",11.08.2023,15:00  ,15:30
CH0660,Einführung in die Biotechnologie ,Lehrstuhl für Biotechnologie (Prof. Buchner) ,Aufbau u. Vorbereitung,Modulprüfung,fix,"1550, Georg-Kühne-Zeichensaal (5505.01.550) ",11.08.2023,13:00  ,13:30
CH0660,Einführung in die Biotechnologie ,Lehrstuhl für Biotechnologie (Prof. Buchner) ,Prüfungstermin,Modulprüfung,fix,"1550, Georg-Kühne-Zeichensaal (5505.01.550) ",11.08.2023,13:30  ,15:00
CH0660,Einführung in die Biotechnologie ,Lehrstuhl für Biotechnologie (Prof. Buchner) ,Nachbereitung,Modulprüfung,fix,"1550, Georg-Kühne-Zeichensaal (5505.01.550) ",11.08.2023,15:00  ,15:30
CH0660,Einführung in die Biotechnologie ,Lehrstuhl für Biotechnologie (Prof. Buchner) ,Aufbau u. Vorbereitung,Modulprüfung,fix,"CH 22210, Ivar-Ugi-Hörsaal (5402.01.221K) ",11.08.2023,13:00  ,13:30
CH0660,Einführung in die Biotechnologie ,Lehrstuhl für Biotechnologie (Prof. Buchner) ,Prüfungstermin,Modulprüfung,fix,"CH 22210, Ivar-Ugi-Hörsaal (5402.01.221K) ",11.08.2023,13:30  ,15:00
CH0660,Einführung in die Biotechnologie ,Lehrstuhl für Biotechnologie (Prof. Buchner) ,Nachbereitung,Modulprüfung,fix,"CH 22210, Ivar-Ugi-Hörsaal (5402.01.221K) ",11.08.2023,15:00  ,15:30
CH0663,Zelluläre Biochemie 1 ,Lehrstuhl für Biotechnologie (Prof. Buchner) ,Aufbau u. Vorbereitung,Modulprüfung,fix,"CH 22209, Übungsraum (5402.01.220J) ",01.08.2023,15:00  ,15:30
CH0663,Zelluläre Biochemie 1 ,Lehrstuhl für Biotechnologie (Prof. Buchner) ,Prüfungstermin,Modulprüfung,fix,"CH 22209, Übungsraum (5402.01.220J) ",01.08.2023,15:30  ,17:00
CH0663,Zelluläre Biochemie 1 ,Lehrstuhl für Biotechnologie (Prof. Buchner) ,Nachbereitung,Modulprüfung,fix,"CH 22209, Übungsraum (5402.01.220J) ",01.08.2023,17:00  ,17:30
CH0663,Zelluläre Biochemie 1 ,Lehrstuhl für Biotechnologie (Prof. Buchner) ,Aufbau u. Vorbereitung,Modulprüfung,fix,"CH 27402, Walter-Hieber-Hörsaal (5407.01.740B) ",09.10.2023,15:00  ,15:30
CH0663,Zelluläre Biochemie 1 ,Lehrstuhl für Biotechnologie (Prof. Buchner) ,Prüfungstermin,Modulprüfung,fix,"CH 27402, Walter-Hieber-Hörsaal (5407.01.740B) ",09.10.2023,15:30  ,17:00
CH0663,Zelluläre Biochemie 1 ,Lehrstuhl für Biotechnologie (Prof. Buchner) ,Nachbereitung,Modulprüfung,fix,"CH 27402, Walter-Hieber-Hörsaal (5407.01.740B) ",09.10.2023,17:00  ,17:30
CH0665,Physikalische Chemie 2 ,Professur für Physikalische Chemie mit Schwerpunkt Katalyse (Prof. Günther) ,Aufbau u. Vorbereitung,Modulprüfung,fix,Hörsaal im Galileo nur Mo-Do 7-19 Uhr (8120.EG.001) ,09.08.2023,10:30  ,11:00
CH0665,Physikalische Chemie 2 ,Professur für Physikalische Chemie mit Schwerpunkt Katalyse (Prof. Günther) ,Prüfungstermin,Modulprüfung,fix,Hörsaal im Galileo nur Mo-Do 7-19 Uhr (8120.EG.001) ,09.08.2023,11:00  ,12:30
CH0665,Physikalische Chemie 2 ,Professur für Physikalische Chemie mit Schwerpunkt Katalyse (Prof. Günther) ,Nachbereitung,Modulprüfung,fix,Hörsaal im Galileo nur Mo-Do 7-19 Uhr (8120.EG.001) ,09.08.2023,12:30  ,13:00
CH0665,Physikalische Chemie 2 ,Professur für Physikalische Chemie mit Schwerpunkt Katalyse (Prof. Günther) ,Aufbau u. Vorbereitung,Modulprüfung,fix,"00.5901.051, Hörsaal (5901.EG.051) ",09.08.2023,10:30  ,11:00
CH0665,Physikalische Chemie 2 ,Professur für Physikalische Chemie mit Schwerpunkt Katalyse (Prof. Günther) ,Prüfungstermin,Modulprüfung,fix,"00.5901.051, Hörsaal (5901.EG.051) ",09.08.2023,11:00  ,12:30
CH0665,Physikalische Chemie 2 ,Professur für Physikalische Chemie mit Schwerpunkt Katalyse (Prof. Günther) ,Nachbereitung,Modulprüfung,fix,"00.5901.051, Hörsaal (5901.EG.051) ",09.08.2023,12:30  ,13:00
CH0665,Physikalische Chemie 2 ,Professur für Physikalische Chemie mit Schwerpunkt Katalyse (Prof. Günther) ,Aufbau u. Vorbereitung,Modulprüfung,fix,"102, Hörsaal 2, ""Interims I"" (5620.01.102) ",09.08.2023,10:30  ,11:00
CH0665,Physikalische Chemie 2 ,Professur für Physikalische Chemie mit Schwerpunkt Katalyse (Prof. Günther) ,Prüfungstermin,Modulprüfung,fix,"102, Hörsaal 2, ""Interims I"" (5620.01.102) ",09.08.2023,11:00  ,12:30
CH0665,Physikalische Chemie 2 ,Professur für Physikalische Chemie mit Schwerpunkt Katalyse (Prof. Günther) ,Nachbereitung,Modulprüfung,fix,"102, Hörsaal 2, ""Interims I"" (5620.01.102) ",09.08.2023,12:30  ,13:00
CH0665,Physikalische Chemie 2 ,Professur für Physikalische Chemie mit Schwerpunkt Katalyse (Prof. Günther) ,Aufbau u. Vorbereitung,Modulprüfung,fix,"CH 21010, Hans-Fischer-Hörsaal (5401.01.101K) ",28.09.2023,13:00  ,13:30
CH0665,Physikalische Chemie 2 ,Professur für Physikalische Chemie mit Schwerpunkt Katalyse (Prof. Günther) ,Prüfungstermin,Modulprüfung,fix,"CH 21010, Hans-Fischer-Hörsaal (5401.01.101K) ",28.09.2023,13:30  ,15:00
CH0665,Physikalische Chemie 2 ,Professur für Physikalische Chemie mit Schwerpunkt Katalyse (Prof. Günther) ,Nachbereitung,Modulprüfung,fix,"CH 21010, Hans-Fischer-Hörsaal (5401.01.101K) ",28.09.2023,15:00  ,15:30
CH0665,Physikalische Chemie 2 ,Professur für Physikalische Chemie mit Schwerpunkt Katalyse (Prof. Günther) ,Aufbau u. Vorbereitung,Modulprüfung,fix,"101, Hörsaal 1, ""Interims I"" (5620.01.101) ",28.09.2023,13:00  ,13:30
CH0665,Physikalische Chemie 2 ,Professur für Physikalische Chemie mit Schwerpunkt Katalyse (Prof. Günther) ,Prüfungstermin,Modulprüfung,fix,"101, Hörsaal 1, ""Interims I"" (5620.01.101) ",28.09.2023,13:30  ,15:00
CH0665,Physikalische Chemie 2 ,Professur für Physikalische Chemie mit Schwerpunkt Katalyse (Prof. Günther) ,Nachbereitung,Modulprüfung,fix,"101, Hörsaal 1, ""Interims I"" (5620.01.101) ",28.09.2023,15:00  ,15:30
CH0780,Chemie in Alltag und Technik ,Wacker-Lehrstuhl für Makromolekulare Chemie (Prof. Rieger) ,Aufbau u. Vorbereitung,Modulprüfung,fix,"00.5901.051, Hörsaal (5901.EG.051) ",01.08.2023,13:00  ,13:30
CH0780,Chemie in Alltag und Technik ,Wacker-Lehrstuhl für Makromolekulare Chemie (Prof. Rieger) ,Prüfungstermin,Modulprüfung,fix,"00.5901.051, Hörsaal (5901.EG.051) ",01.08.2023,13:30  ,15:00
CH0780,Chemie in Alltag und Technik ,Wacker-Lehrstuhl für Makromolekulare Chemie (Prof. Rieger) ,Nachbereitung,Modulprüfung,fix,"00.5901.051, Hörsaal (5901.EG.051) ",01.08.2023,15:00  ,15:30
CH0780,Chemie in Alltag und Technik ,Wacker-Lehrstuhl für Makromolekulare Chemie (Prof. Rieger) ,Aufbau u. Vorbereitung,Modulprüfung,fix,"CH 26411, Emil-Erlenmeyer-Hörsaal (5406.01.641A) ",01.08.2023,13:00  ,13:30
CH0780,Chemie in Alltag und Technik ,Wacker-Lehrstuhl für Makromolekulare Chemie (Prof. Rieger) ,Prüfungstermin,Modulprüfung,fix,"CH 26411, Emil-Erlenmeyer-Hörsaal (5406.01.641A) ",01.08.2023,13:30  ,15:00
CH0780,Chemie in Alltag und Technik ,Wacker-Lehrstuhl für Makromolekulare Chemie (Prof. Rieger) ,Nachbereitung,Modulprüfung,fix,"CH 26411, Emil-Erlenmeyer-Hörsaal (5406.01.641A) ",01.08.2023,15:00  ,15:30
CH0780,Chemie in Alltag und Technik ,Wacker-Lehrstuhl für Makromolekulare Chemie (Prof. Rieger) ,Aufbau u. Vorbereitung,Modulprüfung,fix,"CH 21010, Hans-Fischer-Hörsaal (5401.01.101K) ",11.10.2023,13:00  ,13:30
CH0780,Chemie in Alltag und Technik ,Wacker-Lehrstuhl für Makromolekulare Chemie (Prof. Rieger) ,Prüfungstermin,Modulprüfung,fix,"CH 21010, Hans-Fischer-Hörsaal (5401.01.101K) ",11.10.2023,13:30  ,15:00
CH0780,Chemie in Alltag und Technik ,Wacker-Lehrstuhl für Makromolekulare Chemie (Prof. Rieger) ,Nachbereitung,Modulprüfung,fix,"CH 21010, Hans-Fischer-Hörsaal (5401.01.101K) ",11.10.2023,15:00  ,15:30
CH0864,Aufbau und Struktur organischer Verbindungen ,Professur für Strukturelle Membranbiochemie (Prof. Hagn) ,Aufbau u. Vorbereitung,Modulprüfung,fix,"2502, Physik Hörsaal 2 (5101.EG.502) ",26.07.2023,13:00  ,13:30
CH0864,Aufbau und Struktur organischer Verbindungen ,Professur für Strukturelle Membranbiochemie (Prof. Hagn) ,Prüfungstermin,Modulprüfung,fix,"2502, Physik Hörsaal 2 (5101.EG.502) ",26.07.2023,13:30  ,15:00
CH0864,Aufbau und Struktur organischer Verbindungen ,Professur für Strukturelle Membranbiochemie (Prof. Hagn) ,Nachbereitung,Modulprüfung,fix,"2502, Physik Hörsaal 2 (5101.EG.502) ",26.07.2023,15:00  ,15:30
CH0864,Aufbau und Struktur organischer Verbindungen ,Professur für Strukturelle Membranbiochemie (Prof. Hagn) ,Aufbau u. Vorbereitung,Modulprüfung,fix,"CH 22210, Ivar-Ugi-Hörsaal (5402.01.221K) ",26.07.2023,13:00  ,13:30
CH0864,Aufbau und Struktur organischer Verbindungen ,Professur für Strukturelle Membranbiochemie (Prof. Hagn) ,Prüfungstermin,Modulprüfung,fix,"CH 22210, Ivar-Ugi-Hörsaal (5402.01.221K) ",26.07.2023,13:30  ,15:00
CH0864,Aufbau und Struktur organischer Verbindungen ,Professur für Strukturelle Membranbiochemie (Prof. Hagn) ,Nachbereitung,Modulprüfung,fix,"CH 22210, Ivar-Ugi-Hörsaal (5402.01.221K) ",26.07.2023,15:00  ,15:30
CH0864,Aufbau und Struktur organischer Verbindungen ,Professur für Strukturelle Membranbiochemie (Prof. Hagn) ,Aufbau u. Vorbereitung,Modulprüfung,fix,"102, Hörsaal 2, ""Interims I"" (5620.01.102) ",27.09.2023,13:00  ,13:30
CH0864,Aufbau und Struktur organischer Verbindungen ,Professur für Strukturelle Membranbiochemie (Prof. Hagn) ,Prüfungstermin,Modulprüfung,fix,"102, Hörsaal 2, ""Interims I"" (5620.01.102) ",27.09.2023,13:30  ,15:00
CH0864,Aufbau und Struktur organischer Verbindungen ,Professur für Strukturelle Membranbiochemie (Prof. Hagn) ,Nachbereitung,Modulprüfung,fix,"102, Hörsaal 2, ""Interims I"" (5620.01.102) ",27.09.2023,15:00  ,15:30
CH0950,Biochemie 3 ,Lehrstuhl für Biotechnologie (Prof. Buchner) ,Aufbau u. Vorbereitung,Modulprüfung,fix,"CH 27402, Walter-Hieber-Hörsaal (5407.01.740B) ",01.08.2023,13:00  ,13:30
CH0950,Biochemie 3 ,Lehrstuhl für Biotechnologie (Prof. Buchner) ,Prüfungstermin,Modulprüfung,fix,"CH 27402, Walter-Hieber-Hörsaal (5407.01.740B) ",01.08.2023,13:30  ,16:30
CH0950,Biochemie 3 ,Lehrstuhl für Biotechnologie (Prof. Buchner) ,Nachbereitung,Modulprüfung,fix,"CH 27402, Walter-Hieber-Hörsaal (5407.01.740B) ",01.08.2023,16:30  ,17:00
CH0950,Biochemie 3 ,Lehrstuhl für Biotechnologie (Prof. Buchner) ,Aufbau u. Vorbereitung,Modulprüfung,fix,"0001, ZEI-Seminarraum (5414.EG.001) ",01.08.2023,13:00  ,13:30
CH0950,Biochemie 3 ,Lehrstuhl für Biotechnologie (Prof. Buchner) ,Prüfungstermin,Modulprüfung,fix,"0001, ZEI-Seminarraum (5414.EG.001) ",01.08.2023,13:30  ,16:30
CH0950,Biochemie 3 ,Lehrstuhl für Biotechnologie (Prof. Buchner) ,Nachbereitung,Modulprüfung,fix,"0001, ZEI-Seminarraum (5414.EG.001) ",01.08.2023,16:30  ,17:00
CH0950,Biochemie 3 ,Lehrstuhl für Biotechnologie (Prof. Buchner) ,Aufbau u. Vorbereitung,Modulprüfung,fix,"1350, Ludwig-Burmester-Zeichensaal (5503.01.350) ",01.08.2023,13:00  ,13:30
CH0950,Biochemie 3 ,Lehrstuhl für Biotechnologie (Prof. Buchner) ,Prüfungstermin,Modulprüfung,fix,"1350, Ludwig-Burmester-Zeichensaal (5503.01.350) ",01.08.2023,13:30  ,16:30
CH0950,Biochemie 3 ,Lehrstuhl für Biotechnologie (Prof. Buchner) ,Nachbereitung,Modulprüfung,fix,"1350, Ludwig-Burmester-Zeichensaal (5503.01.350) ",01.08.2023,16:30  ,17:00
CH0950,Biochemie 3 ,Lehrstuhl für Biotechnologie (Prof. Buchner) ,Aufbau u. Vorbereitung,Modulprüfung,fix,"004, Hörsaal 1 ""Interims II"" (5416.01.004) ",01.08.2023,13:00  ,13:30
CH0950,Biochemie 3 ,Lehrstuhl für Biotechnologie (Prof. Buchner) ,Prüfungstermin,Modulprüfung,fix,"004, Hörsaal 1 ""Interims II"" (5416.01.004) ",01.08.2023,13:30  ,16:30
CH0950,Biochemie 3 ,Lehrstuhl für Biotechnologie (Prof. Buchner) ,Nachbereitung,Modulprüfung,fix,"004, Hörsaal 1 ""Interims II"" (5416.01.004) ",01.08.2023,16:30  ,17:00
CH0950,Biochemie 3 ,Lehrstuhl für Biotechnologie (Prof. Buchner) ,Aufbau u. Vorbereitung,Modulprüfung,fix,Hörsaal im Galileo nur Mo-Do 7-19 Uhr (8120.EG.001) ,09.10.2023,10:30  ,11:00
CH0950,Biochemie 3 ,Lehrstuhl für Biotechnologie (Prof. Buchner) ,Prüfungstermin,Modulprüfung,fix,Hörsaal im Galileo nur Mo-Do 7-19 Uhr (8120.EG.001) ,09.10.2023,11:00  ,14:00
CH0950,Biochemie 3 ,Lehrstuhl für Biotechnologie (Prof. Buchner) ,Nachbereitung,Modulprüfung,fix,Hörsaal im Galileo nur Mo-Do 7-19 Uhr (8120.EG.001) ,09.10.2023,14:00  ,14:30
CH0953,Bioanorganische Chemie und Spurenanalytik ,Lehrstuhl für Biochemie (Prof. Groll) ,Aufbau u. Vorbereitung,Modulprüfung,fix,MW 2001 Rudolf-Diesel-Hörsaal (5510.02.001) ,04.08.2023,10:30  ,11:00
CH0953,Bioanorganische Chemie und Spurenanalytik ,Lehrstuhl für Biochemie (Prof. Groll) ,Prüfungstermin,Modulprüfung,fix,MW 2001 Rudolf-Diesel-Hörsaal (5510.02.001) ,04.08.2023,11:00  ,12:30
CH0953,Bioanorganische Chemie und Spurenanalytik ,Lehrstuhl für Biochemie (Prof. Groll) ,Nachbereitung,Modulprüfung,fix,MW 2001 Rudolf-Diesel-Hörsaal (5510.02.001) ,04.08.2023,12:30  ,13:00
CH0953,Bioanorganische Chemie und Spurenanalytik ,Lehrstuhl für Biochemie (Prof. Groll) ,Aufbau u. Vorbereitung,Modulprüfung,fix,"00.5901.051, Hörsaal (5901.EG.051) ",02.10.2023,10:30  ,11:00
CH0953,Bioanorganische Chemie und Spurenanalytik ,Lehrstuhl für Biochemie (Prof. Groll) ,Prüfungstermin,Modulprüfung,fix,"00.5901.051, Hörsaal (5901.EG.051) ",02.10.2023,11:00  ,12:30
CH0953,Bioanorganische Chemie und Spurenanalytik ,Lehrstuhl für Biochemie (Prof. Groll) ,Nachbereitung,Modulprüfung,fix,"00.5901.051, Hörsaal (5901.EG.051) ",02.10.2023,12:30  ,12:30
CH1090,Einführung in die Organische Chemie ,Lehrstuhl für Organische Chemie I (Prof. Bach) ,Aufbau u. Vorbereitung,Modulprüfung,fix,"1200, Carl-von-Linde-Hörsaal (0502.01.200) ",10.08.2023,13:00  ,13:30
CH1090,Einführung in die Organische Chemie ,Lehrstuhl für Organische Chemie I (Prof. Bach) ,Prüfungstermin,Modulprüfung,fix,"1200, Carl-von-Linde-Hörsaal (0502.01.200) ",10.08.2023,13:30  ,15:00
CH1090,Einführung in die Organische Chemie ,Lehrstuhl für Organische Chemie I (Prof. Bach) ,Nachbereitung,Modulprüfung,fix,"1200, Carl-von-Linde-Hörsaal (0502.01.200) ",10.08.2023,15:00  ,15:30
CH1090,Einführung in die Organische Chemie ,Lehrstuhl für Organische Chemie I (Prof. Bach) ,Aufbau u. Vorbereitung,Modulprüfung,fix,"MW 0001, Gustav-Niemann-Hörsaal (5510.EG.001) ",28.09.2023,13:00  ,13:30
CH1090,Einführung in die Organische Chemie ,Lehrstuhl für Organische Chemie I (Prof. Bach) ,Prüfungstermin,Modulprüfung,fix,"MW 0001, Gustav-Niemann-Hörsaal (5510.EG.001) ",28.09.2023,13:30  ,15:00
CH1090,Einführung in die Organische Chemie ,Lehrstuhl für Organische Chemie I (Prof. Bach) ,Nachbereitung,Modulprüfung,fix,"MW 0001, Gustav-Niemann-Hörsaal (5510.EG.001) ",28.09.2023,15:00  ,15:30
CH1091,Grundlagen der Physikalischen Chemie 1 ,Professur für Dynamische Spektroskopien (Prof. Hauer) ,Aufbau u. Vorbereitung,Modulprüfung,fix,"101, Hörsaal 1, ""Interims I"" (5620.01.101) ",24.07.2023,13:00  ,13:30
CH1091,Grundlagen der Physikalischen Chemie 1 ,Professur für Dynamische Spektroskopien (Prof. Hauer) ,Prüfungstermin,Modulprüfung,fix,"101, Hörsaal 1, ""Interims I"" (5620.01.101) ",24.07.2023,13:30  ,15:00
CH1091,Grundlagen der Physikalischen Chemie 1 ,Professur für Dynamische Spektroskopien (Prof. Hauer) ,Nachbereitung,Modulprüfung,fix,"101, Hörsaal 1, ""Interims I"" (5620.01.101) ",24.07.2023,15:00  ,15:30
CH1091,Grundlagen der Physikalischen Chemie 1 ,Professur für Dynamische Spektroskopien (Prof. Hauer) ,Aufbau u. Vorbereitung,Modulprüfung,fix,"00.02.001, MI HS 1, Friedrich L. Bauer Hörsaal (5602.EG.001) ",24.07.2023,13:00  ,13:30
CH1091,Grundlagen der Physikalischen Chemie 1 ,Professur für Dynamische Spektroskopien (Prof. Hauer) ,Prüfungstermin,Modulprüfung,fix,"00.02.001, MI HS 1, Friedrich L. Bauer Hörsaal (5602.EG.001) ",24.07.2023,13:30  ,15:00
CH1091,Grundlagen der Physikalischen Chemie 1 ,Professur für Dynamische Spektroskopien (Prof. Hauer) ,Nachbereitung,Modulprüfung,fix,"00.02.001, MI HS 1, Friedrich L. Bauer Hörsaal (5602.EG.001) ",24.07.2023,15:00  ,15:30
CH1102,Chemie ,Lehrstuhl für Anorganische Chemie mit Schwerpunkt Neue Materialien (Prof. Fässler) ,Aufbau u. Vorbereitung,Modulprüfung,fix,"CH 22210, Ivar-Ugi-Hörsaal (5402.01.221K) ",05.08.2023,10:00  ,10:30
CH1102,Chemie ,Lehrstuhl für Anorganische Chemie mit Schwerpunkt Neue Materialien (Prof. Fässler) ,Prüfungstermin,Modulprüfung,fix,"CH 22210, Ivar-Ugi-Hörsaal (5402.01.221K) ",05.08.2023,10:30  ,12:00
CH1102,Chemie ,Lehrstuhl für Anorganische Chemie mit Schwerpunkt Neue Materialien (Prof. Fässler) ,Nachbereitung,Modulprüfung,fix,"CH 22210, Ivar-Ugi-Hörsaal (5402.01.221K) ",05.08.2023,12:00  ,12:30
CH1104,Allgemeine und Anorganische Chemie ,Professur für Dynamische Spektroskopien (Prof. Hauer) ,Aufbau u. Vorbereitung,Modulprüfung,geplant,"1450, Willy-Messerschmitt-Zeichensaal (5504.01.450) ",02.08.2023,13:00  ,13:30
CH1104,Allgemeine und Anorganische Chemie ,Professur für Dynamische Spektroskopien (Prof. Hauer) ,Prüfungstermin,Modulprüfung,geplant,"1450, Willy-Messerschmitt-Zeichensaal (5504.01.450) ",02.08.2023,13:30  ,15:00
CH1104,Allgemeine und Anorganische Chemie ,Professur für Dynamische Spektroskopien (Prof. Hauer) ,Nachbereitung,Modulprüfung,geplant,"1450, Willy-Messerschmitt-Zeichensaal (5504.01.450) ",02.08.2023,15:00  ,15:30
CH1104,Allgemeine und Anorganische Chemie ,Professur für Dynamische Spektroskopien (Prof. Hauer) ,Aufbau u. Vorbereitung,Modulprüfung,fix,"1550, Georg-Kühne-Zeichensaal (5505.01.550) ",02.08.2023,13:00  ,13:30
CH1104,Allgemeine und Anorganische Chemie ,Professur für Dynamische Spektroskopien (Prof. Hauer) ,Prüfungstermin,Modulprüfung,fix,"1550, Georg-Kühne-Zeichensaal (5505.01.550) ",02.08.2023,13:30  ,15:00
CH1104,Allgemeine und Anorganische Chemie ,Professur für Dynamische Spektroskopien (Prof. Hauer) ,Nachbereitung,Modulprüfung,fix,"1550, Georg-Kühne-Zeichensaal (5505.01.550) ",02.08.2023,15:00  ,15:30
CH1104,Allgemeine und Anorganische Chemie ,Professur für Dynamische Spektroskopien (Prof. Hauer) ,Aufbau u. Vorbereitung,Modulprüfung,fix,"MW 1801, Ernst-Schmidt-Hörsaal (5508.02.801) ",02.08.2023,13:00  ,13:30
CH1104,Allgemeine und Anorganische Chemie ,Professur für Dynamische Spektroskopien (Prof. Hauer) ,Prüfungstermin,Modulprüfung,fix,"MW 1801, Ernst-Schmidt-Hörsaal (5508.02.801) ",02.08.2023,13:30  ,15:00
CH1104,Allgemeine und Anorganische Chemie ,Professur für Dynamische Spektroskopien (Prof. Hauer) ,Nachbereitung,Modulprüfung,fix,"MW 1801, Ernst-Schmidt-Hörsaal (5508.02.801) ",02.08.2023,15:00  ,15:30
CH1104,Allgemeine und Anorganische Chemie ,Professur für Dynamische Spektroskopien (Prof. Hauer) ,Aufbau u. Vorbereitung,Modulprüfung,fix,"MW 2050, Zeichen-/Hörsaal (5510.02.050) ",02.08.2023,13:00  ,13:30
CH1104,Allgemeine und Anorganische Chemie ,Professur für Dynamische Spektroskopien (Prof. Hauer) ,Prüfungstermin,Modulprüfung,fix,"MW 2050, Zeichen-/Hörsaal (5510.02.050) ",02.08.2023,13:30  ,15:00
CH1104,Allgemeine und Anorganische Chemie ,Professur für Dynamische Spektroskopien (Prof. Hauer) ,Nachbereitung,Modulprüfung,fix,"MW 2050, Zeichen-/Hörsaal (5510.02.050) ",02.08.2023,15:00  ,15:30
CH1104,Allgemeine und Anorganische Chemie ,Professur für Dynamische Spektroskopien (Prof. Hauer) ,Aufbau u. Vorbereitung,Modulprüfung,fix,"00.5901.051, Hörsaal (5901.EG.051) ",27.09.2023,10:30  ,11:00
CH1104,Allgemeine und Anorganische Chemie ,Professur für Dynamische Spektroskopien (Prof. Hauer) ,Prüfungstermin,Modulprüfung,fix,"00.5901.051, Hörsaal (5901.EG.051) ",27.09.2023,11:00  ,12:30
CH1104,Allgemeine und Anorganische Chemie ,Professur für Dynamische Spektroskopien (Prof. Hauer) ,Nachbereitung,Modulprüfung,fix,"00.5901.051, Hörsaal (5901.EG.051) ",27.09.2023,12:30  ,13:00
CH1104,Allgemeine und Anorganische Chemie ,Professur für Dynamische Spektroskopien (Prof. Hauer) ,Aufbau u. Vorbereitung,Modulprüfung,fix,"102, Hörsaal 2, ""Interims I"" (5620.01.102) ",27.09.2023,10:30  ,11:00
CH1104,Allgemeine und Anorganische Chemie ,Professur für Dynamische Spektroskopien (Prof. Hauer) ,Prüfungstermin,Modulprüfung,fix,"102, Hörsaal 2, ""Interims I"" (5620.01.102) ",27.09.2023,11:00  ,12:30
CH1104,Allgemeine und Anorganische Chemie ,Professur für Dynamische Spektroskopien (Prof. Hauer) ,Nachbereitung,Modulprüfung,fix,"102, Hörsaal 2, ""Interims I"" (5620.01.102) ",27.09.2023,12:30  ,13:00
CH1204,Chemie ,Professur für Festkörper-NMR-Spektroskopie (Prof. Reif) ,Aufbau u. Vorbereitung,Modulprüfung,fix,"00.02.001, MI HS 1, Friedrich L. Bauer Hörsaal (5602.EG.001) ",26.07.2023,16:30  ,17:00
CH1204,Chemie ,Professur für Festkörper-NMR-Spektroskopie (Prof. Reif) ,Prüfungstermin,Modulprüfung,fix,"00.02.001, MI HS 1, Friedrich L. Bauer Hörsaal (5602.EG.001) ",26.07.2023,17:00  ,18:30
CH1204,Chemie ,Professur für Festkörper-NMR-Spektroskopie (Prof. Reif) ,Nachbereitung,Modulprüfung,fix,"00.02.001, MI HS 1, Friedrich L. Bauer Hörsaal (5602.EG.001) ",26.07.2023,18:30  ,19:00
CH1204,Chemie ,Professur für Festkörper-NMR-Spektroskopie (Prof. Reif) ,Aufbau u. Vorbereitung,Modulprüfung,geplant,"1450, Willy-Messerschmitt-Zeichensaal (5504.01.450) ",26.07.2023,16:30  ,17:00
CH1204,Chemie ,Professur für Festkörper-NMR-Spektroskopie (Prof. Reif) ,Prüfungstermin,Modulprüfung,geplant,"1450, Willy-Messerschmitt-Zeichensaal (5504.01.450) ",26.07.2023,17:00  ,18:30
CH1204,Chemie ,Professur für Festkörper-NMR-Spektroskopie (Prof. Reif) ,Nachbereitung,Modulprüfung,geplant,"1450, Willy-Messerschmitt-Zeichensaal (5504.01.450) ",26.07.2023,18:30  ,19:00
CH1205,Material Science I (for MSE) ,Lehrstuhl für Anorganische und Metallorganische Chemie (Prof. Fischer) ,Aufbau u. Vorbereitung,Modulprüfung,fix,"CH 21010, Hans-Fischer-Hörsaal (5401.01.101K) ",17.08.2023,10:30  ,11:00
CH1205,Material Science I (for MSE) ,Lehrstuhl für Anorganische und Metallorganische Chemie (Prof. Fischer) ,Prüfungstermin,Modulprüfung,fix,"CH 21010, Hans-Fischer-Hörsaal (5401.01.101K) ",17.08.2023,11:00  ,12:30
CH1205,Material Science I (for MSE) ,Lehrstuhl für Anorganische und Metallorganische Chemie (Prof. Fischer) ,Nachbereitung,Modulprüfung,fix,"CH 21010, Hans-Fischer-Hörsaal (5401.01.101K) ",17.08.2023,12:30  ,13:00
CH2110,Analytische Chemie und weiterführende Anorganische Chemie ,Professur für Anorganische Chemie (Prof. Köhler) ,Aufbau u. Vorbereitung,Modulprüfung,fix,"CH 21010, Hans-Fischer-Hörsaal (5401.01.101K) ",31.07.2023,10:00  ,10:30
CH2110,Analytische Chemie und weiterführende Anorganische Chemie ,Professur für Anorganische Chemie (Prof. Köhler) ,Prüfungstermin,Modulprüfung,fix,"CH 21010, Hans-Fischer-Hörsaal (5401.01.101K) ",31.07.2023,10:30  ,12:30
CH2110,Analytische Chemie und weiterführende Anorganische Chemie ,Professur für Anorganische Chemie (Prof. Köhler) ,Nachbereitung,Modulprüfung,fix,"CH 21010, Hans-Fischer-Hörsaal (5401.01.101K) ",31.07.2023,12:30  ,13:00
CH2110,Analytische Chemie und weiterführende Anorganische Chemie ,Professur für Anorganische Chemie (Prof. Köhler) ,Aufbau u. Vorbereitung,Modulprüfung,fix,"CH 22210, Ivar-Ugi-Hörsaal (5402.01.221K) ",31.07.2023,10:00  ,10:30
CH2110,Analytische Chemie und weiterführende Anorganische Chemie ,Professur für Anorganische Chemie (Prof. Köhler) ,Prüfungstermin,Modulprüfung,fix,"CH 22210, Ivar-Ugi-Hörsaal (5402.01.221K) ",31.07.2023,10:30  ,12:30
CH2110,Analytische Chemie und weiterführende Anorganische Chemie ,Professur für Anorganische Chemie (Prof. Köhler) ,Nachbereitung,Modulprüfung,fix,"CH 22210, Ivar-Ugi-Hörsaal (5402.01.221K) ",31.07.2023,12:30  ,13:00
CH2110,Analytische Chemie und weiterführende Anorganische Chemie ,Professur für Anorganische Chemie (Prof. Köhler) ,Aufbau u. Vorbereitung,Modulprüfung,fix,"003, Hörsaal 2, ""Interims II"" (5416.01.003) ",28.09.2023,10:30  ,11:00
CH2110,Analytische Chemie und weiterführende Anorganische Chemie ,Professur für Anorganische Chemie (Prof. Köhler) ,Prüfungstermin,Modulprüfung,fix,"003, Hörsaal 2, ""Interims II"" (5416.01.003) ",28.09.2023,11:00  ,13:00
CH2110,Analytische Chemie und weiterführende Anorganische Chemie ,Professur für Anorganische Chemie (Prof. Köhler) ,Nachbereitung,Modulprüfung,fix,"003, Hörsaal 2, ""Interims II"" (5416.01.003) ",28.09.2023,13:00  ,13:30
CH3037,Molekulare Biotechnologie ,Lehrstuhl für Biotechnologie (Prof. Buchner) ,Aufbau u. Vorbereitung,Modulprüfung,fix,"MW 0350, Egbert-von-Hoyer-Hörsaal (5503.EG.350) ",03.08.2023,10:30  ,11:00
CH3037,Molekulare Biotechnologie ,Lehrstuhl für Biotechnologie (Prof. Buchner) ,Prüfungstermin,Modulprüfung,fix,"MW 0350, Egbert-von-Hoyer-Hörsaal (5503.EG.350) ",03.08.2023,11:00  ,12:30
CH3037,Molekulare Biotechnologie ,Lehrstuhl für Biotechnologie (Prof. Buchner) ,Nachbereitung,Modulprüfung,fix,"MW 0350, Egbert-von-Hoyer-Hörsaal (5503.EG.350) ",03.08.2023,12:30  ,13:00
CH3037,Molekulare Biotechnologie ,Lehrstuhl für Biotechnologie (Prof. Buchner) ,Aufbau u. Vorbereitung,Modulprüfung,fix,"102, Hörsaal 2, ""Interims I"" (5620.01.102) ",03.08.2023,10:30  ,11:00
CH3037,Molekulare Biotechnologie ,Lehrstuhl für Biotechnologie (Prof. Buchner) ,Prüfungstermin,Modulprüfung,fix,"102, Hörsaal 2, ""Interims I"" (5620.01.102) ",03.08.2023,11:00  ,12:30
CH3037,Molekulare Biotechnologie ,Lehrstuhl für Biotechnologie (Prof. Buchner) ,Nachbereitung,Modulprüfung,fix,"102, Hörsaal 2, ""Interims I"" (5620.01.102) ",03.08.2023,12:30  ,13:00
CH3037,Molekulare Biotechnologie ,Lehrstuhl für Biotechnologie (Prof. Buchner) ,Aufbau u. Vorbereitung,Modulprüfung,fix,"1350, Ludwig-Burmester-Zeichensaal (5503.01.350) ",10.10.2023,10:30  ,11:00
CH3037,Molekulare Biotechnologie ,Lehrstuhl für Biotechnologie (Prof. Buchner) ,Prüfungstermin,Modulprüfung,fix,"1350, Ludwig-Burmester-Zeichensaal (5503.01.350) ",10.10.2023,11:00  ,12:30
CH3037,Molekulare Biotechnologie ,Lehrstuhl für Biotechnologie (Prof. Buchner) ,Nachbereitung,Modulprüfung,fix,"1350, Ludwig-Burmester-Zeichensaal (5503.01.350) ",10.10.2023,12:30  ,13:00
CH3044-1,"Proteinchemie, schriftliche Prüfung ",Professur für Proteinchemie (Prof. Zeymer) ,Aufbau u. Vorbereitung,Modulprüfung,geplant,"1450, Willy-Messerschmitt-Zeichensaal (5504.01.450) ",04.08.2023,15:00  ,15:30
CH3044-1,"Proteinchemie, schriftliche Prüfung ",Professur für Proteinchemie (Prof. Zeymer) ,Prüfungstermin,Modulprüfung,geplant,"1450, Willy-Messerschmitt-Zeichensaal (5504.01.450) ",04.08.2023,15:30  ,17:00
CH3044-1,"Proteinchemie, schriftliche Prüfung ",Professur für Proteinchemie (Prof. Zeymer) ,Nachbereitung,Modulprüfung,geplant,"1450, Willy-Messerschmitt-Zeichensaal (5504.01.450) ",04.08.2023,17:00  ,17:30
CH3044-1,"Proteinchemie, schriftliche Prüfung ",Professur für Proteinchemie (Prof. Zeymer) ,Aufbau u. Vorbereitung,Modulprüfung,fix,"0001, ZEI-Seminarraum (5414.EG.001) ",04.10.2023,10:30  ,11:00
CH3044-1,"Proteinchemie, schriftliche Prüfung ",Professur für Proteinchemie (Prof. Zeymer) ,Prüfungstermin,Modulprüfung,fix,"0001, ZEI-Seminarraum (5414.EG.001) ",04.10.2023,11:00  ,12:30
CH3044-1,"Proteinchemie, schriftliche Prüfung ",Professur für Proteinchemie (Prof. Zeymer) ,Nachbereitung,Modulprüfung,fix,"0001, ZEI-Seminarraum (5414.EG.001) ",04.10.2023,12:30  ,13:00
CH3063,Angewandte Elektrochemie ,Lehrstuhl für Technische Elektrochemie (Prof. Gasteiger) ,Aufbau u. Vorbereitung,Modulprüfung,fix,"MW 1050, Johann-Bauschinger-Zeichensaal (5510.01.050) ",31.07.2023,10:30  ,11:00
CH3063,Angewandte Elektrochemie ,Lehrstuhl für Technische Elektrochemie (Prof. Gasteiger) ,Prüfungstermin,Modulprüfung,fix,"MW 1050, Johann-Bauschinger-Zeichensaal (5510.01.050) ",31.07.2023,11:00  ,12:30
CH3063,Angewandte Elektrochemie ,Lehrstuhl für Technische Elektrochemie (Prof. Gasteiger) ,Nachbereitung,Modulprüfung,fix,"MW 1050, Johann-Bauschinger-Zeichensaal (5510.01.050) ",31.07.2023,12:30  ,13:00
CH3063,Angewandte Elektrochemie ,Lehrstuhl für Technische Elektrochemie (Prof. Gasteiger) ,Aufbau u. Vorbereitung,Modulprüfung,fix,"1350, Ludwig-Burmester-Zeichensaal (5503.01.350) ",31.07.2023,10:30  ,11:00
CH3063,Angewandte Elektrochemie ,Lehrstuhl für Technische Elektrochemie (Prof. Gasteiger) ,Prüfungstermin,Modulprüfung,fix,"1350, Ludwig-Burmester-Zeichensaal (5503.01.350) ",31.07.2023,11:00  ,12:30
CH3063,Angewandte Elektrochemie ,Lehrstuhl für Technische Elektrochemie (Prof. Gasteiger) ,Nachbereitung,Modulprüfung,fix,"1350, Ludwig-Burmester-Zeichensaal (5503.01.350) ",31.07.2023,12:30  ,13:00
CH3065,Grundlagen der Elektrochemie ,Lehrstuhl für Technische Elektrochemie (Prof. Gasteiger) ,Aufbau u. Vorbereitung,Modulprüfung,fix,"0001, ZEI-Seminarraum (5414.EG.001) ",10.10.2023,13:00  ,13:30
CH3065,Grundlagen der Elektrochemie ,Lehrstuhl für Technische Elektrochemie (Prof. Gasteiger) ,Prüfungstermin,Modulprüfung,fix,"0001, ZEI-Seminarraum (5414.EG.001) ",10.10.2023,13:30  ,15:00
CH3065,Grundlagen der Elektrochemie ,Lehrstuhl für Technische Elektrochemie (Prof. Gasteiger) ,Nachbereitung,Modulprüfung,fix,"0001, ZEI-Seminarraum (5414.EG.001) ",10.10.2023,15:00  ,15:30
CH3093,Grenzflächen und Partikeltechnologie ,Lehrstuhl für Technische Chemie I (Prof. Hinrichsen) ,Aufbau u. Vorbereitung,Modulprüfung,fix,"0001, ZEI-Seminarraum (5414.EG.001) ",25.09.2023,10:30  ,11:00
CH3093,Grenzflächen und Partikeltechnologie ,Lehrstuhl für Technische Chemie I (Prof. Hinrichsen) ,Prüfungstermin,Modulprüfung,fix,"0001, ZEI-Seminarraum (5414.EG.001) ",25.09.2023,11:00  ,12:30
CH3093,Grenzflächen und Partikeltechnologie ,Lehrstuhl für Technische Chemie I (Prof. Hinrichsen) ,Nachbereitung,Modulprüfung,fix,"0001, ZEI-Seminarraum (5414.EG.001) ",25.09.2023,12:30  ,13:00
CH3095,Industrielle Chemische Prozesse 2 - Katalyse für Synthese ,Lehrstuhl für Technische Chemie II (Prof. Lercher) ,Aufbau u. Vorbereitung,Modulprüfung,fix,"CH 27402, Walter-Hieber-Hörsaal (5407.01.740B) ",27.07.2023,13:00  ,13:30
CH3095,Industrielle Chemische Prozesse 2 - Katalyse für Synthese ,Lehrstuhl für Technische Chemie II (Prof. Lercher) ,Prüfungstermin,Modulprüfung,fix,"CH 27402, Walter-Hieber-Hörsaal (5407.01.740B) ",27.07.2023,13:30  ,15:00
CH3095,Industrielle Chemische Prozesse 2 - Katalyse für Synthese ,Lehrstuhl für Technische Chemie II (Prof. Lercher) ,Nachbereitung,Modulprüfung,fix,"CH 27402, Walter-Hieber-Hörsaal (5407.01.740B) ",27.07.2023,15:00  ,15:30
CH3095,Industrielle Chemische Prozesse 2 - Katalyse für Synthese ,Lehrstuhl für Technische Chemie II (Prof. Lercher) ,Aufbau u. Vorbereitung,Modulprüfung,fix,"1550, Georg-Kühne-Zeichensaal (5505.01.550) ",27.07.2023,13:00  ,13:30
CH3095,Industrielle Chemische Prozesse 2 - Katalyse für Synthese ,Lehrstuhl für Technische Chemie II (Prof. Lercher) ,Prüfungstermin,Modulprüfung,fix,"1550, Georg-Kühne-Zeichensaal (5505.01.550) ",27.07.2023,13:30  ,15:00
CH3095,Industrielle Chemische Prozesse 2 - Katalyse für Synthese ,Lehrstuhl für Technische Chemie II (Prof. Lercher) ,Nachbereitung,Modulprüfung,fix,"1550, Georg-Kühne-Zeichensaal (5505.01.550) ",27.07.2023,15:00  ,15:30
CH3095,Industrielle Chemische Prozesse 2 - Katalyse für Synthese ,Lehrstuhl für Technische Chemie II (Prof. Lercher) ,Aufbau u. Vorbereitung,Modulprüfung,fix,"CH 22210, Ivar-Ugi-Hörsaal (5402.01.221K) ",27.07.2023,13:00  ,13:30
CH3095,Industrielle Chemische Prozesse 2 - Katalyse für Synthese ,Lehrstuhl für Technische Chemie II (Prof. Lercher) ,Prüfungstermin,Modulprüfung,fix,"CH 22210, Ivar-Ugi-Hörsaal (5402.01.221K) ",27.07.2023,13:30  ,15:00
CH3095,Industrielle Chemische Prozesse 2 - Katalyse für Synthese ,Lehrstuhl für Technische Chemie II (Prof. Lercher) ,Nachbereitung,Modulprüfung,fix,"CH 22210, Ivar-Ugi-Hörsaal (5402.01.221K) ",27.07.2023,15:00  ,15:30
CH3095,Industrielle Chemische Prozesse 2 - Katalyse für Synthese ,Lehrstuhl für Technische Chemie II (Prof. Lercher) ,Aufbau u. Vorbereitung,Modulprüfung,fix,"1350, Ludwig-Burmester-Zeichensaal (5503.01.350) ",06.10.2023,13:00  ,13:30
CH3095,Industrielle Chemische Prozesse 2 - Katalyse für Synthese ,Lehrstuhl für Technische Chemie II (Prof. Lercher) ,Prüfungstermin,Modulprüfung,fix,"1350, Ludwig-Burmester-Zeichensaal (5503.01.350) ",06.10.2023,13:30  ,15:00
CH3095,Industrielle Chemische Prozesse 2 - Katalyse für Synthese ,Lehrstuhl für Technische Chemie II (Prof. Lercher) ,Nachbereitung,Modulprüfung,fix,"1350, Ludwig-Burmester-Zeichensaal (5503.01.350) ",06.10.2023,15:00  ,15:30
CH3097,Angewandte biotechnologische Prozesse ,Lehrstuhl für Synthetische Biotechnologie (Prof. Brück) ,Aufbau u. Vorbereitung,Modulprüfung,fix,"CH 26411, Emil-Erlenmeyer-Hörsaal (5406.01.641A) ",10.08.2023,13:00  ,13:30
CH3097,Angewandte biotechnologische Prozesse ,Lehrstuhl für Synthetische Biotechnologie (Prof. Brück) ,Prüfungstermin,Modulprüfung,fix,"CH 26411, Emil-Erlenmeyer-Hörsaal (5406.01.641A) ",10.08.2023,13:30  ,15:00
CH3097,Angewandte biotechnologische Prozesse ,Lehrstuhl für Synthetische Biotechnologie (Prof. Brück) ,Nachbereitung,Modulprüfung,fix,"CH 26411, Emil-Erlenmeyer-Hörsaal (5406.01.641A) ",10.08.2023,15:00  ,15:30
CH3097,Angewandte biotechnologische Prozesse ,Lehrstuhl für Synthetische Biotechnologie (Prof. Brück) ,Aufbau u. Vorbereitung,Modulprüfung,fix,"CH 22209, Übungsraum (5402.01.220J) ",13.10.2023,13:00  ,13:30
CH3097,Angewandte biotechnologische Prozesse ,Lehrstuhl für Synthetische Biotechnologie (Prof. Brück) ,Prüfungstermin,Modulprüfung,fix,"CH 22209, Übungsraum (5402.01.220J) ",13.10.2023,13:30  ,15:00
CH3097,Angewandte biotechnologische Prozesse ,Lehrstuhl für Synthetische Biotechnologie (Prof. Brück) ,Nachbereitung,Modulprüfung,fix,"CH 22209, Übungsraum (5402.01.220J) ",13.10.2023,15:00  ,15:30
CH3098,Hochleistungspolymere ,Wacker-Lehrstuhl für Makromolekulare Chemie (Prof. Rieger) ,Aufbau u. Vorbereitung,Modulprüfung,fix,"00.5901.051, Hörsaal (5901.EG.051) ",09.08.2023,13:00  ,13:30
CH3098,Hochleistungspolymere ,Wacker-Lehrstuhl für Makromolekulare Chemie (Prof. Rieger) ,Prüfungstermin,Modulprüfung,fix,"00.5901.051, Hörsaal (5901.EG.051) ",09.08.2023,13:30  ,15:00
CH3098,Hochleistungspolymere ,Wacker-Lehrstuhl für Makromolekulare Chemie (Prof. Rieger) ,Nachbereitung,Modulprüfung,fix,"00.5901.051, Hörsaal (5901.EG.051) ",09.08.2023,15:00  ,15:30
CH3098,Hochleistungspolymere ,Wacker-Lehrstuhl für Makromolekulare Chemie (Prof. Rieger) ,Aufbau u. Vorbereitung,Modulprüfung,fix,"0001, ZEI-Seminarraum (5414.EG.001) ",09.08.2023,13:00  ,13:30
CH3098,Hochleistungspolymere ,Wacker-Lehrstuhl für Makromolekulare Chemie (Prof. Rieger) ,Prüfungstermin,Modulprüfung,fix,"0001, ZEI-Seminarraum (5414.EG.001) ",09.08.2023,13:30  ,15:00
CH3098,Hochleistungspolymere ,Wacker-Lehrstuhl für Makromolekulare Chemie (Prof. Rieger) ,Nachbereitung,Modulprüfung,fix,"0001, ZEI-Seminarraum (5414.EG.001) ",09.08.2023,15:00  ,15:30
CH3098,Hochleistungspolymere ,Wacker-Lehrstuhl für Makromolekulare Chemie (Prof. Rieger) ,Aufbau u. Vorbereitung,Modulprüfung,fix,"0001, ZEI-Seminarraum (5414.EG.001) ",09.10.2023,10:00  ,10:30
CH3098,Hochleistungspolymere ,Wacker-Lehrstuhl für Makromolekulare Chemie (Prof. Rieger) ,Prüfungstermin,Modulprüfung,fix,"0001, ZEI-Seminarraum (5414.EG.001) ",09.10.2023,10:30  ,12:00
CH3098,Hochleistungspolymere ,Wacker-Lehrstuhl für Makromolekulare Chemie (Prof. Rieger) ,Nachbereitung,Modulprüfung,fix,"0001, ZEI-Seminarraum (5414.EG.001) ",09.10.2023,12:00  ,12:30
CH3213,Moderne Aspekte und Katalyse der Makromolekularen Chemie ,Wacker-Lehrstuhl für Makromolekulare Chemie (Prof. Rieger) ,Aufbau u. Vorbereitung,Modulprüfung,fix,"00.5901.051, Hörsaal (5901.EG.051) ",28.07.2023,13:00  ,13:30
CH3213,Moderne Aspekte und Katalyse der Makromolekularen Chemie ,Wacker-Lehrstuhl für Makromolekulare Chemie (Prof. Rieger) ,Prüfungstermin,Modulprüfung,fix,"00.5901.051, Hörsaal (5901.EG.051) ",28.07.2023,13:30  ,15:00
CH3213,Moderne Aspekte und Katalyse der Makromolekularen Chemie ,Wacker-Lehrstuhl für Makromolekulare Chemie (Prof. Rieger) ,Nachbereitung,Modulprüfung,fix,"00.5901.051, Hörsaal (5901.EG.051) ",28.07.2023,15:00  ,15:30
CH3213,Moderne Aspekte und Katalyse der Makromolekularen Chemie ,Wacker-Lehrstuhl für Makromolekulare Chemie (Prof. Rieger) ,Aufbau u. Vorbereitung,Modulprüfung,fix,"0001, ZEI-Seminarraum (5414.EG.001) ",12.10.2023,10:30  ,11:00
CH3213,Moderne Aspekte und Katalyse der Makromolekularen Chemie ,Wacker-Lehrstuhl für Makromolekulare Chemie (Prof. Rieger) ,Prüfungstermin,Modulprüfung,fix,"0001, ZEI-Seminarraum (5414.EG.001) ",12.10.2023,11:00  ,12:30
CH3213,Moderne Aspekte und Katalyse der Makromolekularen Chemie ,Wacker-Lehrstuhl für Makromolekulare Chemie (Prof. Rieger) ,Nachbereitung,Modulprüfung,fix,"0001, ZEI-Seminarraum (5414.EG.001) ",12.10.2023,12:30  ,13:00
CH3216,Supramolekulare Chemie ,Professur für Supramolekulare Chemie (Prof. Boekhoven) ,Aufbau u. Vorbereitung,Modulprüfung,fix,"00.5901.051, Hörsaal (5901.EG.051) ",26.07.2023,13:00  ,13:30
CH3216,Supramolekulare Chemie ,Professur für Supramolekulare Chemie (Prof. Boekhoven) ,Prüfungstermin,Modulprüfung,fix,"00.5901.051, Hörsaal (5901.EG.051) ",26.07.2023,13:30  ,15:00
CH3216,Supramolekulare Chemie ,Professur für Supramolekulare Chemie (Prof. Boekhoven) ,Nachbereitung,Modulprüfung,fix,"00.5901.051, Hörsaal (5901.EG.051) ",26.07.2023,15:00  ,15:30
CH3216,Supramolekulare Chemie ,Professur für Supramolekulare Chemie (Prof. Boekhoven) ,Aufbau u. Vorbereitung,Modulprüfung,fix,"CH 27402, Walter-Hieber-Hörsaal (5407.01.740B) ",11.10.2023,13:00  ,13:30
CH3216,Supramolekulare Chemie ,Professur für Supramolekulare Chemie (Prof. Boekhoven) ,Prüfungstermin,Modulprüfung,fix,"CH 27402, Walter-Hieber-Hörsaal (5407.01.740B) ",11.10.2023,13:30  ,15:00
CH3216,Supramolekulare Chemie ,Professur für Supramolekulare Chemie (Prof. Boekhoven) ,Nachbereitung,Modulprüfung,fix,"CH 27402, Walter-Hieber-Hörsaal (5407.01.740B) ",11.10.2023,15:00  ,15:30
CH3217,Erweiterte Makromolekulare Chemie ,Wacker-Lehrstuhl für Makromolekulare Chemie (Prof. Rieger) ,Aufbau u. Vorbereitung,Modulprüfung,fix,"0001, ZEI-Seminarraum (5414.EG.001) ",27.07.2023,10:30  ,11:00
CH3217,Erweiterte Makromolekulare Chemie ,Wacker-Lehrstuhl für Makromolekulare Chemie (Prof. Rieger) ,Prüfungstermin,Modulprüfung,fix,"0001, ZEI-Seminarraum (5414.EG.001) ",27.07.2023,11:00  ,12:00
CH3217,Erweiterte Makromolekulare Chemie ,Wacker-Lehrstuhl für Makromolekulare Chemie (Prof. Rieger) ,Nachbereitung,Modulprüfung,fix,"0001, ZEI-Seminarraum (5414.EG.001) ",27.07.2023,12:00  ,12:30
CH3217,Erweiterte Makromolekulare Chemie ,Wacker-Lehrstuhl für Makromolekulare Chemie (Prof. Rieger) ,Aufbau u. Vorbereitung,Modulprüfung,fix,"CH 27402, Walter-Hieber-Hörsaal (5407.01.740B) ",09.10.2023,10:30  ,11:00
CH3217,Erweiterte Makromolekulare Chemie ,Wacker-Lehrstuhl für Makromolekulare Chemie (Prof. Rieger) ,Prüfungstermin,Modulprüfung,fix,"CH 27402, Walter-Hieber-Hörsaal (5407.01.740B) ",09.10.2023,11:00  ,12:00
CH3217,Erweiterte Makromolekulare Chemie ,Wacker-Lehrstuhl für Makromolekulare Chemie (Prof. Rieger) ,Nachbereitung,Modulprüfung,fix,"CH 27402, Walter-Hieber-Hörsaal (5407.01.740B) ",09.10.2023,12:00  ,12:30
CH3242,Methoden der Katalyse ,Lehrstuhl für Technische Chemie II (Prof. Lercher) ,Aufbau u. Vorbereitung,Modulprüfung,fix,"CH 22210, Ivar-Ugi-Hörsaal (5402.01.221K) ",04.08.2023,10:30  ,11:00
CH3242,Methoden der Katalyse ,Lehrstuhl für Technische Chemie II (Prof. Lercher) ,Prüfungstermin,Modulprüfung,fix,"CH 22210, Ivar-Ugi-Hörsaal (5402.01.221K) ",04.08.2023,11:00  ,12:30
CH3242,Methoden der Katalyse ,Lehrstuhl für Technische Chemie II (Prof. Lercher) ,Nachbereitung,Modulprüfung,fix,"CH 22210, Ivar-Ugi-Hörsaal (5402.01.221K) ",04.08.2023,12:30  ,13:00
CH3242,Methoden der Katalyse ,Lehrstuhl für Technische Chemie II (Prof. Lercher) ,Aufbau u. Vorbereitung,Modulprüfung,fix,"CH 26410, Übungsraum (5406.01.641K) ",04.10.2023,10:30  ,11:00
CH3242,Methoden der Katalyse ,Lehrstuhl für Technische Chemie II (Prof. Lercher) ,Prüfungstermin,Modulprüfung,fix,"CH 26410, Übungsraum (5406.01.641K) ",04.10.2023,11:00  ,12:30
CH3242,Methoden der Katalyse ,Lehrstuhl für Technische Chemie II (Prof. Lercher) ,Nachbereitung,Modulprüfung,fix,"CH 26410, Übungsraum (5406.01.641K) ",04.10.2023,12:30  ,13:00
CH4103,Anorganische Molekülchemie ,Lehrstuhl für Anorganische und Metallorganische Chemie (Prof. Fischer) ,Aufbau u. Vorbereitung,Modulprüfung,fix,"00.5901.051, Hörsaal (5901.EG.051) ",31.07.2023,13:00  ,13:30
CH4103,Anorganische Molekülchemie ,Lehrstuhl für Anorganische und Metallorganische Chemie (Prof. Fischer) ,Prüfungstermin,Modulprüfung,fix,"00.5901.051, Hörsaal (5901.EG.051) ",31.07.2023,13:30  ,15:00
CH4103,Anorganische Molekülchemie ,Lehrstuhl für Anorganische und Metallorganische Chemie (Prof. Fischer) ,Nachbereitung,Modulprüfung,fix,"00.5901.051, Hörsaal (5901.EG.051) ",31.07.2023,15:00  ,15:30
CH4103,Anorganische Molekülchemie ,Lehrstuhl für Anorganische und Metallorganische Chemie (Prof. Fischer) ,Aufbau u. Vorbereitung,Modulprüfung,fix,"CH 21010, Hans-Fischer-Hörsaal (5401.01.101K) ",31.07.2023,13:00  ,13:30
CH4103,Anorganische Molekülchemie ,Lehrstuhl für Anorganische und Metallorganische Chemie (Prof. Fischer) ,Prüfungstermin,Modulprüfung,fix,"CH 21010, Hans-Fischer-Hörsaal (5401.01.101K) ",31.07.2023,13:30  ,15:00
CH4103,Anorganische Molekülchemie ,Lehrstuhl für Anorganische und Metallorganische Chemie (Prof. Fischer) ,Nachbereitung,Modulprüfung,fix,"CH 21010, Hans-Fischer-Hörsaal (5401.01.101K) ",31.07.2023,15:00  ,15:30
CH4103,Anorganische Molekülchemie ,Lehrstuhl für Anorganische und Metallorganische Chemie (Prof. Fischer) ,Aufbau u. Vorbereitung,Modulprüfung,fix,"2502, Physik Hörsaal 2 (5101.EG.502) ",31.07.2023,13:00  ,13:30
CH4103,Anorganische Molekülchemie ,Lehrstuhl für Anorganische und Metallorganische Chemie (Prof. Fischer) ,Prüfungstermin,Modulprüfung,fix,"2502, Physik Hörsaal 2 (5101.EG.502) ",31.07.2023,13:30  ,15:00
CH4103,Anorganische Molekülchemie ,Lehrstuhl für Anorganische und Metallorganische Chemie (Prof. Fischer) ,Nachbereitung,Modulprüfung,fix,"2502, Physik Hörsaal 2 (5101.EG.502) ",31.07.2023,15:00  ,15:30
CH4103,Anorganische Molekülchemie ,Lehrstuhl für Anorganische und Metallorganische Chemie (Prof. Fischer) ,Aufbau u. Vorbereitung,Modulprüfung,fix,MW 2001 Rudolf-Diesel-Hörsaal (5510.02.001) ,02.10.2023,13:00  ,13:30
CH4103,Anorganische Molekülchemie ,Lehrstuhl für Anorganische und Metallorganische Chemie (Prof. Fischer) ,Prüfungstermin,Modulprüfung,fix,MW 2001 Rudolf-Diesel-Hörsaal (5510.02.001) ,02.10.2023,13:30  ,15:00
CH4103,Anorganische Molekülchemie ,Lehrstuhl für Anorganische und Metallorganische Chemie (Prof. Fischer) ,Nachbereitung,Modulprüfung,fix,MW 2001 Rudolf-Diesel-Hörsaal (5510.02.001) ,02.10.2023,15:00  ,15:30
CH4103-1,Molekulare Anorganische Chemie ,Professur für Molekulare Katalyse (Prof. Kühn) ,Aufbau u. Vorbereitung,Modulprüfung,fix,"CH 22210, Ivar-Ugi-Hörsaal (5402.01.221K) ",01.08.2023,13:00  ,13:30
CH4103-1,Molekulare Anorganische Chemie ,Professur für Molekulare Katalyse (Prof. Kühn) ,Prüfungstermin,Modulprüfung,fix,"CH 22210, Ivar-Ugi-Hörsaal (5402.01.221K) ",01.08.2023,13:30  ,15:00
CH4103-1,Molekulare Anorganische Chemie ,Professur für Molekulare Katalyse (Prof. Kühn) ,Nachbereitung,Modulprüfung,fix,"CH 22210, Ivar-Ugi-Hörsaal (5402.01.221K) ",01.08.2023,15:00  ,15:30
CH4103-1,Molekulare Anorganische Chemie ,Professur für Molekulare Katalyse (Prof. Kühn) ,Aufbau u. Vorbereitung,Modulprüfung,fix,"0001, ZEI-Seminarraum (5414.EG.001) ",25.09.2023,13:00  ,13:30
CH4103-1,Molekulare Anorganische Chemie ,Professur für Molekulare Katalyse (Prof. Kühn) ,Prüfungstermin,Modulprüfung,fix,"0001, ZEI-Seminarraum (5414.EG.001) ",25.09.2023,13:30  ,15:00
CH4103-1,Molekulare Anorganische Chemie ,Professur für Molekulare Katalyse (Prof. Kühn) ,Nachbereitung,Modulprüfung,fix,"0001, ZEI-Seminarraum (5414.EG.001) ",25.09.2023,15:00  ,15:30
CH4104,Grundlagen der physikalischen Chemie ,Lehrstuhl für Technische Elektrochemie (Prof. Gasteiger) ,Aufbau u. Vorbereitung,Modulprüfung,fix,Hörsaal im Galileo nur Mo-Do 7-19 Uhr (8120.EG.001) ,02.08.2023,13:00  ,13:30
CH4104,Grundlagen der physikalischen Chemie ,Lehrstuhl für Technische Elektrochemie (Prof. Gasteiger) ,Prüfungstermin,Modulprüfung,fix,Hörsaal im Galileo nur Mo-Do 7-19 Uhr (8120.EG.001) ,02.08.2023,13:30  ,15:00
CH4104,Grundlagen der physikalischen Chemie ,Lehrstuhl für Technische Elektrochemie (Prof. Gasteiger) ,Nachbereitung,Modulprüfung,fix,Hörsaal im Galileo nur Mo-Do 7-19 Uhr (8120.EG.001) ,02.08.2023,15:00  ,15:30
CH4104,Grundlagen der physikalischen Chemie ,Lehrstuhl für Technische Elektrochemie (Prof. Gasteiger) ,Aufbau u. Vorbereitung,Modulprüfung,fix,"00.5901.051, Hörsaal (5901.EG.051) ",02.08.2023,13:00  ,13:30
CH4104,Grundlagen der physikalischen Chemie ,Lehrstuhl für Technische Elektrochemie (Prof. Gasteiger) ,Prüfungstermin,Modulprüfung,fix,"00.5901.051, Hörsaal (5901.EG.051) ",02.08.2023,13:30  ,15:00
CH4104,Grundlagen der physikalischen Chemie ,Lehrstuhl für Technische Elektrochemie (Prof. Gasteiger) ,Nachbereitung,Modulprüfung,fix,"00.5901.051, Hörsaal (5901.EG.051) ",02.08.2023,15:00  ,15:30
CH4104,Grundlagen der physikalischen Chemie ,Lehrstuhl für Technische Elektrochemie (Prof. Gasteiger) ,Aufbau u. Vorbereitung,Modulprüfung,fix,"0001, ZEI-Seminarraum (5414.EG.001) ",02.08.2023,13:00  ,13:30
CH4104,Grundlagen der physikalischen Chemie ,Lehrstuhl für Technische Elektrochemie (Prof. Gasteiger) ,Prüfungstermin,Modulprüfung,fix,"0001, ZEI-Seminarraum (5414.EG.001) ",02.08.2023,13:30  ,15:00
CH4104,Grundlagen der physikalischen Chemie ,Lehrstuhl für Technische Elektrochemie (Prof. Gasteiger) ,Nachbereitung,Modulprüfung,fix,"0001, ZEI-Seminarraum (5414.EG.001) ",02.08.2023,15:00  ,15:30
CH4104,Grundlagen der physikalischen Chemie ,Lehrstuhl für Technische Elektrochemie (Prof. Gasteiger) ,Aufbau u. Vorbereitung,Modulprüfung,fix,"00.02.001, MI HS 1, Friedrich L. Bauer Hörsaal (5602.EG.001) ",02.08.2023,13:00  ,13:30
CH4104,Grundlagen der physikalischen Chemie ,Lehrstuhl für Technische Elektrochemie (Prof. Gasteiger) ,Prüfungstermin,Modulprüfung,fix,"00.02.001, MI HS 1, Friedrich L. Bauer Hörsaal (5602.EG.001) ",02.08.2023,13:30  ,15:00
CH4104,Grundlagen der physikalischen Chemie ,Lehrstuhl für Technische Elektrochemie (Prof. Gasteiger) ,Nachbereitung,Modulprüfung,fix,"00.02.001, MI HS 1, Friedrich L. Bauer Hörsaal (5602.EG.001) ",02.08.2023,15:00  ,15:30
CH4104,Grundlagen der physikalischen Chemie ,Lehrstuhl für Technische Elektrochemie (Prof. Gasteiger) ,Aufbau u. Vorbereitung,Modulprüfung,fix,"00.5901.051, Hörsaal (5901.EG.051) ",04.10.2023,13:00  ,13:30
CH4104,Grundlagen der physikalischen Chemie ,Lehrstuhl für Technische Elektrochemie (Prof. Gasteiger) ,Prüfungstermin,Modulprüfung,fix,"00.5901.051, Hörsaal (5901.EG.051) ",04.10.2023,13:30  ,15:00
CH4104,Grundlagen der physikalischen Chemie ,Lehrstuhl für Technische Elektrochemie (Prof. Gasteiger) ,Nachbereitung,Modulprüfung,fix,"00.5901.051, Hörsaal (5901.EG.051) ",04.10.2023,15:00  ,15:30
CH4104,Grundlagen der physikalischen Chemie ,Lehrstuhl für Technische Elektrochemie (Prof. Gasteiger) ,Aufbau u. Vorbereitung,Modulprüfung,fix,"CH 21010, Hans-Fischer-Hörsaal (5401.01.101K) ",04.10.2023,13:00  ,13:30
CH4104,Grundlagen der physikalischen Chemie ,Lehrstuhl für Technische Elektrochemie (Prof. Gasteiger) ,Prüfungstermin,Modulprüfung,fix,"CH 21010, Hans-Fischer-Hörsaal (5401.01.101K) ",04.10.2023,13:30  ,15:00
CH4104,Grundlagen der physikalischen Chemie ,Lehrstuhl für Technische Elektrochemie (Prof. Gasteiger) ,Nachbereitung,Modulprüfung,fix,"CH 21010, Hans-Fischer-Hörsaal (5401.01.101K) ",04.10.2023,15:00  ,15:30
CH4104,Grundlagen der physikalischen Chemie ,Lehrstuhl für Technische Elektrochemie (Prof. Gasteiger) ,Aufbau u. Vorbereitung,Modulprüfung,geplant,"1450, Willy-Messerschmitt-Zeichensaal (5504.01.450) ",04.10.2023,13:00  ,13:30
CH4104,Grundlagen der physikalischen Chemie ,Lehrstuhl für Technische Elektrochemie (Prof. Gasteiger) ,Prüfungstermin,Modulprüfung,geplant,"1450, Willy-Messerschmitt-Zeichensaal (5504.01.450) ",04.10.2023,13:30  ,15:00
CH4104,Grundlagen der physikalischen Chemie ,Lehrstuhl für Technische Elektrochemie (Prof. Gasteiger) ,Nachbereitung,Modulprüfung,geplant,"1450, Willy-Messerschmitt-Zeichensaal (5504.01.450) ",04.10.2023,15:00  ,15:30
CH4110,Grundlagen der Technischen Chemie ,Lehrstuhl für Technische Chemie I (Prof. Hinrichsen) ,Aufbau u. Vorbereitung,Modulprüfung,fix,MW 2001 Rudolf-Diesel-Hörsaal (5510.02.001) ,26.09.2023,10:30  ,11:00
CH4110,Grundlagen der Technischen Chemie ,Lehrstuhl für Technische Chemie I (Prof. Hinrichsen) ,Prüfungstermin,Modulprüfung,fix,MW 2001 Rudolf-Diesel-Hörsaal (5510.02.001) ,26.09.2023,11:00  ,12:30
CH4110,Grundlagen der Technischen Chemie ,Lehrstuhl für Technische Chemie I (Prof. Hinrichsen) ,Nachbereitung,Modulprüfung,fix,MW 2001 Rudolf-Diesel-Hörsaal (5510.02.001) ,26.09.2023,12:30  ,13:00
CH4110,Grundlagen der Technischen Chemie ,Lehrstuhl für Technische Chemie I (Prof. Hinrichsen) ,Aufbau u. Vorbereitung,Modulprüfung,fix,"MW 1801, Ernst-Schmidt-Hörsaal (5508.02.801) ",26.09.2023,10:30  ,11:00
CH4110,Grundlagen der Technischen Chemie ,Lehrstuhl für Technische Chemie I (Prof. Hinrichsen) ,Prüfungstermin,Modulprüfung,fix,"MW 1801, Ernst-Schmidt-Hörsaal (5508.02.801) ",26.09.2023,11:00  ,12:30
CH4110,Grundlagen der Technischen Chemie ,Lehrstuhl für Technische Chemie I (Prof. Hinrichsen) ,Nachbereitung,Modulprüfung,fix,"MW 1801, Ernst-Schmidt-Hörsaal (5508.02.801) ",26.09.2023,12:30  ,13:00
CH4113,Molekulare Struktur und Statistische Mechanik ,Professur für Dynamische Spektroskopien (Prof. Hauer) ,Aufbau u. Vorbereitung,Modulprüfung,fix,"2501, Rudolf-Mößbauer-Hörsaal (5101.EG.501) ",27.07.2023,10:00  ,10:30
CH4113,Molekulare Struktur und Statistische Mechanik ,Professur für Dynamische Spektroskopien (Prof. Hauer) ,Prüfungstermin,Modulprüfung,fix,"2501, Rudolf-Mößbauer-Hörsaal (5101.EG.501) ",27.07.2023,10:30  ,12:30
CH4113,Molekulare Struktur und Statistische Mechanik ,Professur für Dynamische Spektroskopien (Prof. Hauer) ,Nachbereitung,Modulprüfung,fix,"2501, Rudolf-Mößbauer-Hörsaal (5101.EG.501) ",27.07.2023,12:30  ,13:00
CH4113,Molekulare Struktur und Statistische Mechanik ,Professur für Dynamische Spektroskopien (Prof. Hauer) ,Aufbau u. Vorbereitung,Modulprüfung,fix,"2502, Physik Hörsaal 2 (5101.EG.502) ",27.07.2023,10:00  ,10:30
CH4113,Molekulare Struktur und Statistische Mechanik ,Professur für Dynamische Spektroskopien (Prof. Hauer) ,Prüfungstermin,Modulprüfung,fix,"2502, Physik Hörsaal 2 (5101.EG.502) ",27.07.2023,10:30  ,12:30
CH4113,Molekulare Struktur und Statistische Mechanik ,Professur für Dynamische Spektroskopien (Prof. Hauer) ,Nachbereitung,Modulprüfung,fix,"2502, Physik Hörsaal 2 (5101.EG.502) ",27.07.2023,12:30  ,13:00
CH4113,Molekulare Struktur und Statistische Mechanik ,Professur für Dynamische Spektroskopien (Prof. Hauer) ,Aufbau u. Vorbereitung,Modulprüfung,fix,Hörsaal im Galileo nur Mo-Do 7-19 Uhr (8120.EG.001) ,11.10.2023,13:00  ,13:30
CH4113,Molekulare Struktur und Statistische Mechanik ,Professur für Dynamische Spektroskopien (Prof. Hauer) ,Prüfungstermin,Modulprüfung,fix,Hörsaal im Galileo nur Mo-Do 7-19 Uhr (8120.EG.001) ,11.10.2023,13:30  ,15:30
CH4113,Molekulare Struktur und Statistische Mechanik ,Professur für Dynamische Spektroskopien (Prof. Hauer) ,Nachbereitung,Modulprüfung,fix,Hörsaal im Galileo nur Mo-Do 7-19 Uhr (8120.EG.001) ,11.10.2023,15:30  ,16:00
CH4114,Reaktionstechnik und Kinetik ,Lehrstuhl für Technische Chemie II (Prof. Lercher) ,Aufbau u. Vorbereitung,Modulprüfung,fix,"00.5901.051, Hörsaal (5901.EG.051) ",04.08.2023,10:30  ,11:00
CH4114,Reaktionstechnik und Kinetik ,Lehrstuhl für Technische Chemie II (Prof. Lercher) ,Prüfungstermin,Modulprüfung,fix,"00.5901.051, Hörsaal (5901.EG.051) ",04.08.2023,11:00  ,12:30
CH4114,Reaktionstechnik und Kinetik ,Lehrstuhl für Technische Chemie II (Prof. Lercher) ,Nachbereitung,Modulprüfung,fix,"00.5901.051, Hörsaal (5901.EG.051) ",04.08.2023,12:30  ,13:00
CH4114,Reaktionstechnik und Kinetik ,Lehrstuhl für Technische Chemie II (Prof. Lercher) ,Aufbau u. Vorbereitung,Modulprüfung,fix,"CH 21010, Hans-Fischer-Hörsaal (5401.01.101K) ",04.08.2023,10:30  ,11:00
CH4114,Reaktionstechnik und Kinetik ,Lehrstuhl für Technische Chemie II (Prof. Lercher) ,Prüfungstermin,Modulprüfung,fix,"CH 21010, Hans-Fischer-Hörsaal (5401.01.101K) ",04.08.2023,11:00  ,12:30
CH4114,Reaktionstechnik und Kinetik ,Lehrstuhl für Technische Chemie II (Prof. Lercher) ,Nachbereitung,Modulprüfung,fix,"CH 21010, Hans-Fischer-Hörsaal (5401.01.101K) ",04.08.2023,12:30  ,13:00
CH4114,Reaktionstechnik und Kinetik ,Lehrstuhl für Technische Chemie II (Prof. Lercher) ,Aufbau u. Vorbereitung,Modulprüfung,fix,"MW 1801, Ernst-Schmidt-Hörsaal (5508.02.801) ",04.08.2023,10:30  ,11:00
CH4114,Reaktionstechnik und Kinetik ,Lehrstuhl für Technische Chemie II (Prof. Lercher) ,Prüfungstermin,Modulprüfung,fix,"MW 1801, Ernst-Schmidt-Hörsaal (5508.02.801) ",04.08.2023,11:00  ,12:30
CH4114,Reaktionstechnik und Kinetik ,Lehrstuhl für Technische Chemie II (Prof. Lercher) ,Nachbereitung,Modulprüfung,fix,"MW 1801, Ernst-Schmidt-Hörsaal (5508.02.801) ",04.08.2023,12:30  ,13:00
CH4114,Reaktionstechnik und Kinetik ,Lehrstuhl für Technische Chemie II (Prof. Lercher) ,Aufbau u. Vorbereitung,Modulprüfung,fix,"003, Hörsaal 2, ""Interims II"" (5416.01.003) ",05.10.2023,13:00  ,13:30
CH4114,Reaktionstechnik und Kinetik ,Lehrstuhl für Technische Chemie II (Prof. Lercher) ,Prüfungstermin,Modulprüfung,fix,"003, Hörsaal 2, ""Interims II"" (5416.01.003) ",05.10.2023,13:30  ,15:00
CH4114,Reaktionstechnik und Kinetik ,Lehrstuhl für Technische Chemie II (Prof. Lercher) ,Nachbereitung,Modulprüfung,fix,"003, Hörsaal 2, ""Interims II"" (5416.01.003) ",05.10.2023,15:00  ,15:30
CH4114,Reaktionstechnik und Kinetik ,Lehrstuhl für Technische Chemie II (Prof. Lercher) ,Aufbau u. Vorbereitung,Modulprüfung,fix,"2502, Physik Hörsaal 2 (5101.EG.502) ",05.10.2023,13:00  ,13:30
CH4114,Reaktionstechnik und Kinetik ,Lehrstuhl für Technische Chemie II (Prof. Lercher) ,Prüfungstermin,Modulprüfung,fix,"2502, Physik Hörsaal 2 (5101.EG.502) ",05.10.2023,13:30  ,15:00
CH4114,Reaktionstechnik und Kinetik ,Lehrstuhl für Technische Chemie II (Prof. Lercher) ,Nachbereitung,Modulprüfung,fix,"2502, Physik Hörsaal 2 (5101.EG.502) ",05.10.2023,15:00  ,15:30
CH5139,Reaktordesign ,Lehrstuhl für Technische Chemie I (Prof. Hinrichsen) ,Aufbau u. Vorbereitung,Modulprüfung,fix,"MW 0001, Gustav-Niemann-Hörsaal (5510.EG.001) ",18.08.2023,10:30  ,11:00
CH5139,Reaktordesign ,Lehrstuhl für Technische Chemie I (Prof. Hinrichsen) ,Prüfungstermin,Modulprüfung,fix,"MW 0001, Gustav-Niemann-Hörsaal (5510.EG.001) ",18.08.2023,11:00  ,12:30
CH5139,Reaktordesign ,Lehrstuhl für Technische Chemie I (Prof. Hinrichsen) ,Nachbereitung,Modulprüfung,fix,"MW 0001, Gustav-Niemann-Hörsaal (5510.EG.001) ",18.08.2023,12:30  ,13:00
CH5139,Reaktordesign ,Lehrstuhl für Technische Chemie I (Prof. Hinrichsen) ,Aufbau u. Vorbereitung,Modulprüfung,fix,"2501, Rudolf-Mößbauer-Hörsaal (5101.EG.501) ",18.08.2023,10:30  ,11:00
CH5139,Reaktordesign ,Lehrstuhl für Technische Chemie I (Prof. Hinrichsen) ,Prüfungstermin,Modulprüfung,fix,"2501, Rudolf-Mößbauer-Hörsaal (5101.EG.501) ",18.08.2023,11:00  ,12:30
CH5139,Reaktordesign ,Lehrstuhl für Technische Chemie I (Prof. Hinrichsen) ,Nachbereitung,Modulprüfung,fix,"2501, Rudolf-Mößbauer-Hörsaal (5101.EG.501) ",18.08.2023,12:30  ,13:00
CH7201-1,"Physikalische Chemie 0/1, schriftliche Prüfung ",Professur für Physikalische Chemie mit Schwerpunkt Katalyse (Prof. Günther) ,Aufbau u. Vorbereitung,Modulprüfung,fix,"101, Hörsaal 1, ""Interims I"" (5620.01.101) ",24.07.2023,13:00  ,13:30
CH7201-1,"Physikalische Chemie 0/1, schriftliche Prüfung ",Professur für Physikalische Chemie mit Schwerpunkt Katalyse (Prof. Günther) ,Prüfungstermin,Modulprüfung,fix,"101, Hörsaal 1, ""Interims I"" (5620.01.101) ",24.07.2023,13:30  ,15:00
CH7201-1,"Physikalische Chemie 0/1, schriftliche Prüfung ",Professur für Physikalische Chemie mit Schwerpunkt Katalyse (Prof. Günther) ,Nachbereitung,Modulprüfung,fix,"101, Hörsaal 1, ""Interims I"" (5620.01.101) ",24.07.2023,15:00  ,15:30
CH7201-1,"Physikalische Chemie 0/1, schriftliche Prüfung ",Professur für Physikalische Chemie mit Schwerpunkt Katalyse (Prof. Günther) ,Aufbau u. Vorbereitung,Modulprüfung,fix,"00.02.001, MI HS 1, Friedrich L. Bauer Hörsaal (5602.EG.001) ",24.07.2023,13:00  ,13:30
CH7201-1,"Physikalische Chemie 0/1, schriftliche Prüfung ",Professur für Physikalische Chemie mit Schwerpunkt Katalyse (Prof. Günther) ,Prüfungstermin,Modulprüfung,fix,"00.02.001, MI HS 1, Friedrich L. Bauer Hörsaal (5602.EG.001) ",24.07.2023,13:30  ,15:00
CH7201-1,"Physikalische Chemie 0/1, schriftliche Prüfung ",Professur für Physikalische Chemie mit Schwerpunkt Katalyse (Prof. Günther) ,Nachbereitung,Modulprüfung,fix,"00.02.001, MI HS 1, Friedrich L. Bauer Hörsaal (5602.EG.001) ",24.07.2023,15:00  ,15:30
CH7202,Chemische und Biochemische Grundlagen ,Professur für Strukturelle Membranbiochemie (Prof. Hagn) ,Aufbau u. Vorbereitung,Modulprüfung,fix,"00.5901.051, Hörsaal (5901.EG.051) ",11.08.2023,10:30  ,11:00
CH7202,Chemische und Biochemische Grundlagen ,Professur für Strukturelle Membranbiochemie (Prof. Hagn) ,Prüfungstermin,Modulprüfung,fix,"00.5901.051, Hörsaal (5901.EG.051) ",11.08.2023,11:00  ,14:00
CH7202,Chemische und Biochemische Grundlagen ,Professur für Strukturelle Membranbiochemie (Prof. Hagn) ,Nachbereitung,Modulprüfung,fix,"00.5901.051, Hörsaal (5901.EG.051) ",11.08.2023,14:00  ,14:30
CH7202,Chemische und Biochemische Grundlagen ,Professur für Strukturelle Membranbiochemie (Prof. Hagn) ,Aufbau u. Vorbereitung,Modulprüfung,fix,Seminarraum Taurus 1 im Galileo Mo-Fr 7-19 Uhr (8120.EG.002) ,11.08.2023,10:30  ,11:00
CH7202,Chemische und Biochemische Grundlagen ,Professur für Strukturelle Membranbiochemie (Prof. Hagn) ,Prüfungstermin,Modulprüfung,fix,Seminarraum Taurus 1 im Galileo Mo-Fr 7-19 Uhr (8120.EG.002) ,11.08.2023,11:00  ,14:00
CH7202,Chemische und Biochemische Grundlagen ,Professur für Strukturelle Membranbiochemie (Prof. Hagn) ,Nachbereitung,Modulprüfung,fix,Seminarraum Taurus 1 im Galileo Mo-Fr 7-19 Uhr (8120.EG.002) ,11.08.2023,14:00  ,14:30
CH7202,Chemische und Biochemische Grundlagen ,Professur für Strukturelle Membranbiochemie (Prof. Hagn) ,Aufbau u. Vorbereitung,Modulprüfung,fix,"CH 27402, Walter-Hieber-Hörsaal (5407.01.740B) ",04.10.2023,10:30  ,11:00
CH7202,Chemische und Biochemische Grundlagen ,Professur für Strukturelle Membranbiochemie (Prof. Hagn) ,Prüfungstermin,Modulprüfung,fix,"CH 27402, Walter-Hieber-Hörsaal (5407.01.740B) ",04.10.2023,11:00  ,14:00
CH7202,Chemische und Biochemische Grundlagen ,Professur für Strukturelle Membranbiochemie (Prof. Hagn) ,Nachbereitung,Modulprüfung,fix,"CH 27402, Walter-Hieber-Hörsaal (5407.01.740B) ",04.10.2023,14:00  ,14:30
CH7202,Chemische und Biochemische Grundlagen ,Professur für Strukturelle Membranbiochemie (Prof. Hagn) ,Aufbau u. Vorbereitung,Modulprüfung,fix,"605, Hörsaal (2907.06.605) ",04.10.2023,10:30  ,11:00
CH7202,Chemische und Biochemische Grundlagen ,Professur für Strukturelle Membranbiochemie (Prof. Hagn) ,Prüfungstermin,Modulprüfung,fix,"605, Hörsaal (2907.06.605) ",04.10.2023,11:00  ,14:00
CH7202,Chemische und Biochemische Grundlagen ,Professur für Strukturelle Membranbiochemie (Prof. Hagn) ,Nachbereitung,Modulprüfung,fix,"605, Hörsaal (2907.06.605) ",04.10.2023,14:00  ,14:30
