CIT5130001,Applied Statistics and Data Analysis ,Department of Mathematics ,Aufbau u. Vorbereitung,Modulprüfung,fix,"00.02.001, MI HS 1, Friedrich L. Bauer Hörsaal (5602.EG.001) ",09.08.2023,13:00  ,13:30
CIT5130001,Applied Statistics and Data Analysis ,Department of Mathematics ,Prüfungstermin,Modulprüfung,fix,"00.02.001, MI HS 1, Friedrich L. Bauer Hörsaal (5602.EG.001) ",09.08.2023,13:30  ,14:30
CIT5130001,Applied Statistics and Data Analysis ,Department of Mathematics ,Nachbereitung,Modulprüfung,fix,"00.02.001, MI HS 1, Friedrich L. Bauer Hörsaal (5602.EG.001) ",09.08.2023,14:30  ,15:00
CIT5130001,Applied Statistics and Data Analysis ,Department of Mathematics ,Aufbau u. Vorbereitung,Modulprüfung,fix,"2501, Rudolf-Mößbauer-Hörsaal (5101.EG.501) ",09.08.2023,13:00  ,13:30
CIT5130001,Applied Statistics and Data Analysis ,Department of Mathematics ,Prüfungstermin,Modulprüfung,fix,"2501, Rudolf-Mößbauer-Hörsaal (5101.EG.501) ",09.08.2023,13:30  ,14:30
CIT5130001,Applied Statistics and Data Analysis ,Department of Mathematics ,Nachbereitung,Modulprüfung,fix,"2501, Rudolf-Mößbauer-Hörsaal (5101.EG.501) ",09.08.2023,14:30  ,15:00
MA0002,Analysis 2 ,Department of Mathematics ,Aufbau u. Vorbereitung,Modulprüfung,fix,MW 2001 Rudolf-Diesel-Hörsaal (5510.02.001) ,10.08.2023,07:30  ,08:00
MA0002,Analysis 2 ,Department of Mathematics ,Prüfungstermin,Modulprüfung,fix,MW 2001 Rudolf-Diesel-Hörsaal (5510.02.001) ,10.08.2023,08:00  ,10:00
MA0002,Analysis 2 ,Department of Mathematics ,Nachbereitung,Modulprüfung,fix,MW 2001 Rudolf-Diesel-Hörsaal (5510.02.001) ,10.08.2023,10:00  ,10:30
MA0002,Analysis 2 ,Department of Mathematics ,Aufbau u. Vorbereitung,Modulprüfung,geplant,"1450, Willy-Messerschmitt-Zeichensaal (5504.01.450) ",10.08.2023,07:30  ,08:00
MA0002,Analysis 2 ,Department of Mathematics ,Prüfungstermin,Modulprüfung,geplant,"1450, Willy-Messerschmitt-Zeichensaal (5504.01.450) ",10.08.2023,08:00  ,10:00
MA0002,Analysis 2 ,Department of Mathematics ,Nachbereitung,Modulprüfung,geplant,"1450, Willy-Messerschmitt-Zeichensaal (5504.01.450) ",10.08.2023,10:00  ,10:30
MA0002,Analysis 2 ,Department of Mathematics ,Aufbau u. Vorbereitung,Modulprüfung,fix,"MW 0001, Gustav-Niemann-Hörsaal (5510.EG.001) ",06.10.2023,13:00  ,13:30
MA0002,Analysis 2 ,Department of Mathematics ,Prüfungstermin,Modulprüfung,fix,"MW 0001, Gustav-Niemann-Hörsaal (5510.EG.001) ",06.10.2023,13:30  ,15:30
MA0002,Analysis 2 ,Department of Mathematics ,Nachbereitung,Modulprüfung,fix,"MW 0001, Gustav-Niemann-Hörsaal (5510.EG.001) ",06.10.2023,15:30  ,16:00
MA0005,Lineare Algebra 2 und Diskrete Strukturen ,Department of Mathematics ,Aufbau u. Vorbereitung,Modulprüfung,fix,"MW 0001, Gustav-Niemann-Hörsaal (5510.EG.001) ",04.08.2023,10:00  ,10:30
MA0005,Lineare Algebra 2 und Diskrete Strukturen ,Department of Mathematics ,Prüfungstermin,Modulprüfung,fix,"MW 0001, Gustav-Niemann-Hörsaal (5510.EG.001) ",04.08.2023,10:30  ,12:30
MA0005,Lineare Algebra 2 und Diskrete Strukturen ,Department of Mathematics ,Nachbereitung,Modulprüfung,fix,"MW 0001, Gustav-Niemann-Hörsaal (5510.EG.001) ",04.08.2023,12:30  ,13:00
MA0005,Lineare Algebra 2 und Diskrete Strukturen ,Department of Mathematics ,Aufbau u. Vorbereitung,Modulprüfung,fix,"1350, Ludwig-Burmester-Zeichensaal (5503.01.350) ",04.08.2023,10:00  ,10:30
MA0005,Lineare Algebra 2 und Diskrete Strukturen ,Department of Mathematics ,Prüfungstermin,Modulprüfung,fix,"1350, Ludwig-Burmester-Zeichensaal (5503.01.350) ",04.08.2023,10:30  ,12:30
MA0005,Lineare Algebra 2 und Diskrete Strukturen ,Department of Mathematics ,Nachbereitung,Modulprüfung,fix,"1350, Ludwig-Burmester-Zeichensaal (5503.01.350) ",04.08.2023,12:30  ,13:00
MA0005,Lineare Algebra 2 und Diskrete Strukturen ,Department of Mathematics ,Aufbau u. Vorbereitung,Modulprüfung,fix,"MW 2050, Zeichen-/Hörsaal (5510.02.050) ",04.08.2023,10:00  ,10:30
MA0005,Lineare Algebra 2 und Diskrete Strukturen ,Department of Mathematics ,Prüfungstermin,Modulprüfung,fix,"MW 2050, Zeichen-/Hörsaal (5510.02.050) ",04.08.2023,10:30  ,12:30
MA0005,Lineare Algebra 2 und Diskrete Strukturen ,Department of Mathematics ,Nachbereitung,Modulprüfung,fix,"MW 2050, Zeichen-/Hörsaal (5510.02.050) ",04.08.2023,12:30  ,13:00
MA0005,Lineare Algebra 2 und Diskrete Strukturen ,Department of Mathematics ,Aufbau u. Vorbereitung,Modulprüfung,fix,"MW 0001, Gustav-Niemann-Hörsaal (5510.EG.001) ",13.10.2023,07:30  ,08:00
MA0005,Lineare Algebra 2 und Diskrete Strukturen ,Department of Mathematics ,Prüfungstermin,Modulprüfung,fix,"MW 0001, Gustav-Niemann-Hörsaal (5510.EG.001) ",13.10.2023,08:00  ,10:00
MA0005,Lineare Algebra 2 und Diskrete Strukturen ,Department of Mathematics ,Nachbereitung,Modulprüfung,fix,"MW 0001, Gustav-Niemann-Hörsaal (5510.EG.001) ",13.10.2023,10:00  ,10:30
MA0901,Lineare Algebra für Informatik ,Department of Mathematics ,Aufbau u. Vorbereitung,Modulprüfung,fix,MW 2001 Rudolf-Diesel-Hörsaal (5510.02.001) ,04.08.2023,13:00  ,13:30
MA0901,Lineare Algebra für Informatik ,Department of Mathematics ,Prüfungstermin,Modulprüfung,fix,MW 2001 Rudolf-Diesel-Hörsaal (5510.02.001) ,04.08.2023,13:30  ,15:00
MA0901,Lineare Algebra für Informatik ,Department of Mathematics ,Nachbereitung,Modulprüfung,fix,MW 2001 Rudolf-Diesel-Hörsaal (5510.02.001) ,04.08.2023,15:00  ,15:30
MA0901,Lineare Algebra für Informatik ,Department of Mathematics ,Aufbau u. Vorbereitung,Modulprüfung,fix,"MW 0001, Gustav-Niemann-Hörsaal (5510.EG.001) ",04.08.2023,13:00  ,13:30
MA0901,Lineare Algebra für Informatik ,Department of Mathematics ,Prüfungstermin,Modulprüfung,fix,"MW 0001, Gustav-Niemann-Hörsaal (5510.EG.001) ",04.08.2023,13:30  ,15:00
MA0901,Lineare Algebra für Informatik ,Department of Mathematics ,Nachbereitung,Modulprüfung,fix,"MW 0001, Gustav-Niemann-Hörsaal (5510.EG.001) ",04.08.2023,15:00  ,15:30
MA0901,Lineare Algebra für Informatik ,Department of Mathematics ,Aufbau u. Vorbereitung,Modulprüfung,fix,"1200, Carl-von-Linde-Hörsaal (0502.01.200) ",04.08.2023,13:00  ,13:30
MA0901,Lineare Algebra für Informatik ,Department of Mathematics ,Prüfungstermin,Modulprüfung,fix,"1200, Carl-von-Linde-Hörsaal (0502.01.200) ",04.08.2023,13:30  ,15:00
MA0901,Lineare Algebra für Informatik ,Department of Mathematics ,Nachbereitung,Modulprüfung,fix,"1200, Carl-von-Linde-Hörsaal (0502.01.200) ",04.08.2023,15:00  ,15:30
MA0901,Lineare Algebra für Informatik ,Department of Mathematics ,Aufbau u. Vorbereitung,Modulprüfung,fix,"N 1190, Hans-Heinrich-Meinke-Hörsaal (0101.02.190) ",04.08.2023,13:00  ,13:30
MA0901,Lineare Algebra für Informatik ,Department of Mathematics ,Prüfungstermin,Modulprüfung,fix,"N 1190, Hans-Heinrich-Meinke-Hörsaal (0101.02.190) ",04.08.2023,13:30  ,15:00
MA0901,Lineare Algebra für Informatik ,Department of Mathematics ,Nachbereitung,Modulprüfung,fix,"N 1190, Hans-Heinrich-Meinke-Hörsaal (0101.02.190) ",04.08.2023,15:00  ,15:30
MA0901,Lineare Algebra für Informatik ,Department of Mathematics ,Aufbau u. Vorbereitung,Modulprüfung,fix,"101, Hörsaal 1, ""Interims I"" (5620.01.101) ",04.08.2023,13:00  ,13:30
MA0901,Lineare Algebra für Informatik ,Department of Mathematics ,Prüfungstermin,Modulprüfung,fix,"101, Hörsaal 1, ""Interims I"" (5620.01.101) ",04.08.2023,13:30  ,15:00
MA0901,Lineare Algebra für Informatik ,Department of Mathematics ,Nachbereitung,Modulprüfung,fix,"101, Hörsaal 1, ""Interims I"" (5620.01.101) ",04.08.2023,15:00  ,15:30
MA0901,Lineare Algebra für Informatik ,Department of Mathematics ,Aufbau u. Vorbereitung,Modulprüfung,fix,"00.02.001, MI HS 1, Friedrich L. Bauer Hörsaal (5602.EG.001) ",04.08.2023,13:00  ,13:30
MA0901,Lineare Algebra für Informatik ,Department of Mathematics ,Prüfungstermin,Modulprüfung,fix,"00.02.001, MI HS 1, Friedrich L. Bauer Hörsaal (5602.EG.001) ",04.08.2023,13:30  ,15:00
MA0901,Lineare Algebra für Informatik ,Department of Mathematics ,Nachbereitung,Modulprüfung,fix,"00.02.001, MI HS 1, Friedrich L. Bauer Hörsaal (5602.EG.001) ",04.08.2023,15:00  ,15:30
MA0901,Lineare Algebra für Informatik ,Department of Mathematics ,Aufbau u. Vorbereitung,Modulprüfung,fix,"MW 1801, Ernst-Schmidt-Hörsaal (5508.02.801) ",04.08.2023,13:00  ,13:30
MA0901,Lineare Algebra für Informatik ,Department of Mathematics ,Prüfungstermin,Modulprüfung,fix,"MW 1801, Ernst-Schmidt-Hörsaal (5508.02.801) ",04.08.2023,13:30  ,15:00
MA0901,Lineare Algebra für Informatik ,Department of Mathematics ,Nachbereitung,Modulprüfung,fix,"MW 1801, Ernst-Schmidt-Hörsaal (5508.02.801) ",04.08.2023,15:00  ,15:30
MA0901,Lineare Algebra für Informatik ,Department of Mathematics ,Aufbau u. Vorbereitung,Modulprüfung,fix,"2501, Rudolf-Mößbauer-Hörsaal (5101.EG.501) ",04.08.2023,13:00  ,13:30
MA0901,Lineare Algebra für Informatik ,Department of Mathematics ,Prüfungstermin,Modulprüfung,fix,"2501, Rudolf-Mößbauer-Hörsaal (5101.EG.501) ",04.08.2023,13:30  ,15:00
MA0901,Lineare Algebra für Informatik ,Department of Mathematics ,Nachbereitung,Modulprüfung,fix,"2501, Rudolf-Mößbauer-Hörsaal (5101.EG.501) ",04.08.2023,15:00  ,15:30
MA0901,Lineare Algebra für Informatik ,Department of Mathematics ,Aufbau u. Vorbereitung,Modulprüfung,fix,"0980, Audimax (0509.EG.980) ",04.08.2023,13:00  ,13:30
MA0901,Lineare Algebra für Informatik ,Department of Mathematics ,Prüfungstermin,Modulprüfung,fix,"0980, Audimax (0509.EG.980) ",04.08.2023,13:30  ,15:00
MA0901,Lineare Algebra für Informatik ,Department of Mathematics ,Nachbereitung,Modulprüfung,fix,"0980, Audimax (0509.EG.980) ",04.08.2023,15:00  ,15:30
MA0901,Lineare Algebra für Informatik ,Department of Mathematics ,Aufbau u. Vorbereitung,Modulprüfung,fix,"2750, Karl Max von Bauernfeind Hörsaal (0507.03.750) ",04.08.2023,13:00  ,13:30
MA0901,Lineare Algebra für Informatik ,Department of Mathematics ,Prüfungstermin,Modulprüfung,fix,"2750, Karl Max von Bauernfeind Hörsaal (0507.03.750) ",04.08.2023,13:30  ,15:00
MA0901,Lineare Algebra für Informatik ,Department of Mathematics ,Nachbereitung,Modulprüfung,fix,"2750, Karl Max von Bauernfeind Hörsaal (0507.03.750) ",04.08.2023,15:00  ,15:30
MA0901,Lineare Algebra für Informatik ,Department of Mathematics ,Aufbau u. Vorbereitung,Modulprüfung,fix,Hörsaal im Galileo nur Mo-Do 7-19 Uhr (8120.EG.001) ,02.10.2023,13:00  ,13:30
MA0901,Lineare Algebra für Informatik ,Department of Mathematics ,Prüfungstermin,Modulprüfung,fix,Hörsaal im Galileo nur Mo-Do 7-19 Uhr (8120.EG.001) ,02.10.2023,13:30  ,15:00
MA0901,Lineare Algebra für Informatik ,Department of Mathematics ,Nachbereitung,Modulprüfung,fix,Hörsaal im Galileo nur Mo-Do 7-19 Uhr (8120.EG.001) ,02.10.2023,15:00  ,15:30
MA0901,Lineare Algebra für Informatik ,Department of Mathematics ,Aufbau u. Vorbereitung,Modulprüfung,fix,"003, Hörsaal 2, ""Interims II"" (5416.01.003) ",02.10.2023,13:00  ,13:30
MA0901,Lineare Algebra für Informatik ,Department of Mathematics ,Prüfungstermin,Modulprüfung,fix,"003, Hörsaal 2, ""Interims II"" (5416.01.003) ",02.10.2023,13:30  ,15:00
MA0901,Lineare Algebra für Informatik ,Department of Mathematics ,Nachbereitung,Modulprüfung,fix,"003, Hörsaal 2, ""Interims II"" (5416.01.003) ",02.10.2023,15:00  ,15:30
MA0901,Lineare Algebra für Informatik ,Department of Mathematics ,Aufbau u. Vorbereitung,Modulprüfung,fix,"2501, Rudolf-Mößbauer-Hörsaal (5101.EG.501) ",02.10.2023,13:00  ,13:30
MA0901,Lineare Algebra für Informatik ,Department of Mathematics ,Prüfungstermin,Modulprüfung,fix,"2501, Rudolf-Mößbauer-Hörsaal (5101.EG.501) ",02.10.2023,13:30  ,15:00
MA0901,Lineare Algebra für Informatik ,Department of Mathematics ,Nachbereitung,Modulprüfung,fix,"2501, Rudolf-Mößbauer-Hörsaal (5101.EG.501) ",02.10.2023,15:00  ,15:30
MA0901,Lineare Algebra für Informatik ,Department of Mathematics ,Aufbau u. Vorbereitung,Modulprüfung,fix,"004, Hörsaal 1 ""Interims II"" (5416.01.004) ",02.10.2023,13:00  ,13:30
MA0901,Lineare Algebra für Informatik ,Department of Mathematics ,Prüfungstermin,Modulprüfung,fix,"004, Hörsaal 1 ""Interims II"" (5416.01.004) ",02.10.2023,13:30  ,15:00
MA0901,Lineare Algebra für Informatik ,Department of Mathematics ,Nachbereitung,Modulprüfung,fix,"004, Hörsaal 1 ""Interims II"" (5416.01.004) ",02.10.2023,15:00  ,15:30
MA0901,Lineare Algebra für Informatik ,Department of Mathematics ,Aufbau u. Vorbereitung,Modulprüfung,fix,Audimax im Galileo nur Mo-Di 7-19 Uhr (8120.01.101) ,02.10.2023,13:00  ,13:30
MA0901,Lineare Algebra für Informatik ,Department of Mathematics ,Prüfungstermin,Modulprüfung,fix,Audimax im Galileo nur Mo-Di 7-19 Uhr (8120.01.101) ,02.10.2023,13:30  ,15:00
MA0901,Lineare Algebra für Informatik ,Department of Mathematics ,Nachbereitung,Modulprüfung,fix,Audimax im Galileo nur Mo-Di 7-19 Uhr (8120.01.101) ,02.10.2023,15:00  ,15:30
MA2006,Funktionentheorie ,Department of Mathematics ,Aufbau u. Vorbereitung,Modulprüfung,fix,"MW 0001, Gustav-Niemann-Hörsaal (5510.EG.001) ",24.07.2023,13:00  ,13:30
MA2006,Funktionentheorie ,Department of Mathematics ,Prüfungstermin,Modulprüfung,fix,"MW 0001, Gustav-Niemann-Hörsaal (5510.EG.001) ",24.07.2023,13:30  ,14:30
MA2006,Funktionentheorie ,Department of Mathematics ,Nachbereitung,Modulprüfung,fix,"MW 0001, Gustav-Niemann-Hörsaal (5510.EG.001) ",24.07.2023,14:30  ,15:00
MA2006,Funktionentheorie ,Department of Mathematics ,Aufbau u. Vorbereitung,Modulprüfung,fix,"MW 0001, Gustav-Niemann-Hörsaal (5510.EG.001) ",02.10.2023,13:00  ,14:30
MA2006,Funktionentheorie ,Department of Mathematics ,Prüfungstermin,Modulprüfung,fix,"MW 0001, Gustav-Niemann-Hörsaal (5510.EG.001) ",02.10.2023,14:30  ,15:30
MA2006,Funktionentheorie ,Department of Mathematics ,Nachbereitung,Modulprüfung,fix,"MW 0001, Gustav-Niemann-Hörsaal (5510.EG.001) ",02.10.2023,15:30  ,16:00
MA2010,Algebra ,Department of Mathematics ,Aufbau u. Vorbereitung,Modulprüfung,fix,"101, Hörsaal 1, ""Interims I"" (5620.01.101) ",02.08.2023,13:00  ,13:30
MA2010,Algebra ,Department of Mathematics ,Prüfungstermin,Modulprüfung,fix,"101, Hörsaal 1, ""Interims I"" (5620.01.101) ",02.08.2023,13:30  ,15:00
MA2010,Algebra ,Department of Mathematics ,Nachbereitung,Modulprüfung,fix,"101, Hörsaal 1, ""Interims I"" (5620.01.101) ",02.08.2023,15:00  ,15:30
MA2010,Algebra ,Department of Mathematics ,Aufbau u. Vorbereitung,Modulprüfung,fix,"1350, Ludwig-Burmester-Zeichensaal (5503.01.350) ",02.08.2023,13:00  ,13:30
MA2010,Algebra ,Department of Mathematics ,Prüfungstermin,Modulprüfung,fix,"1350, Ludwig-Burmester-Zeichensaal (5503.01.350) ",02.08.2023,13:30  ,15:00
MA2010,Algebra ,Department of Mathematics ,Nachbereitung,Modulprüfung,fix,"1350, Ludwig-Burmester-Zeichensaal (5503.01.350) ",02.08.2023,15:00  ,15:30
MA2010,Algebra ,Department of Mathematics ,Aufbau u. Vorbereitung,Modulprüfung,fix,"MW 0001, Gustav-Niemann-Hörsaal (5510.EG.001) ",10.10.2023,10:30  ,11:00
MA2010,Algebra ,Department of Mathematics ,Prüfungstermin,Modulprüfung,fix,"MW 0001, Gustav-Niemann-Hörsaal (5510.EG.001) ",10.10.2023,11:00  ,12:30
MA2010,Algebra ,Department of Mathematics ,Nachbereitung,Modulprüfung,fix,"MW 0001, Gustav-Niemann-Hörsaal (5510.EG.001) ",10.10.2023,12:30  ,13:00
MA2011,Geometrie ,Department of Mathematics ,Aufbau u. Vorbereitung,Modulprüfung,fix,MW 2001 Rudolf-Diesel-Hörsaal (5510.02.001) ,09.08.2023,13:00  ,13:30
MA2011,Geometrie ,Department of Mathematics ,Prüfungstermin,Modulprüfung,fix,MW 2001 Rudolf-Diesel-Hörsaal (5510.02.001) ,09.08.2023,13:30  ,15:00
MA2011,Geometrie ,Department of Mathematics ,Nachbereitung,Modulprüfung,fix,MW 2001 Rudolf-Diesel-Hörsaal (5510.02.001) ,09.08.2023,15:00  ,15:30
MA2011,Geometrie ,Department of Mathematics ,Aufbau u. Vorbereitung,Modulprüfung,fix,"1350, Ludwig-Burmester-Zeichensaal (5503.01.350) ",12.10.2023,13:00  ,13:30
MA2011,Geometrie ,Department of Mathematics ,Prüfungstermin,Modulprüfung,fix,"1350, Ludwig-Burmester-Zeichensaal (5503.01.350) ",12.10.2023,13:30  ,15:00
MA2011,Geometrie ,Department of Mathematics ,Nachbereitung,Modulprüfung,fix,"1350, Ludwig-Burmester-Zeichensaal (5503.01.350) ",12.10.2023,15:00  ,15:30
MA2011,Geometrie ,Department of Mathematics ,Aufbau u. Vorbereitung,Modulprüfung,fix,"1550, Georg-Kühne-Zeichensaal (5505.01.550) ",12.10.2023,13:00  ,13:30
MA2011,Geometrie ,Department of Mathematics ,Prüfungstermin,Modulprüfung,fix,"1550, Georg-Kühne-Zeichensaal (5505.01.550) ",12.10.2023,13:30  ,15:00
MA2011,Geometrie ,Department of Mathematics ,Nachbereitung,Modulprüfung,fix,"1550, Georg-Kühne-Zeichensaal (5505.01.550) ",12.10.2023,15:00  ,15:30
MA2012,Einführung in die Optimierung ,Department of Mathematics ,Aufbau u. Vorbereitung,Modulprüfung,fix,"1350, Ludwig-Burmester-Zeichensaal (5503.01.350) ",28.07.2023,13:00  ,13:30
MA2012,Einführung in die Optimierung ,Department of Mathematics ,Prüfungstermin,Modulprüfung,fix,"1350, Ludwig-Burmester-Zeichensaal (5503.01.350) ",28.07.2023,13:30  ,15:00
MA2012,Einführung in die Optimierung ,Department of Mathematics ,Nachbereitung,Modulprüfung,fix,"1350, Ludwig-Burmester-Zeichensaal (5503.01.350) ",28.07.2023,15:00  ,15:30
MA2012,Einführung in die Optimierung ,Department of Mathematics ,Aufbau u. Vorbereitung,Modulprüfung,fix,"004, Hörsaal 1 ""Interims II"" (5416.01.004) ",28.07.2023,13:00  ,13:30
MA2012,Einführung in die Optimierung ,Department of Mathematics ,Prüfungstermin,Modulprüfung,fix,"004, Hörsaal 1 ""Interims II"" (5416.01.004) ",28.07.2023,13:30  ,15:00
MA2012,Einführung in die Optimierung ,Department of Mathematics ,Nachbereitung,Modulprüfung,fix,"004, Hörsaal 1 ""Interims II"" (5416.01.004) ",28.07.2023,15:00  ,15:30
MA2012,Einführung in die Optimierung ,Department of Mathematics ,Aufbau u. Vorbereitung,Modulprüfung,fix,"1550, Georg-Kühne-Zeichensaal (5505.01.550) ",02.10.2023,10:30  ,11:00
MA2012,Einführung in die Optimierung ,Department of Mathematics ,Prüfungstermin,Modulprüfung,fix,"1550, Georg-Kühne-Zeichensaal (5505.01.550) ",02.10.2023,11:00  ,12:30
MA2012,Einführung in die Optimierung ,Department of Mathematics ,Nachbereitung,Modulprüfung,fix,"1550, Georg-Kühne-Zeichensaal (5505.01.550) ",02.10.2023,12:30  ,13:00
MA2404,Markovketten ,Department of Mathematics ,Aufbau u. Vorbereitung,Modulprüfung,fix,Audimax im Galileo nur Mo-Di 7-19 Uhr (8120.01.101) ,31.07.2023,10:30  ,11:00
MA2404,Markovketten ,Department of Mathematics ,Prüfungstermin,Modulprüfung,fix,Audimax im Galileo nur Mo-Di 7-19 Uhr (8120.01.101) ,31.07.2023,11:00  ,12:00
MA2404,Markovketten ,Department of Mathematics ,Nachbereitung,Modulprüfung,fix,Audimax im Galileo nur Mo-Di 7-19 Uhr (8120.01.101) ,31.07.2023,12:00  ,12:30
MA2404,Markovketten ,Department of Mathematics ,Aufbau u. Vorbereitung,Modulprüfung,fix,"004, Hörsaal 1 ""Interims II"" (5416.01.004) ",11.10.2023,13:00  ,13:30
MA2404,Markovketten ,Department of Mathematics ,Prüfungstermin,Modulprüfung,fix,"004, Hörsaal 1 ""Interims II"" (5416.01.004) ",11.10.2023,13:30  ,14:30
MA2404,Markovketten ,Department of Mathematics ,Nachbereitung,Modulprüfung,fix,"004, Hörsaal 1 ""Interims II"" (5416.01.004) ",11.10.2023,14:30  ,15:00
MA3005,Partielle Differentialgleichungen ,Department of Mathematics ,Aufbau u. Vorbereitung,Modulprüfung,fix,"00.02.001, MI HS 1, Friedrich L. Bauer Hörsaal (5602.EG.001) ",03.08.2023,10:30  ,11:00
MA3005,Partielle Differentialgleichungen ,Department of Mathematics ,Prüfungstermin,Modulprüfung,fix,"00.02.001, MI HS 1, Friedrich L. Bauer Hörsaal (5602.EG.001) ",03.08.2023,11:00  ,12:30
MA3005,Partielle Differentialgleichungen ,Department of Mathematics ,Nachbereitung,Modulprüfung,fix,"00.02.001, MI HS 1, Friedrich L. Bauer Hörsaal (5602.EG.001) ",03.08.2023,12:30  ,13:00
MA3005,Partielle Differentialgleichungen ,Department of Mathematics ,Aufbau u. Vorbereitung,Modulprüfung,fix,"00.02.001, MI HS 1, Friedrich L. Bauer Hörsaal (5602.EG.001) ",04.10.2023,15:00  ,15:30
MA3005,Partielle Differentialgleichungen ,Department of Mathematics ,Prüfungstermin,Modulprüfung,fix,"00.02.001, MI HS 1, Friedrich L. Bauer Hörsaal (5602.EG.001) ",04.10.2023,15:30  ,17:00
MA3005,Partielle Differentialgleichungen ,Department of Mathematics ,Nachbereitung,Modulprüfung,fix,"00.02.001, MI HS 1, Friedrich L. Bauer Hörsaal (5602.EG.001) ",04.10.2023,17:00  ,17:30
MA3081,Dynamische Systeme ,Department of Mathematics ,Aufbau u. Vorbereitung,Modulprüfung,fix,"MW 1801, Ernst-Schmidt-Hörsaal (5508.02.801) ",07.08.2023,10:30  ,11:00
MA3081,Dynamische Systeme ,Department of Mathematics ,Prüfungstermin,Modulprüfung,fix,"MW 1801, Ernst-Schmidt-Hörsaal (5508.02.801) ",07.08.2023,11:00  ,12:30
MA3081,Dynamische Systeme ,Department of Mathematics ,Nachbereitung,Modulprüfung,fix,"MW 1801, Ernst-Schmidt-Hörsaal (5508.02.801) ",07.08.2023,12:30  ,13:00
MA3081,Dynamische Systeme ,Department of Mathematics ,Aufbau u. Vorbereitung,Modulprüfung,fix,"1350, Ludwig-Burmester-Zeichensaal (5503.01.350) ",09.10.2023,13:00  ,13:30
MA3081,Dynamische Systeme ,Department of Mathematics ,Prüfungstermin,Modulprüfung,fix,"1350, Ludwig-Burmester-Zeichensaal (5503.01.350) ",09.10.2023,13:30  ,15:00
MA3081,Dynamische Systeme ,Department of Mathematics ,Nachbereitung,Modulprüfung,fix,"1350, Ludwig-Burmester-Zeichensaal (5503.01.350) ",09.10.2023,15:00  ,15:00
MA3303,Numerik partieller Differentialgleichungen ,Department of Mathematics ,Aufbau u. Vorbereitung,Modulprüfung,fix,"102, Hörsaal 2, ""Interims I"" (5620.01.102) ",10.08.2023,13:00  ,13:30
MA3303,Numerik partieller Differentialgleichungen ,Department of Mathematics ,Prüfungstermin,Modulprüfung,fix,"102, Hörsaal 2, ""Interims I"" (5620.01.102) ",10.08.2023,13:30  ,15:00
MA3303,Numerik partieller Differentialgleichungen ,Department of Mathematics ,Nachbereitung,Modulprüfung,fix,"102, Hörsaal 2, ""Interims I"" (5620.01.102) ",10.08.2023,15:00  ,15:30
MA3303,Numerik partieller Differentialgleichungen ,Department of Mathematics ,Aufbau u. Vorbereitung,Modulprüfung,geplant,"1450, Willy-Messerschmitt-Zeichensaal (5504.01.450) ",13.10.2023,13:00  ,13:30
MA3303,Numerik partieller Differentialgleichungen ,Department of Mathematics ,Prüfungstermin,Modulprüfung,geplant,"1450, Willy-Messerschmitt-Zeichensaal (5504.01.450) ",13.10.2023,13:30  ,15:00
MA3303,Numerik partieller Differentialgleichungen ,Department of Mathematics ,Nachbereitung,Modulprüfung,geplant,"1450, Willy-Messerschmitt-Zeichensaal (5504.01.450) ",13.10.2023,15:00  ,15:30
MA3306,Numerische Programmierung 2 ,Department of Mathematics ,Aufbau u. Vorbereitung,Modulprüfung,fix,"004, Hörsaal 1 ""Interims II"" (5416.01.004) ",03.08.2023,10:30  ,11:00
MA3306,Numerische Programmierung 2 ,Department of Mathematics ,Prüfungstermin,Modulprüfung,fix,"004, Hörsaal 1 ""Interims II"" (5416.01.004) ",03.08.2023,11:00  ,12:30
MA3306,Numerische Programmierung 2 ,Department of Mathematics ,Nachbereitung,Modulprüfung,fix,"004, Hörsaal 1 ""Interims II"" (5416.01.004) ",03.08.2023,12:30  ,13:00
MA3306,Numerische Programmierung 2 ,Department of Mathematics ,Aufbau u. Vorbereitung,Modulprüfung,fix,"1550, Georg-Kühne-Zeichensaal (5505.01.550) ",12.10.2023,10:30  ,11:00
MA3306,Numerische Programmierung 2 ,Department of Mathematics ,Prüfungstermin,Modulprüfung,fix,"1550, Georg-Kühne-Zeichensaal (5505.01.550) ",12.10.2023,11:00  ,12:30
MA3306,Numerische Programmierung 2 ,Department of Mathematics ,Nachbereitung,Modulprüfung,fix,"1550, Georg-Kühne-Zeichensaal (5505.01.550) ",12.10.2023,12:30  ,13:00
MA3404,Statistical Computing ,Department of Mathematics ,Aufbau u. Vorbereitung,Modulprüfung,geplant,"1450, Willy-Messerschmitt-Zeichensaal (5504.01.450) ",26.07.2023,10:30  ,11:00
MA3404,Statistical Computing ,Department of Mathematics ,Prüfungstermin,Modulprüfung,geplant,"1450, Willy-Messerschmitt-Zeichensaal (5504.01.450) ",26.07.2023,11:00  ,12:00
MA3404,Statistical Computing ,Department of Mathematics ,Nachbereitung,Modulprüfung,geplant,"1450, Willy-Messerschmitt-Zeichensaal (5504.01.450) ",26.07.2023,12:00  ,12:30
MA3404,Statistical Computing ,Department of Mathematics ,Aufbau u. Vorbereitung,Modulprüfung,fix,"MW 1050, Johann-Bauschinger-Zeichensaal (5510.01.050) ",26.07.2023,10:30  ,11:00
MA3404,Statistical Computing ,Department of Mathematics ,Prüfungstermin,Modulprüfung,fix,"MW 1050, Johann-Bauschinger-Zeichensaal (5510.01.050) ",26.07.2023,11:00  ,12:00
MA3404,Statistical Computing ,Department of Mathematics ,Nachbereitung,Modulprüfung,fix,"MW 1050, Johann-Bauschinger-Zeichensaal (5510.01.050) ",26.07.2023,12:00  ,12:30
MA3404,Statistical Computing ,Department of Mathematics ,Aufbau u. Vorbereitung,Modulprüfung,fix,"004, Hörsaal 1 ""Interims II"" (5416.01.004) ",06.10.2023,10:30  ,11:00
MA3404,Statistical Computing ,Department of Mathematics ,Prüfungstermin,Modulprüfung,fix,"004, Hörsaal 1 ""Interims II"" (5416.01.004) ",06.10.2023,11:00  ,12:00
MA3404,Statistical Computing ,Department of Mathematics ,Nachbereitung,Modulprüfung,fix,"004, Hörsaal 1 ""Interims II"" (5416.01.004) ",06.10.2023,12:00  ,12:30
MA3406,Insurance Mathematics 2 ,Department of Mathematics ,Aufbau u. Vorbereitung,Modulprüfung,geplant,"BC2 0.01.16, Hörsaal (8102.EG.116) ",25.07.2023,13:00  ,13:30
MA3406,Insurance Mathematics 2 ,Department of Mathematics ,Prüfungstermin,Modulprüfung,geplant,"BC2 0.01.16, Hörsaal (8102.EG.116) ",25.07.2023,13:30  ,15:00
MA3406,Insurance Mathematics 2 ,Department of Mathematics ,Nachbereitung,Modulprüfung,geplant,"BC2 0.01.16, Hörsaal (8102.EG.116) ",25.07.2023,15:00  ,15:30
MA3406,Insurance Mathematics 2 ,Department of Mathematics ,Aufbau u. Vorbereitung,Modulprüfung,geplant,"BC2 0.01.17, Hörsaal (8102.EG.117) ",25.07.2023,13:00  ,13:30
MA3406,Insurance Mathematics 2 ,Department of Mathematics ,Prüfungstermin,Modulprüfung,geplant,"BC2 0.01.17, Hörsaal (8102.EG.117) ",25.07.2023,13:30  ,15:00
MA3406,Insurance Mathematics 2 ,Department of Mathematics ,Nachbereitung,Modulprüfung,geplant,"BC2 0.01.17, Hörsaal (8102.EG.117) ",25.07.2023,15:00  ,15:30
MA3406,Insurance Mathematics 2 ,Department of Mathematics ,Aufbau u. Vorbereitung,Modulprüfung,geplant,"BC2 0.01.16, Hörsaal (8102.EG.116) ",12.10.2023,07:30  ,08:00
MA3406,Insurance Mathematics 2 ,Department of Mathematics ,Prüfungstermin,Modulprüfung,geplant,"BC2 0.01.16, Hörsaal (8102.EG.116) ",12.10.2023,08:00  ,09:30
MA3406,Insurance Mathematics 2 ,Department of Mathematics ,Nachbereitung,Modulprüfung,geplant,"BC2 0.01.16, Hörsaal (8102.EG.116) ",12.10.2023,09:30  ,10:00
MA3408,Financial Mathematics 2 ,Department of Mathematics ,Aufbau u. Vorbereitung,Modulprüfung,geplant,"BC2 0.01.16, Hörsaal (8102.EG.116) ",01.08.2023,13:00  ,13:30
MA3408,Financial Mathematics 2 ,Department of Mathematics ,Prüfungstermin,Modulprüfung,geplant,"BC2 0.01.16, Hörsaal (8102.EG.116) ",01.08.2023,13:30  ,15:00
MA3408,Financial Mathematics 2 ,Department of Mathematics ,Nachbereitung,Modulprüfung,geplant,"BC2 0.01.16, Hörsaal (8102.EG.116) ",01.08.2023,15:00  ,15:30
MA3408,Financial Mathematics 2 ,Department of Mathematics ,Aufbau u. Vorbereitung,Modulprüfung,geplant,"BC2 0.01.17, Hörsaal (8102.EG.117) ",01.08.2023,13:00  ,13:30
MA3408,Financial Mathematics 2 ,Department of Mathematics ,Prüfungstermin,Modulprüfung,geplant,"BC2 0.01.17, Hörsaal (8102.EG.117) ",01.08.2023,13:30  ,15:00
MA3408,Financial Mathematics 2 ,Department of Mathematics ,Nachbereitung,Modulprüfung,geplant,"BC2 0.01.17, Hörsaal (8102.EG.117) ",01.08.2023,15:00  ,15:30
MA3408,Financial Mathematics 2 ,Department of Mathematics ,Aufbau u. Vorbereitung,Modulprüfung,geplant,"BC2 0.01.16, Hörsaal (8102.EG.116) ",06.10.2023,07:30  ,08:00
MA3408,Financial Mathematics 2 ,Department of Mathematics ,Prüfungstermin,Modulprüfung,geplant,"BC2 0.01.16, Hörsaal (8102.EG.116) ",06.10.2023,08:00  ,09:30
MA3408,Financial Mathematics 2 ,Department of Mathematics ,Nachbereitung,Modulprüfung,geplant,"BC2 0.01.16, Hörsaal (8102.EG.116) ",06.10.2023,09:30  ,10:00
MA3442,Risikotheorie in Versicherungen ,Department of Mathematics ,Aufbau u. Vorbereitung,Modulprüfung,geplant,"BC2 0.01.16, Hörsaal (8102.EG.116) ",07.08.2023,10:30  ,11:00
MA3442,Risikotheorie in Versicherungen ,Department of Mathematics ,Prüfungstermin,Modulprüfung,geplant,"BC2 0.01.16, Hörsaal (8102.EG.116) ",07.08.2023,11:00  ,12:30
MA3442,Risikotheorie in Versicherungen ,Department of Mathematics ,Nachbereitung,Modulprüfung,geplant,"BC2 0.01.16, Hörsaal (8102.EG.116) ",07.08.2023,12:30  ,13:00
MA3442,Risikotheorie in Versicherungen ,Department of Mathematics ,Aufbau u. Vorbereitung,Modulprüfung,geplant,"BC2 0.01.17, Hörsaal (8102.EG.117) ",07.08.2023,10:30  ,11:00
MA3442,Risikotheorie in Versicherungen ,Department of Mathematics ,Prüfungstermin,Modulprüfung,geplant,"BC2 0.01.17, Hörsaal (8102.EG.117) ",07.08.2023,11:00  ,12:30
MA3442,Risikotheorie in Versicherungen ,Department of Mathematics ,Nachbereitung,Modulprüfung,geplant,"BC2 0.01.17, Hörsaal (8102.EG.117) ",07.08.2023,12:30  ,13:00
MA3442,Risikotheorie in Versicherungen ,Department of Mathematics ,Aufbau u. Vorbereitung,Modulprüfung,geplant,"BC2 0.01.17, Hörsaal (8102.EG.117) ",10.10.2023,10:30  ,11:00
MA3442,Risikotheorie in Versicherungen ,Department of Mathematics ,Prüfungstermin,Modulprüfung,geplant,"BC2 0.01.17, Hörsaal (8102.EG.117) ",10.10.2023,11:00  ,12:00
MA3442,Risikotheorie in Versicherungen ,Department of Mathematics ,Nachbereitung,Modulprüfung,geplant,"BC2 0.01.17, Hörsaal (8102.EG.117) ",10.10.2023,12:00  ,12:30
MA4402,Computational Statistics ,Department of Mathematics ,Aufbau u. Vorbereitung,Modulprüfung,geplant,"BC2 0.01.16, Hörsaal (8102.EG.116) ",04.08.2023,13:00  ,13:30
MA4402,Computational Statistics ,Department of Mathematics ,Prüfungstermin,Modulprüfung,geplant,"BC2 0.01.16, Hörsaal (8102.EG.116) ",04.08.2023,13:30  ,14:30
MA4402,Computational Statistics ,Department of Mathematics ,Nachbereitung,Modulprüfung,geplant,"BC2 0.01.16, Hörsaal (8102.EG.116) ",04.08.2023,14:30  ,15:00
MA4402,Computational Statistics ,Department of Mathematics ,Aufbau u. Vorbereitung,Modulprüfung,geplant,"1450, Willy-Messerschmitt-Zeichensaal (5504.01.450) ",04.08.2023,13:00  ,13:30
MA4402,Computational Statistics ,Department of Mathematics ,Prüfungstermin,Modulprüfung,geplant,"1450, Willy-Messerschmitt-Zeichensaal (5504.01.450) ",04.08.2023,13:30  ,14:30
MA4402,Computational Statistics ,Department of Mathematics ,Nachbereitung,Modulprüfung,geplant,"1450, Willy-Messerschmitt-Zeichensaal (5504.01.450) ",04.08.2023,14:30  ,15:00
MA4402,Computational Statistics ,Department of Mathematics ,Aufbau u. Vorbereitung,Modulprüfung,geplant,"BC2 0.01.17, Hörsaal (8102.EG.117) ",04.08.2023,13:00  ,13:30
MA4402,Computational Statistics ,Department of Mathematics ,Prüfungstermin,Modulprüfung,geplant,"BC2 0.01.17, Hörsaal (8102.EG.117) ",04.08.2023,13:30  ,14:30
MA4402,Computational Statistics ,Department of Mathematics ,Nachbereitung,Modulprüfung,geplant,"BC2 0.01.17, Hörsaal (8102.EG.117) ",04.08.2023,14:30  ,15:00
MA4402,Computational Statistics ,Department of Mathematics ,Aufbau u. Vorbereitung,Modulprüfung,geplant,"BC2 3.5.06, Hörsaal (8102.03.506) ",02.10.2023,10:30  ,11:00
MA4402,Computational Statistics ,Department of Mathematics ,Prüfungstermin,Modulprüfung,geplant,"BC2 3.5.06, Hörsaal (8102.03.506) ",02.10.2023,11:00  ,12:00
MA4402,Computational Statistics ,Department of Mathematics ,Nachbereitung,Modulprüfung,geplant,"BC2 3.5.06, Hörsaal (8102.03.506) ",02.10.2023,12:00  ,12:30
MA4402,Computational Statistics ,Department of Mathematics ,Aufbau u. Vorbereitung,Modulprüfung,geplant,"BC2 3.1.08, Hörsaal (8102.03.108) ",02.10.2023,10:30  ,11:00
MA4402,Computational Statistics ,Department of Mathematics ,Prüfungstermin,Modulprüfung,geplant,"BC2 3.1.08, Hörsaal (8102.03.108) ",02.10.2023,11:00  ,12:00
MA4402,Computational Statistics ,Department of Mathematics ,Nachbereitung,Modulprüfung,geplant,"BC2 3.1.08, Hörsaal (8102.03.108) ",02.10.2023,12:00  ,12:30
MA4405,Stochastische Analysis ,Department of Mathematics ,Aufbau u. Vorbereitung,Modulprüfung,geplant,"BC2 0.01.16, Hörsaal (8102.EG.116) ",31.07.2023,13:00  ,13:30
MA4405,Stochastische Analysis ,Department of Mathematics ,Prüfungstermin,Modulprüfung,geplant,"BC2 0.01.16, Hörsaal (8102.EG.116) ",31.07.2023,13:30  ,15:00
MA4405,Stochastische Analysis ,Department of Mathematics ,Nachbereitung,Modulprüfung,geplant,"BC2 0.01.16, Hörsaal (8102.EG.116) ",31.07.2023,15:00  ,15:30
MA4405,Stochastische Analysis ,Department of Mathematics ,Aufbau u. Vorbereitung,Modulprüfung,geplant,"BC2 0.01.17, Hörsaal (8102.EG.117) ",31.07.2023,13:00  ,13:30
MA4405,Stochastische Analysis ,Department of Mathematics ,Prüfungstermin,Modulprüfung,geplant,"BC2 0.01.17, Hörsaal (8102.EG.117) ",31.07.2023,13:30  ,15:00
MA4405,Stochastische Analysis ,Department of Mathematics ,Nachbereitung,Modulprüfung,geplant,"BC2 0.01.17, Hörsaal (8102.EG.117) ",31.07.2023,15:00  ,15:30
MA4405,Stochastische Analysis ,Department of Mathematics ,Aufbau u. Vorbereitung,Modulprüfung,geplant,"BC2 0.01.17, Hörsaal (8102.EG.117) ",05.10.2023,10:30  ,11:00
MA4405,Stochastische Analysis ,Department of Mathematics ,Prüfungstermin,Modulprüfung,geplant,"BC2 0.01.17, Hörsaal (8102.EG.117) ",05.10.2023,11:00  ,12:30
MA4405,Stochastische Analysis ,Department of Mathematics ,Nachbereitung,Modulprüfung,geplant,"BC2 0.01.17, Hörsaal (8102.EG.117) ",05.10.2023,12:30  ,13:00
MA4406,Wahrscheinlichkeitsmodelle auf Graphen ,Department of Mathematics ,Aufbau u. Vorbereitung,Modulprüfung,geplant,"BC2 0.01.17, Hörsaal (8102.EG.117) ",11.08.2023,13:00  ,13:30
MA4406,Wahrscheinlichkeitsmodelle auf Graphen ,Department of Mathematics ,Prüfungstermin,Modulprüfung,geplant,"BC2 0.01.17, Hörsaal (8102.EG.117) ",11.08.2023,13:30  ,14:30
MA4406,Wahrscheinlichkeitsmodelle auf Graphen ,Department of Mathematics ,Nachbereitung,Modulprüfung,geplant,"BC2 0.01.17, Hörsaal (8102.EG.117) ",11.08.2023,14:30  ,15:00
MA4406,Wahrscheinlichkeitsmodelle auf Graphen ,Department of Mathematics ,Aufbau u. Vorbereitung,Modulprüfung,geplant,"BC2 0.01.16, Hörsaal (8102.EG.116) ",09.10.2023,13:00  ,13:30
MA4406,Wahrscheinlichkeitsmodelle auf Graphen ,Department of Mathematics ,Prüfungstermin,Modulprüfung,geplant,"BC2 0.01.16, Hörsaal (8102.EG.116) ",09.10.2023,13:30  ,14:30
MA4406,Wahrscheinlichkeitsmodelle auf Graphen ,Department of Mathematics ,Nachbereitung,Modulprüfung,geplant,"BC2 0.01.16, Hörsaal (8102.EG.116) ",09.10.2023,14:30  ,15:00
MA4408,Markov-Prozesse ,Department of Mathematics ,Aufbau u. Vorbereitung,Modulprüfung,fix,"MW 1050, Johann-Bauschinger-Zeichensaal (5510.01.050) ",24.07.2023,10:30  ,11:00
MA4408,Markov-Prozesse ,Department of Mathematics ,Prüfungstermin,Modulprüfung,fix,"MW 1050, Johann-Bauschinger-Zeichensaal (5510.01.050) ",24.07.2023,11:00  ,12:30
MA4408,Markov-Prozesse ,Department of Mathematics ,Nachbereitung,Modulprüfung,fix,"MW 1050, Johann-Bauschinger-Zeichensaal (5510.01.050) ",24.07.2023,12:30  ,13:00
MA4408,Markov-Prozesse ,Department of Mathematics ,Aufbau u. Vorbereitung,Modulprüfung,fix,"00.06.011, MI Hörsaal  3 (5606.EG.011) ",11.10.2023,10:00  ,10:30
MA4408,Markov-Prozesse ,Department of Mathematics ,Prüfungstermin,Modulprüfung,fix,"00.06.011, MI Hörsaal  3 (5606.EG.011) ",11.10.2023,10:30  ,12:00
MA4408,Markov-Prozesse ,Department of Mathematics ,Nachbereitung,Modulprüfung,fix,"00.06.011, MI Hörsaal  3 (5606.EG.011) ",11.10.2023,12:00  ,12:30
MA4502,Kombinatorische Optimierung ,Department of Mathematics ,Aufbau u. Vorbereitung,Modulprüfung,fix,"00.02.001, MI HS 1, Friedrich L. Bauer Hörsaal (5602.EG.001) ",09.08.2023,07:30  ,08:00
MA4502,Kombinatorische Optimierung ,Department of Mathematics ,Prüfungstermin,Modulprüfung,fix,"00.02.001, MI HS 1, Friedrich L. Bauer Hörsaal (5602.EG.001) ",09.08.2023,08:00  ,09:00
MA4502,Kombinatorische Optimierung ,Department of Mathematics ,Nachbereitung,Modulprüfung,fix,"00.02.001, MI HS 1, Friedrich L. Bauer Hörsaal (5602.EG.001) ",09.08.2023,09:00  ,09:30
MA4502,Kombinatorische Optimierung ,Department of Mathematics ,Aufbau u. Vorbereitung,Modulprüfung,fix,"MW 1801, Ernst-Schmidt-Hörsaal (5508.02.801) ",13.10.2023,07:30  ,08:00
MA4502,Kombinatorische Optimierung ,Department of Mathematics ,Prüfungstermin,Modulprüfung,fix,"MW 1801, Ernst-Schmidt-Hörsaal (5508.02.801) ",13.10.2023,08:00  ,09:00
MA4502,Kombinatorische Optimierung ,Department of Mathematics ,Nachbereitung,Modulprüfung,fix,"MW 1801, Ernst-Schmidt-Hörsaal (5508.02.801) ",13.10.2023,09:00  ,09:30
MA4503,Moderne Methoden der Nichtlinearen Optimierung ,Department of Mathematics ,Aufbau u. Vorbereitung,Modulprüfung,fix,"00.02.001, MI HS 1, Friedrich L. Bauer Hörsaal (5602.EG.001) ",28.07.2023,07:30  ,08:00
MA4503,Moderne Methoden der Nichtlinearen Optimierung ,Department of Mathematics ,Prüfungstermin,Modulprüfung,fix,"00.02.001, MI HS 1, Friedrich L. Bauer Hörsaal (5602.EG.001) ",28.07.2023,08:00  ,09:00
MA4503,Moderne Methoden der Nichtlinearen Optimierung ,Department of Mathematics ,Nachbereitung,Modulprüfung,fix,"00.02.001, MI HS 1, Friedrich L. Bauer Hörsaal (5602.EG.001) ",28.07.2023,09:00  ,09:30
MA4503,Moderne Methoden der Nichtlinearen Optimierung ,Department of Mathematics ,Aufbau u. Vorbereitung,Modulprüfung,fix,"003, Hörsaal 2, ""Interims II"" (5416.01.003) ",02.10.2023,15:30  ,16:00
MA4503,Moderne Methoden der Nichtlinearen Optimierung ,Department of Mathematics ,Prüfungstermin,Modulprüfung,fix,"003, Hörsaal 2, ""Interims II"" (5416.01.003) ",02.10.2023,16:00  ,17:00
MA4503,Moderne Methoden der Nichtlinearen Optimierung ,Department of Mathematics ,Nachbereitung,Modulprüfung,fix,"003, Hörsaal 2, ""Interims II"" (5416.01.003) ",02.10.2023,17:00  ,17:30
MA4800,Foundations of Data Analysis ,Department of Mathematics ,Aufbau u. Vorbereitung,Modulprüfung,fix,Hörsaal im Galileo nur Mo-Do 7-19 Uhr (8120.EG.001) ,07.08.2023,13:00  ,13:30
MA4800,Foundations of Data Analysis ,Department of Mathematics ,Prüfungstermin,Modulprüfung,fix,Hörsaal im Galileo nur Mo-Do 7-19 Uhr (8120.EG.001) ,07.08.2023,13:30  ,15:00
MA4800,Foundations of Data Analysis ,Department of Mathematics ,Nachbereitung,Modulprüfung,fix,Hörsaal im Galileo nur Mo-Do 7-19 Uhr (8120.EG.001) ,07.08.2023,15:00  ,15:30
MA4800,Foundations of Data Analysis ,Department of Mathematics ,Aufbau u. Vorbereitung,Modulprüfung,fix,"101, Hörsaal 1, ""Interims I"" (5620.01.101) ",07.08.2023,13:00  ,13:30
MA4800,Foundations of Data Analysis ,Department of Mathematics ,Prüfungstermin,Modulprüfung,fix,"101, Hörsaal 1, ""Interims I"" (5620.01.101) ",07.08.2023,13:30  ,15:00
MA4800,Foundations of Data Analysis ,Department of Mathematics ,Nachbereitung,Modulprüfung,fix,"101, Hörsaal 1, ""Interims I"" (5620.01.101) ",07.08.2023,15:00  ,15:30
MA4800,Foundations of Data Analysis ,Department of Mathematics ,Aufbau u. Vorbereitung,Modulprüfung,fix,"1550, Georg-Kühne-Zeichensaal (5505.01.550) ",07.08.2023,13:00  ,13:30
MA4800,Foundations of Data Analysis ,Department of Mathematics ,Prüfungstermin,Modulprüfung,fix,"1550, Georg-Kühne-Zeichensaal (5505.01.550) ",07.08.2023,13:30  ,15:00
MA4800,Foundations of Data Analysis ,Department of Mathematics ,Nachbereitung,Modulprüfung,fix,"1550, Georg-Kühne-Zeichensaal (5505.01.550) ",07.08.2023,15:00  ,15:30
MA4800,Foundations of Data Analysis ,Department of Mathematics ,Aufbau u. Vorbereitung,Modulprüfung,fix,"003, Hörsaal 2, ""Interims II"" (5416.01.003) ",07.08.2023,13:00  ,13:30
MA4800,Foundations of Data Analysis ,Department of Mathematics ,Prüfungstermin,Modulprüfung,fix,"003, Hörsaal 2, ""Interims II"" (5416.01.003) ",07.08.2023,13:30  ,15:00
MA4800,Foundations of Data Analysis ,Department of Mathematics ,Nachbereitung,Modulprüfung,fix,"003, Hörsaal 2, ""Interims II"" (5416.01.003) ",07.08.2023,15:00  ,15:30
MA4800,Foundations of Data Analysis ,Department of Mathematics ,Aufbau u. Vorbereitung,Modulprüfung,fix,"MW 0001, Gustav-Niemann-Hörsaal (5510.EG.001) ",10.10.2023,13:00  ,13:30
MA4800,Foundations of Data Analysis ,Department of Mathematics ,Prüfungstermin,Modulprüfung,fix,"MW 0001, Gustav-Niemann-Hörsaal (5510.EG.001) ",10.10.2023,13:30  ,15:00
MA4800,Foundations of Data Analysis ,Department of Mathematics ,Nachbereitung,Modulprüfung,fix,"MW 0001, Gustav-Niemann-Hörsaal (5510.EG.001) ",10.10.2023,15:00  ,15:30
MA4800,Foundations of Data Analysis ,Department of Mathematics ,Aufbau u. Vorbereitung,Modulprüfung,fix,"004, Hörsaal 1 ""Interims II"" (5416.01.004) ",10.10.2023,13:00  ,13:30
MA4800,Foundations of Data Analysis ,Department of Mathematics ,Prüfungstermin,Modulprüfung,fix,"004, Hörsaal 1 ""Interims II"" (5416.01.004) ",10.10.2023,13:30  ,15:00
MA4800,Foundations of Data Analysis ,Department of Mathematics ,Nachbereitung,Modulprüfung,fix,"004, Hörsaal 1 ""Interims II"" (5416.01.004) ",10.10.2023,15:00  ,15:30
MA4802,Statistisches Lernen ,Department of Mathematics ,Aufbau u. Vorbereitung,Modulprüfung,fix,"MW 0001, Gustav-Niemann-Hörsaal (5510.EG.001) ",27.07.2023,07:30  ,08:00
MA4802,Statistisches Lernen ,Department of Mathematics ,Prüfungstermin,Modulprüfung,fix,"MW 0001, Gustav-Niemann-Hörsaal (5510.EG.001) ",27.07.2023,08:00  ,09:00
MA4802,Statistisches Lernen ,Department of Mathematics ,Nachbereitung,Modulprüfung,fix,"MW 0001, Gustav-Niemann-Hörsaal (5510.EG.001) ",27.07.2023,09:00  ,09:30
MA4802,Statistisches Lernen ,Department of Mathematics ,Aufbau u. Vorbereitung,Modulprüfung,fix,"CH 21010, Hans-Fischer-Hörsaal (5401.01.101K) ",06.10.2023,10:30  ,11:00
MA4802,Statistisches Lernen ,Department of Mathematics ,Prüfungstermin,Modulprüfung,fix,"CH 21010, Hans-Fischer-Hörsaal (5401.01.101K) ",06.10.2023,11:00  ,12:00
MA4802,Statistisches Lernen ,Department of Mathematics ,Nachbereitung,Modulprüfung,fix,"CH 21010, Hans-Fischer-Hörsaal (5401.01.101K) ",06.10.2023,12:00  ,12:30
MA5442,High-dimensional Statistics ,Department of Mathematics ,Aufbau u. Vorbereitung,Modulprüfung,geplant,"BC2 0.01.17, Hörsaal (8102.EG.117) ",26.07.2023,13:00  ,13:30
MA5442,High-dimensional Statistics ,Department of Mathematics ,Prüfungstermin,Modulprüfung,geplant,"BC2 0.01.17, Hörsaal (8102.EG.117) ",26.07.2023,13:30  ,14:30
MA5442,High-dimensional Statistics ,Department of Mathematics ,Nachbereitung,Modulprüfung,geplant,"BC2 0.01.17, Hörsaal (8102.EG.117) ",26.07.2023,14:30  ,15:00
MA5442,High-dimensional Statistics ,Department of Mathematics ,Aufbau u. Vorbereitung,Modulprüfung,geplant,"BC2 0.01.16, Hörsaal (8102.EG.116) ",04.10.2023,10:30  ,11:00
MA5442,High-dimensional Statistics ,Department of Mathematics ,Prüfungstermin,Modulprüfung,geplant,"BC2 0.01.16, Hörsaal (8102.EG.116) ",04.10.2023,11:00  ,12:00
MA5442,High-dimensional Statistics ,Department of Mathematics ,Nachbereitung,Modulprüfung,geplant,"BC2 0.01.16, Hörsaal (8102.EG.116) ",04.10.2023,12:00  ,12:30
MA8802,Elementare Anwendungen der Mathematik in Informatik und Ingenieurwissenschaften (MINT) ,Department of Mathematics ,Aufbau u. Vorbereitung,Modulprüfung,fix,MW 2001 Rudolf-Diesel-Hörsaal (5510.02.001) ,27.07.2023,13:00  ,13:30
MA8802,Elementare Anwendungen der Mathematik in Informatik und Ingenieurwissenschaften (MINT) ,Department of Mathematics ,Prüfungstermin,Modulprüfung,fix,MW 2001 Rudolf-Diesel-Hörsaal (5510.02.001) ,27.07.2023,13:30  ,15:00
MA8802,Elementare Anwendungen der Mathematik in Informatik und Ingenieurwissenschaften (MINT) ,Department of Mathematics ,Nachbereitung,Modulprüfung,fix,MW 2001 Rudolf-Diesel-Hörsaal (5510.02.001) ,27.07.2023,15:00  ,15:30
MA8802,Elementare Anwendungen der Mathematik in Informatik und Ingenieurwissenschaften (MINT) ,Department of Mathematics ,Aufbau u. Vorbereitung,Modulprüfung,fix,"1350, Ludwig-Burmester-Zeichensaal (5503.01.350) ",27.07.2023,13:00  ,13:30
MA8802,Elementare Anwendungen der Mathematik in Informatik und Ingenieurwissenschaften (MINT) ,Department of Mathematics ,Prüfungstermin,Modulprüfung,fix,"1350, Ludwig-Burmester-Zeichensaal (5503.01.350) ",27.07.2023,13:30  ,15:00
MA8802,Elementare Anwendungen der Mathematik in Informatik und Ingenieurwissenschaften (MINT) ,Department of Mathematics ,Nachbereitung,Modulprüfung,fix,"1350, Ludwig-Burmester-Zeichensaal (5503.01.350) ",27.07.2023,15:00  ,15:30
MA8802,Elementare Anwendungen der Mathematik in Informatik und Ingenieurwissenschaften (MINT) ,Department of Mathematics ,Aufbau u. Vorbereitung,Modulprüfung,fix,"102, Hörsaal 2, ""Interims I"" (5620.01.102) ",27.07.2023,13:00  ,13:30
MA8802,Elementare Anwendungen der Mathematik in Informatik und Ingenieurwissenschaften (MINT) ,Department of Mathematics ,Prüfungstermin,Modulprüfung,fix,"102, Hörsaal 2, ""Interims I"" (5620.01.102) ",27.07.2023,13:30  ,15:00
MA8802,Elementare Anwendungen der Mathematik in Informatik und Ingenieurwissenschaften (MINT) ,Department of Mathematics ,Nachbereitung,Modulprüfung,fix,"102, Hörsaal 2, ""Interims I"" (5620.01.102) ",27.07.2023,15:00  ,15:30
MA8802,Elementare Anwendungen der Mathematik in Informatik und Ingenieurwissenschaften (MINT) ,Department of Mathematics ,Aufbau u. Vorbereitung,Modulprüfung,fix,MW 2001 Rudolf-Diesel-Hörsaal (5510.02.001) ,02.10.2023,10:30  ,11:00
MA8802,Elementare Anwendungen der Mathematik in Informatik und Ingenieurwissenschaften (MINT) ,Department of Mathematics ,Prüfungstermin,Modulprüfung,fix,MW 2001 Rudolf-Diesel-Hörsaal (5510.02.001) ,02.10.2023,11:00  ,12:30
MA8802,Elementare Anwendungen der Mathematik in Informatik und Ingenieurwissenschaften (MINT) ,Department of Mathematics ,Nachbereitung,Modulprüfung,fix,MW 2001 Rudolf-Diesel-Hörsaal (5510.02.001) ,02.10.2023,12:30  ,13:00
MA9203,Prüfung zu Mathematik für Physiker 3 (Analysis 2) ,Department of Mathematics ,Aufbau u. Vorbereitung,Modulprüfung,fix,MW 2001 Rudolf-Diesel-Hörsaal (5510.02.001) ,03.08.2023,13:00  ,13:30
MA9203,Prüfung zu Mathematik für Physiker 3 (Analysis 2) ,Department of Mathematics ,Prüfungstermin,Modulprüfung,fix,MW 2001 Rudolf-Diesel-Hörsaal (5510.02.001) ,03.08.2023,13:30  ,15:00
MA9203,Prüfung zu Mathematik für Physiker 3 (Analysis 2) ,Department of Mathematics ,Nachbereitung,Modulprüfung,fix,MW 2001 Rudolf-Diesel-Hörsaal (5510.02.001) ,03.08.2023,15:00  ,15:30
MA9203,Prüfung zu Mathematik für Physiker 3 (Analysis 2) ,Department of Mathematics ,Aufbau u. Vorbereitung,Modulprüfung,fix,"102, Hörsaal 2, ""Interims I"" (5620.01.102) ",03.08.2023,13:00  ,13:30
MA9203,Prüfung zu Mathematik für Physiker 3 (Analysis 2) ,Department of Mathematics ,Prüfungstermin,Modulprüfung,fix,"102, Hörsaal 2, ""Interims I"" (5620.01.102) ",03.08.2023,13:30  ,15:00
MA9203,Prüfung zu Mathematik für Physiker 3 (Analysis 2) ,Department of Mathematics ,Nachbereitung,Modulprüfung,fix,"102, Hörsaal 2, ""Interims I"" (5620.01.102) ",03.08.2023,15:00  ,15:30
MA9203,Prüfung zu Mathematik für Physiker 3 (Analysis 2) ,Department of Mathematics ,Aufbau u. Vorbereitung,Modulprüfung,fix,"004, Hörsaal 1 ""Interims II"" (5416.01.004) ",03.08.2023,13:00  ,13:30
MA9203,Prüfung zu Mathematik für Physiker 3 (Analysis 2) ,Department of Mathematics ,Prüfungstermin,Modulprüfung,fix,"004, Hörsaal 1 ""Interims II"" (5416.01.004) ",03.08.2023,13:30  ,15:00
MA9203,Prüfung zu Mathematik für Physiker 3 (Analysis 2) ,Department of Mathematics ,Nachbereitung,Modulprüfung,fix,"004, Hörsaal 1 ""Interims II"" (5416.01.004) ",03.08.2023,15:00  ,15:30
MA9203,Prüfung zu Mathematik für Physiker 3 (Analysis 2) ,Department of Mathematics ,Aufbau u. Vorbereitung,Modulprüfung,fix,Hörsaal im Galileo nur Mo-Do 7-19 Uhr (8120.EG.001) ,05.10.2023,07:30  ,08:00
MA9203,Prüfung zu Mathematik für Physiker 3 (Analysis 2) ,Department of Mathematics ,Prüfungstermin,Modulprüfung,fix,Hörsaal im Galileo nur Mo-Do 7-19 Uhr (8120.EG.001) ,05.10.2023,08:00  ,09:30
MA9203,Prüfung zu Mathematik für Physiker 3 (Analysis 2) ,Department of Mathematics ,Nachbereitung,Modulprüfung,fix,Hörsaal im Galileo nur Mo-Do 7-19 Uhr (8120.EG.001) ,05.10.2023,09:30  ,10:00
MA9203,Prüfung zu Mathematik für Physiker 3 (Analysis 2) ,Department of Mathematics ,Aufbau u. Vorbereitung,Modulprüfung,fix,"MW 1801, Ernst-Schmidt-Hörsaal (5508.02.801) ",05.10.2023,07:30  ,08:00
MA9203,Prüfung zu Mathematik für Physiker 3 (Analysis 2) ,Department of Mathematics ,Prüfungstermin,Modulprüfung,fix,"MW 1801, Ernst-Schmidt-Hörsaal (5508.02.801) ",05.10.2023,08:00  ,09:30
MA9203,Prüfung zu Mathematik für Physiker 3 (Analysis 2) ,Department of Mathematics ,Nachbereitung,Modulprüfung,fix,"MW 1801, Ernst-Schmidt-Hörsaal (5508.02.801) ",05.10.2023,09:30  ,10:00
MA9203,Prüfung zu Mathematik für Physiker 3 (Analysis 2) ,Department of Mathematics ,Aufbau u. Vorbereitung,Modulprüfung,fix,"004, Hörsaal 1 ""Interims II"" (5416.01.004) ",05.10.2023,07:30  ,08:00
MA9203,Prüfung zu Mathematik für Physiker 3 (Analysis 2) ,Department of Mathematics ,Prüfungstermin,Modulprüfung,fix,"004, Hörsaal 1 ""Interims II"" (5416.01.004) ",05.10.2023,08:00  ,09:30
MA9203,Prüfung zu Mathematik für Physiker 3 (Analysis 2) ,Department of Mathematics ,Nachbereitung,Modulprüfung,fix,"004, Hörsaal 1 ""Interims II"" (5416.01.004) ",05.10.2023,09:30  ,10:00
MA9301,Höhere Mathematik 1 ,Department of Mathematics ,Aufbau u. Vorbereitung,Modulprüfung,fix,Hörsaal im Galileo nur Mo-Do 7-19 Uhr (8120.EG.001) ,09.08.2023,13:00  ,13:30
MA9301,Höhere Mathematik 1 ,Department of Mathematics ,Prüfungstermin,Modulprüfung,fix,Hörsaal im Galileo nur Mo-Do 7-19 Uhr (8120.EG.001) ,09.08.2023,13:30  ,15:00
MA9301,Höhere Mathematik 1 ,Department of Mathematics ,Nachbereitung,Modulprüfung,fix,Hörsaal im Galileo nur Mo-Do 7-19 Uhr (8120.EG.001) ,09.08.2023,15:00  ,15:30
MA9301,Höhere Mathematik 1 ,Department of Mathematics ,Aufbau u. Vorbereitung,Modulprüfung,fix,"MW 0001, Gustav-Niemann-Hörsaal (5510.EG.001) ",09.08.2023,13:00  ,13:30
MA9301,Höhere Mathematik 1 ,Department of Mathematics ,Prüfungstermin,Modulprüfung,fix,"MW 0001, Gustav-Niemann-Hörsaal (5510.EG.001) ",09.08.2023,13:30  ,15:00
MA9301,Höhere Mathematik 1 ,Department of Mathematics ,Nachbereitung,Modulprüfung,fix,"MW 0001, Gustav-Niemann-Hörsaal (5510.EG.001) ",09.08.2023,15:00  ,15:30
MA9301,Höhere Mathematik 1 ,Department of Mathematics ,Aufbau u. Vorbereitung,Modulprüfung,fix,"MW 1801, Ernst-Schmidt-Hörsaal (5508.02.801) ",09.08.2023,13:00  ,13:30
MA9301,Höhere Mathematik 1 ,Department of Mathematics ,Prüfungstermin,Modulprüfung,fix,"MW 1801, Ernst-Schmidt-Hörsaal (5508.02.801) ",09.08.2023,13:30  ,15:00
MA9301,Höhere Mathematik 1 ,Department of Mathematics ,Nachbereitung,Modulprüfung,fix,"MW 1801, Ernst-Schmidt-Hörsaal (5508.02.801) ",09.08.2023,15:00  ,15:30
MA9302,Höhere Mathematik 2 ,Department of Mathematics ,Aufbau u. Vorbereitung,Modulprüfung,fix,MW 2001 Rudolf-Diesel-Hörsaal (5510.02.001) ,11.08.2023,13:00  ,13:30
MA9302,Höhere Mathematik 2 ,Department of Mathematics ,Prüfungstermin,Modulprüfung,fix,MW 2001 Rudolf-Diesel-Hörsaal (5510.02.001) ,11.08.2023,13:30  ,15:00
MA9302,Höhere Mathematik 2 ,Department of Mathematics ,Nachbereitung,Modulprüfung,fix,MW 2001 Rudolf-Diesel-Hörsaal (5510.02.001) ,11.08.2023,15:00  ,15:30
MA9302,Höhere Mathematik 2 ,Department of Mathematics ,Aufbau u. Vorbereitung,Modulprüfung,fix,"101, Hörsaal 1, ""Interims I"" (5620.01.101) ",11.08.2023,13:00  ,13:30
MA9302,Höhere Mathematik 2 ,Department of Mathematics ,Prüfungstermin,Modulprüfung,fix,"101, Hörsaal 1, ""Interims I"" (5620.01.101) ",11.08.2023,13:30  ,15:00
MA9302,Höhere Mathematik 2 ,Department of Mathematics ,Nachbereitung,Modulprüfung,fix,"101, Hörsaal 1, ""Interims I"" (5620.01.101) ",11.08.2023,15:00  ,15:30
MA9302,Höhere Mathematik 2 ,Department of Mathematics ,Aufbau u. Vorbereitung,Modulprüfung,fix,"00.02.001, MI HS 1, Friedrich L. Bauer Hörsaal (5602.EG.001) ",11.08.2023,13:00  ,13:30
MA9302,Höhere Mathematik 2 ,Department of Mathematics ,Prüfungstermin,Modulprüfung,fix,"00.02.001, MI HS 1, Friedrich L. Bauer Hörsaal (5602.EG.001) ",11.08.2023,13:30  ,15:00
MA9302,Höhere Mathematik 2 ,Department of Mathematics ,Nachbereitung,Modulprüfung,fix,"00.02.001, MI HS 1, Friedrich L. Bauer Hörsaal (5602.EG.001) ",11.08.2023,15:00  ,15:30
MA9302,Höhere Mathematik 2 ,Department of Mathematics ,Aufbau u. Vorbereitung,Modulprüfung,fix,"003, Hörsaal 2, ""Interims II"" (5416.01.003) ",11.08.2023,13:00  ,13:30
MA9302,Höhere Mathematik 2 ,Department of Mathematics ,Prüfungstermin,Modulprüfung,fix,"003, Hörsaal 2, ""Interims II"" (5416.01.003) ",11.08.2023,13:30  ,15:00
MA9302,Höhere Mathematik 2 ,Department of Mathematics ,Nachbereitung,Modulprüfung,fix,"003, Hörsaal 2, ""Interims II"" (5416.01.003) ",11.08.2023,15:00  ,15:30
MA9302,Höhere Mathematik 2 ,Department of Mathematics ,Aufbau u. Vorbereitung,Modulprüfung,fix,"004, Hörsaal 1 ""Interims II"" (5416.01.004) ",11.08.2023,13:00  ,13:30
MA9302,Höhere Mathematik 2 ,Department of Mathematics ,Prüfungstermin,Modulprüfung,fix,"004, Hörsaal 1 ""Interims II"" (5416.01.004) ",11.08.2023,13:30  ,15:00
MA9302,Höhere Mathematik 2 ,Department of Mathematics ,Nachbereitung,Modulprüfung,fix,"004, Hörsaal 1 ""Interims II"" (5416.01.004) ",11.08.2023,15:00  ,15:30
MA9305,Höhere Mathematik 3 ,Department of Mathematics ,Aufbau u. Vorbereitung,Modulprüfung,fix,"00.02.001, MI HS 1, Friedrich L. Bauer Hörsaal (5602.EG.001) ",07.08.2023,13:00  ,13:30
MA9305,Höhere Mathematik 3 ,Department of Mathematics ,Prüfungstermin,Modulprüfung,fix,"00.02.001, MI HS 1, Friedrich L. Bauer Hörsaal (5602.EG.001) ",07.08.2023,13:30  ,15:00
MA9305,Höhere Mathematik 3 ,Department of Mathematics ,Nachbereitung,Modulprüfung,fix,"00.02.001, MI HS 1, Friedrich L. Bauer Hörsaal (5602.EG.001) ",07.08.2023,15:00  ,15:30
MA9305,Höhere Mathematik 3 ,Department of Mathematics ,Aufbau u. Vorbereitung,Modulprüfung,fix,"102, Hörsaal 2, ""Interims I"" (5620.01.102) ",07.08.2023,13:00  ,13:30
MA9305,Höhere Mathematik 3 ,Department of Mathematics ,Prüfungstermin,Modulprüfung,fix,"102, Hörsaal 2, ""Interims I"" (5620.01.102) ",07.08.2023,13:30  ,15:00
MA9305,Höhere Mathematik 3 ,Department of Mathematics ,Nachbereitung,Modulprüfung,fix,"102, Hörsaal 2, ""Interims I"" (5620.01.102) ",07.08.2023,15:00  ,15:30
MA9305,Höhere Mathematik 3 ,Department of Mathematics ,Aufbau u. Vorbereitung,Modulprüfung,fix,"004, Hörsaal 1 ""Interims II"" (5416.01.004) ",07.08.2023,13:00  ,13:30
MA9305,Höhere Mathematik 3 ,Department of Mathematics ,Prüfungstermin,Modulprüfung,fix,"004, Hörsaal 1 ""Interims II"" (5416.01.004) ",07.08.2023,13:30  ,15:00
MA9305,Höhere Mathematik 3 ,Department of Mathematics ,Nachbereitung,Modulprüfung,fix,"004, Hörsaal 1 ""Interims II"" (5416.01.004) ",07.08.2023,15:00  ,15:30
MA9410,Numerische Mathematik (EI) ,Department of Mathematics ,Aufbau u. Vorbereitung,Modulprüfung,fix,"0980, Audimax (0509.EG.980) ",09.08.2023,13:00  ,13:30
MA9410,Numerische Mathematik (EI) ,Department of Mathematics ,Prüfungstermin,Modulprüfung,fix,"0980, Audimax (0509.EG.980) ",09.08.2023,13:30  ,15:00
MA9410,Numerische Mathematik (EI) ,Department of Mathematics ,Nachbereitung,Modulprüfung,fix,"0980, Audimax (0509.EG.980) ",09.08.2023,15:00  ,15:30
MA9412,Analysis 2 (EI) ,Department of Mathematics ,Aufbau u. Vorbereitung,Modulprüfung,fix,"1200, Carl-von-Linde-Hörsaal (0502.01.200) ",26.07.2023,13:00  ,13:30
MA9412,Analysis 2 (EI) ,Department of Mathematics ,Prüfungstermin,Modulprüfung,fix,"1200, Carl-von-Linde-Hörsaal (0502.01.200) ",26.07.2023,13:30  ,15:00
MA9412,Analysis 2 (EI) ,Department of Mathematics ,Nachbereitung,Modulprüfung,fix,"1200, Carl-von-Linde-Hörsaal (0502.01.200) ",26.07.2023,15:00  ,15:30
MA9412,Analysis 2 (EI) ,Department of Mathematics ,Aufbau u. Vorbereitung,Modulprüfung,fix,"2300, Friedrich von Thiersch Hörsaal (0503.02.300) ",26.07.2023,13:00  ,13:30
MA9412,Analysis 2 (EI) ,Department of Mathematics ,Prüfungstermin,Modulprüfung,fix,"2300, Friedrich von Thiersch Hörsaal (0503.02.300) ",26.07.2023,13:30  ,15:00
MA9412,Analysis 2 (EI) ,Department of Mathematics ,Nachbereitung,Modulprüfung,fix,"2300, Friedrich von Thiersch Hörsaal (0503.02.300) ",26.07.2023,15:00  ,15:30
MA9412,Analysis 2 (EI) ,Department of Mathematics ,Aufbau u. Vorbereitung,Modulprüfung,fix,"0980, Audimax (0509.EG.980) ",26.07.2023,13:00  ,13:30
MA9412,Analysis 2 (EI) ,Department of Mathematics ,Prüfungstermin,Modulprüfung,fix,"0980, Audimax (0509.EG.980) ",26.07.2023,13:30  ,15:00
MA9412,Analysis 2 (EI) ,Department of Mathematics ,Nachbereitung,Modulprüfung,fix,"0980, Audimax (0509.EG.980) ",26.07.2023,15:00  ,15:30
MA9412,Analysis 2 (EI) ,Department of Mathematics ,Aufbau u. Vorbereitung,Modulprüfung,fix,"0980, Audimax (0509.EG.980) ",04.10.2023,13:00  ,13:30
MA9412,Analysis 2 (EI) ,Department of Mathematics ,Prüfungstermin,Modulprüfung,fix,"0980, Audimax (0509.EG.980) ",04.10.2023,13:30  ,15:00
MA9412,Analysis 2 (EI) ,Department of Mathematics ,Nachbereitung,Modulprüfung,fix,"0980, Audimax (0509.EG.980) ",04.10.2023,15:00  ,15:30
MA9412,Analysis 2 (EI) ,Department of Mathematics ,Aufbau u. Vorbereitung,Modulprüfung,fix,"2750, Karl Max von Bauernfeind Hörsaal (0507.03.750) ",04.10.2023,13:00  ,13:30
MA9412,Analysis 2 (EI) ,Department of Mathematics ,Prüfungstermin,Modulprüfung,fix,"2750, Karl Max von Bauernfeind Hörsaal (0507.03.750) ",04.10.2023,13:30  ,15:00
MA9412,Analysis 2 (EI) ,Department of Mathematics ,Nachbereitung,Modulprüfung,fix,"2750, Karl Max von Bauernfeind Hörsaal (0507.03.750) ",04.10.2023,15:00  ,15:30
MA9413,Analysis 3 (EI) ,Department of Mathematics ,Aufbau u. Vorbereitung,Modulprüfung,fix,"0980, Audimax (0509.EG.980) ",10.10.2023,13:00  ,13:30
MA9413,Analysis 3 (EI) ,Department of Mathematics ,Prüfungstermin,Modulprüfung,fix,"0980, Audimax (0509.EG.980) ",10.10.2023,13:30  ,15:00
MA9413,Analysis 3 (EI) ,Department of Mathematics ,Nachbereitung,Modulprüfung,fix,"0980, Audimax (0509.EG.980) ",10.10.2023,15:00  ,15:30
MA9413,Analysis 3 (EI) ,Department of Mathematics ,Aufbau u. Vorbereitung,Modulprüfung,fix,"2750, Karl Max von Bauernfeind Hörsaal (0507.03.750) ",10.10.2023,13:00  ,13:30
MA9413,Analysis 3 (EI) ,Department of Mathematics ,Prüfungstermin,Modulprüfung,fix,"2750, Karl Max von Bauernfeind Hörsaal (0507.03.750) ",10.10.2023,13:30  ,15:00
MA9413,Analysis 3 (EI) ,Department of Mathematics ,Nachbereitung,Modulprüfung,fix,"2750, Karl Max von Bauernfeind Hörsaal (0507.03.750) ",10.10.2023,15:00  ,15:30
MA9506,Geometrie ,Department of Mathematics ,Aufbau u. Vorbereitung,Modulprüfung,geplant,"0120, Hörsaal  gem. Nutzung GEO,SP,WS,OR (0501.EG.120) ",25.08.2023,10:30  ,11:00
MA9506,Geometrie ,Department of Mathematics ,Prüfungstermin,Modulprüfung,geplant,"0120, Hörsaal  gem. Nutzung GEO,SP,WS,OR (0501.EG.120) ",25.08.2023,11:00  ,12:00
MA9506,Geometrie ,Department of Mathematics ,Nachbereitung,Modulprüfung,geplant,"0120, Hörsaal  gem. Nutzung GEO,SP,WS,OR (0501.EG.120) ",25.08.2023,12:00  ,12:30
MA9507,Höhere Mathematik 1 für Geodäsie und Geoinformation ,Department of Mathematics ,Aufbau u. Vorbereitung,Modulprüfung,fix,"1260, Hörsaal o. Exp.-Bühne (0502.01.260) ",28.08.2023,10:30  ,11:00
MA9507,Höhere Mathematik 1 für Geodäsie und Geoinformation ,Department of Mathematics ,Prüfungstermin,Modulprüfung,fix,"1260, Hörsaal o. Exp.-Bühne (0502.01.260) ",28.08.2023,11:00  ,12:30
MA9507,Höhere Mathematik 1 für Geodäsie und Geoinformation ,Department of Mathematics ,Nachbereitung,Modulprüfung,fix,"1260, Hörsaal o. Exp.-Bühne (0502.01.260) ",28.08.2023,12:30  ,13:00
MA9508,Höhere Mathematik 2 für Geodäsie und Geoinformation ,Department of Mathematics ,Aufbau u. Vorbereitung,Modulprüfung,fix,"Theresianum, 0606, Hörsaal ansteigend, ohne exp. B (0506.EG.606) ",31.08.2023,10:30  ,11:00
MA9508,Höhere Mathematik 2 für Geodäsie und Geoinformation ,Department of Mathematics ,Prüfungstermin,Modulprüfung,fix,"Theresianum, 0606, Hörsaal ansteigend, ohne exp. B (0506.EG.606) ",31.08.2023,11:00  ,12:30
MA9508,Höhere Mathematik 2 für Geodäsie und Geoinformation ,Department of Mathematics ,Nachbereitung,Modulprüfung,fix,"Theresianum, 0606, Hörsaal ansteigend, ohne exp. B (0506.EG.606) ",31.08.2023,12:30  ,13:00
MA9511,Angewandte Mathematik für BGU ,Department of Mathematics ,Aufbau u. Vorbereitung,Modulprüfung,fix,"N 1070 ZG, Lothar-Rohde-Hörsaal (0101.Z1.070) ",30.08.2023,13:00  ,13:30
MA9511,Angewandte Mathematik für BGU ,Department of Mathematics ,Prüfungstermin,Modulprüfung,fix,"N 1070 ZG, Lothar-Rohde-Hörsaal (0101.Z1.070) ",30.08.2023,13:30  ,16:00
MA9511,Angewandte Mathematik für BGU ,Department of Mathematics ,Nachbereitung,Modulprüfung,fix,"N 1070 ZG, Lothar-Rohde-Hörsaal (0101.Z1.070) ",30.08.2023,16:00  ,16:30
MA9513,Numerische Mathematik für BGU ,Department of Mathematics ,Aufbau u. Vorbereitung,Modulprüfung,fix,"N 1080 ZG, August-Föppl-Hörsaal (0101.Z1.080) ",30.08.2023,10:00  ,10:30
MA9513,Numerische Mathematik für BGU ,Department of Mathematics ,Prüfungstermin,Modulprüfung,fix,"N 1080 ZG, August-Föppl-Hörsaal (0101.Z1.080) ",30.08.2023,10:30  ,12:15
MA9513,Numerische Mathematik für BGU ,Department of Mathematics ,Nachbereitung,Modulprüfung,fix,"N 1080 ZG, August-Föppl-Hörsaal (0101.Z1.080) ",30.08.2023,12:15  ,12:45
MA9515,Numerische Mathematik 2 für BGU ,Department of Mathematics ,Aufbau u. Vorbereitung,Modulprüfung,fix,"0220, Hörsaal m. Exp.-Bühne (0502.EG.220) ",30.08.2023,10:00  ,10:30
MA9515,Numerische Mathematik 2 für BGU ,Department of Mathematics ,Prüfungstermin,Modulprüfung,fix,"0220, Hörsaal m. Exp.-Bühne (0502.EG.220) ",30.08.2023,10:30  ,11:30
MA9515,Numerische Mathematik 2 für BGU ,Department of Mathematics ,Nachbereitung,Modulprüfung,fix,"0220, Hörsaal m. Exp.-Bühne (0502.EG.220) ",30.08.2023,11:30  ,12:00
MA9522,Höhere Mathematik 2 ,Department of Mathematics ,Aufbau u. Vorbereitung,Modulprüfung,fix,"2300, Friedrich von Thiersch Hörsaal (0503.02.300) ",31.07.2023,13:00  ,13:30
MA9522,Höhere Mathematik 2 ,Department of Mathematics ,Prüfungstermin,Modulprüfung,fix,"2300, Friedrich von Thiersch Hörsaal (0503.02.300) ",31.07.2023,13:30  ,15:00
MA9522,Höhere Mathematik 2 ,Department of Mathematics ,Nachbereitung,Modulprüfung,fix,"2300, Friedrich von Thiersch Hörsaal (0503.02.300) ",31.07.2023,15:00  ,15:30
MA9522,Höhere Mathematik 2 ,Department of Mathematics ,Aufbau u. Vorbereitung,Modulprüfung,fix,"N 1190, Hans-Heinrich-Meinke-Hörsaal (0101.02.190) ",31.07.2023,13:00  ,13:30
MA9522,Höhere Mathematik 2 ,Department of Mathematics ,Prüfungstermin,Modulprüfung,fix,"N 1190, Hans-Heinrich-Meinke-Hörsaal (0101.02.190) ",31.07.2023,13:30  ,15:00
MA9522,Höhere Mathematik 2 ,Department of Mathematics ,Nachbereitung,Modulprüfung,fix,"N 1190, Hans-Heinrich-Meinke-Hörsaal (0101.02.190) ",31.07.2023,15:00  ,15:30
MA9522,Höhere Mathematik 2 ,Department of Mathematics ,Aufbau u. Vorbereitung,Modulprüfung,fix,"0980, Audimax (0509.EG.980) ",31.07.2023,13:00  ,13:30
MA9522,Höhere Mathematik 2 ,Department of Mathematics ,Prüfungstermin,Modulprüfung,fix,"0980, Audimax (0509.EG.980) ",31.07.2023,13:30  ,15:00
MA9522,Höhere Mathematik 2 ,Department of Mathematics ,Nachbereitung,Modulprüfung,fix,"0980, Audimax (0509.EG.980) ",31.07.2023,15:00  ,15:30
MA9523,Höhere Mathematik 3 ,Department of Mathematics ,Aufbau u. Vorbereitung,Modulprüfung,fix,"1200, Carl-von-Linde-Hörsaal (0502.01.200) ",30.08.2023,07:30  ,08:00
MA9523,Höhere Mathematik 3 ,Department of Mathematics ,Prüfungstermin,Modulprüfung,fix,"1200, Carl-von-Linde-Hörsaal (0502.01.200) ",30.08.2023,08:00  ,09:30
MA9523,Höhere Mathematik 3 ,Department of Mathematics ,Nachbereitung,Modulprüfung,fix,"1200, Carl-von-Linde-Hörsaal (0502.01.200) ",30.08.2023,09:30  ,10:00
MA9601,Mathematik 1 ,Department of Mathematics ,Aufbau u. Vorbereitung,Modulprüfung,fix,"HO10, Hörsaal 16 Carl-Kronacher-Hörsaal (WZWH16) (4214.EG.010) ",27.07.2023,07:30  ,08:00
MA9601,Mathematik 1 ,Department of Mathematics ,Prüfungstermin,Modulprüfung,fix,"HO10, Hörsaal 16 Carl-Kronacher-Hörsaal (WZWH16) (4214.EG.010) ",27.07.2023,08:00  ,09:00
MA9601,Mathematik 1 ,Department of Mathematics ,Nachbereitung,Modulprüfung,fix,"HO10, Hörsaal 16 Carl-Kronacher-Hörsaal (WZWH16) (4214.EG.010) ",27.07.2023,09:00  ,09:30
MA9601,Mathematik 1 ,Department of Mathematics ,Aufbau u. Vorbereitung,Modulprüfung,fix,"HO30, Hörsaal 14 Max-Schönleutner-Hörsaal (WZWH14) (4214.EG.030) ",27.07.2023,07:30  ,08:00
MA9601,Mathematik 1 ,Department of Mathematics ,Prüfungstermin,Modulprüfung,fix,"HO30, Hörsaal 14 Max-Schönleutner-Hörsaal (WZWH14) (4214.EG.030) ",27.07.2023,08:00  ,09:00
MA9601,Mathematik 1 ,Department of Mathematics ,Nachbereitung,Modulprüfung,fix,"HO30, Hörsaal 14 Max-Schönleutner-Hörsaal (WZWH14) (4214.EG.030) ",27.07.2023,09:00  ,09:30
MA9602,Einführung in die Statistik ,Department of Mathematics ,Aufbau u. Vorbereitung,Modulprüfung,fix,"HO10, Hörsaal 16 Carl-Kronacher-Hörsaal (WZWH16) (4214.EG.010) ",28.07.2023,15:00  ,15:30
MA9602,Einführung in die Statistik ,Department of Mathematics ,Prüfungstermin,Modulprüfung,fix,"HO10, Hörsaal 16 Carl-Kronacher-Hörsaal (WZWH16) (4214.EG.010) ",28.07.2023,15:30  ,16:30
MA9602,Einführung in die Statistik ,Department of Mathematics ,Nachbereitung,Modulprüfung,fix,"HO10, Hörsaal 16 Carl-Kronacher-Hörsaal (WZWH16) (4214.EG.010) ",28.07.2023,16:30  ,17:00
MA9605,Einführung in die Statistik ,Department of Mathematics ,Aufbau u. Vorbereitung,Modulprüfung,fix,"131, Speisesaal 2 (Mensa 2, Seminarraum) (4216.01.131) ",28.07.2023,15:00  ,15:30
MA9605,Einführung in die Statistik ,Department of Mathematics ,Prüfungstermin,Modulprüfung,fix,"131, Speisesaal 2 (Mensa 2, Seminarraum) (4216.01.131) ",28.07.2023,15:30  ,16:30
MA9605,Einführung in die Statistik ,Department of Mathematics ,Nachbereitung,Modulprüfung,fix,"131, Speisesaal 2 (Mensa 2, Seminarraum) (4216.01.131) ",28.07.2023,16:30  ,17:00
MA9605,Einführung in die Statistik ,Department of Mathematics ,Aufbau u. Vorbereitung,Modulprüfung,fix,"129, Speisesaal 3 (Mensa 3, Seminarraum) (4216.01.129) ",28.07.2023,15:00  ,15:30
MA9605,Einführung in die Statistik ,Department of Mathematics ,Prüfungstermin,Modulprüfung,fix,"129, Speisesaal 3 (Mensa 3, Seminarraum) (4216.01.129) ",28.07.2023,15:30  ,16:30
MA9605,Einführung in die Statistik ,Department of Mathematics ,Nachbereitung,Modulprüfung,fix,"129, Speisesaal 3 (Mensa 3, Seminarraum) (4216.01.129) ",28.07.2023,16:30  ,17:00
MA9609,Höhere Mathematik und Statistik ,Department of Mathematics ,Aufbau u. Vorbereitung,Modulprüfung,fix,"HO30, Hörsaal 14 Max-Schönleutner-Hörsaal (WZWH14) (4214.EG.030) ",28.07.2023,07:30  ,08:00
MA9609,Höhere Mathematik und Statistik ,Department of Mathematics ,Prüfungstermin,Modulprüfung,fix,"HO30, Hörsaal 14 Max-Schönleutner-Hörsaal (WZWH14) (4214.EG.030) ",28.07.2023,08:00  ,10:00
MA9609,Höhere Mathematik und Statistik ,Department of Mathematics ,Nachbereitung,Modulprüfung,fix,"HO30, Hörsaal 14 Max-Schönleutner-Hörsaal (WZWH14) (4214.EG.030) ",28.07.2023,10:00  ,10:30
MA9613,Statistical Computing and Data Analysis ,Department of Mathematics ,Aufbau u. Vorbereitung,Modulprüfung,fix,"101, Hörsaal 1, ""Interims I"" (5620.01.101) ",09.08.2023,13:00  ,13:30
MA9613,Statistical Computing and Data Analysis ,Department of Mathematics ,Prüfungstermin,Modulprüfung,fix,"101, Hörsaal 1, ""Interims I"" (5620.01.101) ",09.08.2023,13:30  ,14:30
MA9613,Statistical Computing and Data Analysis ,Department of Mathematics ,Nachbereitung,Modulprüfung,fix,"101, Hörsaal 1, ""Interims I"" (5620.01.101) ",09.08.2023,14:30  ,15:00
MA9613,Statistical Computing and Data Analysis ,Department of Mathematics ,Aufbau u. Vorbereitung,Modulprüfung,fix,"2501, Rudolf-Mößbauer-Hörsaal (5101.EG.501) ",09.08.2023,13:00  ,13:30
MA9613,Statistical Computing and Data Analysis ,Department of Mathematics ,Prüfungstermin,Modulprüfung,fix,"2501, Rudolf-Mößbauer-Hörsaal (5101.EG.501) ",09.08.2023,13:30  ,14:30
MA9613,Statistical Computing and Data Analysis ,Department of Mathematics ,Nachbereitung,Modulprüfung,fix,"2501, Rudolf-Mößbauer-Hörsaal (5101.EG.501) ",09.08.2023,14:30  ,15:00
MA9614,Statistik ,Department of Mathematics ,Aufbau u. Vorbereitung,Modulprüfung,fix,"HO20, Hörsaal 15 Carl-Lindner-Hörsaal (WZWH15) (4214.EG.020) ",28.07.2023,15:00  ,15:30
MA9614,Statistik ,Department of Mathematics ,Prüfungstermin,Modulprüfung,fix,"HO20, Hörsaal 15 Carl-Lindner-Hörsaal (WZWH15) (4214.EG.020) ",28.07.2023,15:30  ,17:30
MA9614,Statistik ,Department of Mathematics ,Nachbereitung,Modulprüfung,fix,"HO20, Hörsaal 15 Carl-Lindner-Hörsaal (WZWH15) (4214.EG.020) ",28.07.2023,17:30  ,18:00
MA9615,Höhere Mathematik ,Department of Mathematics ,Aufbau u. Vorbereitung,Modulprüfung,fix,"HO10, Hörsaal 16 Carl-Kronacher-Hörsaal (WZWH16) (4214.EG.010) ",27.07.2023,07:30  ,08:00
MA9615,Höhere Mathematik ,Department of Mathematics ,Prüfungstermin,Modulprüfung,fix,"HO10, Hörsaal 16 Carl-Kronacher-Hörsaal (WZWH16) (4214.EG.010) ",27.07.2023,08:00  ,10:00
MA9615,Höhere Mathematik ,Department of Mathematics ,Nachbereitung,Modulprüfung,fix,"HO10, Hörsaal 16 Carl-Kronacher-Hörsaal (WZWH16) (4214.EG.010) ",27.07.2023,10:00  ,10:30
MA9615,Höhere Mathematik ,Department of Mathematics ,Aufbau u. Vorbereitung,Modulprüfung,fix,"HO30, Hörsaal 14 Max-Schönleutner-Hörsaal (WZWH14) (4214.EG.030) ",27.07.2023,07:30  ,08:00
MA9615,Höhere Mathematik ,Department of Mathematics ,Prüfungstermin,Modulprüfung,fix,"HO30, Hörsaal 14 Max-Schönleutner-Hörsaal (WZWH14) (4214.EG.030) ",27.07.2023,08:00  ,10:00
MA9615,Höhere Mathematik ,Department of Mathematics ,Nachbereitung,Modulprüfung,fix,"HO30, Hörsaal 14 Max-Schönleutner-Hörsaal (WZWH14) (4214.EG.030) ",27.07.2023,10:00  ,10:30
MA9712,Statistik für BWL (Einführung mit R) ,Department of Mathematics ,Aufbau u. Vorbereitung,Modulprüfung,fix,MW 2001 Rudolf-Diesel-Hörsaal (5510.02.001) ,29.07.2023,10:00  ,10:30
MA9712,Statistik für BWL (Einführung mit R) ,Department of Mathematics ,Prüfungstermin,Modulprüfung,fix,MW 2001 Rudolf-Diesel-Hörsaal (5510.02.001) ,29.07.2023,10:30  ,12:00
MA9712,Statistik für BWL (Einführung mit R) ,Department of Mathematics ,Nachbereitung,Modulprüfung,fix,MW 2001 Rudolf-Diesel-Hörsaal (5510.02.001) ,29.07.2023,12:00  ,12:30
MA9712,Statistik für BWL (Einführung mit R) ,Department of Mathematics ,Aufbau u. Vorbereitung,Modulprüfung,fix,"MW 0001, Gustav-Niemann-Hörsaal (5510.EG.001) ",29.07.2023,10:00  ,10:30
MA9712,Statistik für BWL (Einführung mit R) ,Department of Mathematics ,Prüfungstermin,Modulprüfung,fix,"MW 0001, Gustav-Niemann-Hörsaal (5510.EG.001) ",29.07.2023,10:30  ,12:00
MA9712,Statistik für BWL (Einführung mit R) ,Department of Mathematics ,Nachbereitung,Modulprüfung,fix,"MW 0001, Gustav-Niemann-Hörsaal (5510.EG.001) ",29.07.2023,12:00  ,12:30
MA9712,Statistik für BWL (Einführung mit R) ,Department of Mathematics ,Aufbau u. Vorbereitung,Modulprüfung,fix,"101, Hörsaal 1, ""Interims I"" (5620.01.101) ",29.07.2023,10:00  ,10:30
MA9712,Statistik für BWL (Einführung mit R) ,Department of Mathematics ,Prüfungstermin,Modulprüfung,fix,"101, Hörsaal 1, ""Interims I"" (5620.01.101) ",29.07.2023,10:30  ,12:00
MA9712,Statistik für BWL (Einführung mit R) ,Department of Mathematics ,Nachbereitung,Modulprüfung,fix,"101, Hörsaal 1, ""Interims I"" (5620.01.101) ",29.07.2023,12:00  ,12:30
MA9712,Statistik für BWL (Einführung mit R) ,Department of Mathematics ,Aufbau u. Vorbereitung,Modulprüfung,fix,"00.02.001, MI HS 1, Friedrich L. Bauer Hörsaal (5602.EG.001) ",29.07.2023,10:00  ,10:30
MA9712,Statistik für BWL (Einführung mit R) ,Department of Mathematics ,Prüfungstermin,Modulprüfung,fix,"00.02.001, MI HS 1, Friedrich L. Bauer Hörsaal (5602.EG.001) ",29.07.2023,10:30  ,12:00
MA9712,Statistik für BWL (Einführung mit R) ,Department of Mathematics ,Nachbereitung,Modulprüfung,fix,"00.02.001, MI HS 1, Friedrich L. Bauer Hörsaal (5602.EG.001) ",29.07.2023,12:00  ,12:30
MA9712,Statistik für BWL (Einführung mit R) ,Department of Mathematics ,Aufbau u. Vorbereitung,Modulprüfung,fix,"MW 1801, Ernst-Schmidt-Hörsaal (5508.02.801) ",29.07.2023,10:00  ,10:30
MA9712,Statistik für BWL (Einführung mit R) ,Department of Mathematics ,Prüfungstermin,Modulprüfung,fix,"MW 1801, Ernst-Schmidt-Hörsaal (5508.02.801) ",29.07.2023,10:30  ,12:00
MA9712,Statistik für BWL (Einführung mit R) ,Department of Mathematics ,Nachbereitung,Modulprüfung,fix,"MW 1801, Ernst-Schmidt-Hörsaal (5508.02.801) ",29.07.2023,12:00  ,12:30
MA9712,Statistik für BWL (Einführung mit R) ,Department of Mathematics ,Aufbau u. Vorbereitung,Modulprüfung,fix,"003, Hörsaal 2, ""Interims II"" (5416.01.003) ",29.07.2023,10:00  ,10:30
MA9712,Statistik für BWL (Einführung mit R) ,Department of Mathematics ,Prüfungstermin,Modulprüfung,fix,"003, Hörsaal 2, ""Interims II"" (5416.01.003) ",29.07.2023,10:30  ,12:00
MA9712,Statistik für BWL (Einführung mit R) ,Department of Mathematics ,Nachbereitung,Modulprüfung,fix,"003, Hörsaal 2, ""Interims II"" (5416.01.003) ",29.07.2023,12:00  ,12:30
MA9712,Statistik für BWL (Einführung mit R) ,Department of Mathematics ,Aufbau u. Vorbereitung,Modulprüfung,fix,"102, Hörsaal 2, ""Interims I"" (5620.01.102) ",29.07.2023,10:00  ,10:30
MA9712,Statistik für BWL (Einführung mit R) ,Department of Mathematics ,Prüfungstermin,Modulprüfung,fix,"102, Hörsaal 2, ""Interims I"" (5620.01.102) ",29.07.2023,10:30  ,12:00
MA9712,Statistik für BWL (Einführung mit R) ,Department of Mathematics ,Nachbereitung,Modulprüfung,fix,"102, Hörsaal 2, ""Interims I"" (5620.01.102) ",29.07.2023,12:00  ,12:30
MA9712,Statistik für BWL (Einführung mit R) ,Department of Mathematics ,Aufbau u. Vorbereitung,Modulprüfung,fix,"004, Hörsaal 1 ""Interims II"" (5416.01.004) ",29.07.2023,10:00  ,10:30
MA9712,Statistik für BWL (Einführung mit R) ,Department of Mathematics ,Prüfungstermin,Modulprüfung,fix,"004, Hörsaal 1 ""Interims II"" (5416.01.004) ",29.07.2023,10:30  ,12:00
MA9712,Statistik für BWL (Einführung mit R) ,Department of Mathematics ,Nachbereitung,Modulprüfung,fix,"004, Hörsaal 1 ""Interims II"" (5416.01.004) ",29.07.2023,12:00  ,12:30
MA9712,Statistik für BWL (Einführung mit R) ,Department of Mathematics ,Aufbau u. Vorbereitung,Modulprüfung,fix,MW 2001 Rudolf-Diesel-Hörsaal (5510.02.001) ,06.10.2023,13:00  ,13:30
MA9712,Statistik für BWL (Einführung mit R) ,Department of Mathematics ,Prüfungstermin,Modulprüfung,fix,MW 2001 Rudolf-Diesel-Hörsaal (5510.02.001) ,06.10.2023,13:30  ,15:00
MA9712,Statistik für BWL (Einführung mit R) ,Department of Mathematics ,Nachbereitung,Modulprüfung,fix,MW 2001 Rudolf-Diesel-Hörsaal (5510.02.001) ,06.10.2023,15:00  ,15:30
MA9712,Statistik für BWL (Einführung mit R) ,Department of Mathematics ,Aufbau u. Vorbereitung,Modulprüfung,fix,"003, Hörsaal 2, ""Interims II"" (5416.01.003) ",06.10.2023,13:00  ,13:30
MA9712,Statistik für BWL (Einführung mit R) ,Department of Mathematics ,Prüfungstermin,Modulprüfung,fix,"003, Hörsaal 2, ""Interims II"" (5416.01.003) ",06.10.2023,13:30  ,15:00
MA9712,Statistik für BWL (Einführung mit R) ,Department of Mathematics ,Nachbereitung,Modulprüfung,fix,"003, Hörsaal 2, ""Interims II"" (5416.01.003) ",06.10.2023,15:00  ,15:30
MA9712,Statistik für BWL (Einführung mit R) ,Department of Mathematics ,Aufbau u. Vorbereitung,Modulprüfung,fix,"004, Hörsaal 1 ""Interims II"" (5416.01.004) ",06.10.2023,13:00  ,13:30
MA9712,Statistik für BWL (Einführung mit R) ,Department of Mathematics ,Prüfungstermin,Modulprüfung,fix,"004, Hörsaal 1 ""Interims II"" (5416.01.004) ",06.10.2023,13:30  ,15:00
MA9712,Statistik für BWL (Einführung mit R) ,Department of Mathematics ,Nachbereitung,Modulprüfung,fix,"004, Hörsaal 1 ""Interims II"" (5416.01.004) ",06.10.2023,15:00  ,15:30
MA9714,Mathematische Behandlung der Natur- und Wirtschaftswissenschaften 2 ,Department of Mathematics ,Aufbau u. Vorbereitung,Modulprüfung,fix,"101, Hörsaal 1, ""Interims I"" (5620.01.101) ",31.07.2023,16:30  ,17:00
MA9714,Mathematische Behandlung der Natur- und Wirtschaftswissenschaften 2 ,Department of Mathematics ,Prüfungstermin,Modulprüfung,fix,"101, Hörsaal 1, ""Interims I"" (5620.01.101) ",31.07.2023,17:00  ,18:30
MA9714,Mathematische Behandlung der Natur- und Wirtschaftswissenschaften 2 ,Department of Mathematics ,Nachbereitung,Modulprüfung,fix,"101, Hörsaal 1, ""Interims I"" (5620.01.101) ",31.07.2023,18:30  ,19:00
MA9714,Mathematische Behandlung der Natur- und Wirtschaftswissenschaften 2 ,Department of Mathematics ,Aufbau u. Vorbereitung,Modulprüfung,fix,"00.02.001, MI HS 1, Friedrich L. Bauer Hörsaal (5602.EG.001) ",31.07.2023,16:30  ,17:00
MA9714,Mathematische Behandlung der Natur- und Wirtschaftswissenschaften 2 ,Department of Mathematics ,Prüfungstermin,Modulprüfung,fix,"00.02.001, MI HS 1, Friedrich L. Bauer Hörsaal (5602.EG.001) ",31.07.2023,17:00  ,18:30
MA9714,Mathematische Behandlung der Natur- und Wirtschaftswissenschaften 2 ,Department of Mathematics ,Nachbereitung,Modulprüfung,fix,"00.02.001, MI HS 1, Friedrich L. Bauer Hörsaal (5602.EG.001) ",31.07.2023,18:30  ,19:00
MA9714,Mathematische Behandlung der Natur- und Wirtschaftswissenschaften 2 ,Department of Mathematics ,Aufbau u. Vorbereitung,Modulprüfung,fix,"MW 1801, Ernst-Schmidt-Hörsaal (5508.02.801) ",31.07.2023,16:30  ,17:00
MA9714,Mathematische Behandlung der Natur- und Wirtschaftswissenschaften 2 ,Department of Mathematics ,Prüfungstermin,Modulprüfung,fix,"MW 1801, Ernst-Schmidt-Hörsaal (5508.02.801) ",31.07.2023,17:00  ,18:30
MA9714,Mathematische Behandlung der Natur- und Wirtschaftswissenschaften 2 ,Department of Mathematics ,Nachbereitung,Modulprüfung,fix,"MW 1801, Ernst-Schmidt-Hörsaal (5508.02.801) ",31.07.2023,18:30  ,19:00
MA9714,Mathematische Behandlung der Natur- und Wirtschaftswissenschaften 2 ,Department of Mathematics ,Aufbau u. Vorbereitung,Modulprüfung,fix,"102, Hörsaal 2, ""Interims I"" (5620.01.102) ",31.07.2023,16:30  ,17:00
MA9714,Mathematische Behandlung der Natur- und Wirtschaftswissenschaften 2 ,Department of Mathematics ,Prüfungstermin,Modulprüfung,fix,"102, Hörsaal 2, ""Interims I"" (5620.01.102) ",31.07.2023,17:00  ,18:30
MA9714,Mathematische Behandlung der Natur- und Wirtschaftswissenschaften 2 ,Department of Mathematics ,Nachbereitung,Modulprüfung,fix,"102, Hörsaal 2, ""Interims I"" (5620.01.102) ",31.07.2023,18:30  ,19:00
MA9714,Mathematische Behandlung der Natur- und Wirtschaftswissenschaften 2 ,Department of Mathematics ,Aufbau u. Vorbereitung,Modulprüfung,fix,"1200, Carl-von-Linde-Hörsaal (0502.01.200) ",04.10.2023,13:00  ,13:30
MA9714,Mathematische Behandlung der Natur- und Wirtschaftswissenschaften 2 ,Department of Mathematics ,Prüfungstermin,Modulprüfung,fix,"1200, Carl-von-Linde-Hörsaal (0502.01.200) ",04.10.2023,13:30  ,15:00
MA9714,Mathematische Behandlung der Natur- und Wirtschaftswissenschaften 2 ,Department of Mathematics ,Nachbereitung,Modulprüfung,fix,"1200, Carl-von-Linde-Hörsaal (0502.01.200) ",04.10.2023,15:00  ,15:30
MA9801,Mathematische Grundlagen ,Department of Mathematics ,Aufbau u. Vorbereitung,Modulprüfung,fix,MW 2001 Rudolf-Diesel-Hörsaal (5510.02.001) ,18.08.2023,15:30  ,16:00
MA9801,Mathematische Grundlagen ,Department of Mathematics ,Prüfungstermin,Modulprüfung,fix,MW 2001 Rudolf-Diesel-Hörsaal (5510.02.001) ,18.08.2023,16:00  ,17:30
MA9801,Mathematische Grundlagen ,Department of Mathematics ,Nachbereitung,Modulprüfung,fix,MW 2001 Rudolf-Diesel-Hörsaal (5510.02.001) ,18.08.2023,17:30  ,18:00
MA9801,Mathematische Grundlagen ,Department of Mathematics ,Aufbau u. Vorbereitung,Modulprüfung,fix,"MW 1801, Ernst-Schmidt-Hörsaal (5508.02.801) ",18.08.2023,15:30  ,16:00
MA9801,Mathematische Grundlagen ,Department of Mathematics ,Prüfungstermin,Modulprüfung,fix,"MW 1801, Ernst-Schmidt-Hörsaal (5508.02.801) ",18.08.2023,16:00  ,17:30
MA9801,Mathematische Grundlagen ,Department of Mathematics ,Nachbereitung,Modulprüfung,fix,"MW 1801, Ernst-Schmidt-Hörsaal (5508.02.801) ",18.08.2023,17:30  ,18:00
MA9802,Differential- und Integralrechnung (MSE) ,Department of Mathematics ,Aufbau u. Vorbereitung,Modulprüfung,fix,MW 2001 Rudolf-Diesel-Hörsaal (5510.02.001) ,08.08.2023,07:30  ,08:00
MA9802,Differential- und Integralrechnung (MSE) ,Department of Mathematics ,Prüfungstermin,Modulprüfung,fix,MW 2001 Rudolf-Diesel-Hörsaal (5510.02.001) ,08.08.2023,08:00  ,09:30
MA9802,Differential- und Integralrechnung (MSE) ,Department of Mathematics ,Nachbereitung,Modulprüfung,fix,MW 2001 Rudolf-Diesel-Hörsaal (5510.02.001) ,08.08.2023,09:30  ,10:00
MA9802,Differential- und Integralrechnung (MSE) ,Department of Mathematics ,Aufbau u. Vorbereitung,Modulprüfung,fix,"101, Hörsaal 1, ""Interims I"" (5620.01.101) ",08.08.2023,07:30  ,08:00
MA9802,Differential- und Integralrechnung (MSE) ,Department of Mathematics ,Prüfungstermin,Modulprüfung,fix,"101, Hörsaal 1, ""Interims I"" (5620.01.101) ",08.08.2023,08:00  ,09:30
MA9802,Differential- und Integralrechnung (MSE) ,Department of Mathematics ,Nachbereitung,Modulprüfung,fix,"101, Hörsaal 1, ""Interims I"" (5620.01.101) ",08.08.2023,09:30  ,10:00
MA9802,Differential- und Integralrechnung (MSE) ,Department of Mathematics ,Aufbau u. Vorbereitung,Modulprüfung,geplant,"1450, Willy-Messerschmitt-Zeichensaal (5504.01.450) ",08.08.2023,07:30  ,08:00
MA9802,Differential- und Integralrechnung (MSE) ,Department of Mathematics ,Prüfungstermin,Modulprüfung,geplant,"1450, Willy-Messerschmitt-Zeichensaal (5504.01.450) ",08.08.2023,08:00  ,09:30
MA9802,Differential- und Integralrechnung (MSE) ,Department of Mathematics ,Nachbereitung,Modulprüfung,geplant,"1450, Willy-Messerschmitt-Zeichensaal (5504.01.450) ",08.08.2023,09:30  ,10:00
MA9802,Differential- und Integralrechnung (MSE) ,Department of Mathematics ,Aufbau u. Vorbereitung,Modulprüfung,fix,"MW 1050, Johann-Bauschinger-Zeichensaal (5510.01.050) ",08.08.2023,07:30  ,08:00
MA9802,Differential- und Integralrechnung (MSE) ,Department of Mathematics ,Prüfungstermin,Modulprüfung,fix,"MW 1050, Johann-Bauschinger-Zeichensaal (5510.01.050) ",08.08.2023,08:00  ,09:30
MA9802,Differential- und Integralrechnung (MSE) ,Department of Mathematics ,Nachbereitung,Modulprüfung,fix,"MW 1050, Johann-Bauschinger-Zeichensaal (5510.01.050) ",08.08.2023,09:30  ,10:00
MA9802,Differential- und Integralrechnung (MSE) ,Department of Mathematics ,Aufbau u. Vorbereitung,Modulprüfung,fix,"003, Hörsaal 2, ""Interims II"" (5416.01.003) ",08.08.2023,07:30  ,08:00
MA9802,Differential- und Integralrechnung (MSE) ,Department of Mathematics ,Prüfungstermin,Modulprüfung,fix,"003, Hörsaal 2, ""Interims II"" (5416.01.003) ",08.08.2023,08:00  ,09:30
MA9802,Differential- und Integralrechnung (MSE) ,Department of Mathematics ,Nachbereitung,Modulprüfung,fix,"003, Hörsaal 2, ""Interims II"" (5416.01.003) ",08.08.2023,09:30  ,10:00
MA9803,Modellierung und Simulation mit gewöhnlichen Differentialgleichungen (MSE) ,Department of Mathematics ,Aufbau u. Vorbereitung,Modulprüfung,fix,"101, Hörsaal 1, ""Interims I"" (5620.01.101) ",04.08.2023,10:30  ,11:00
MA9803,Modellierung und Simulation mit gewöhnlichen Differentialgleichungen (MSE) ,Department of Mathematics ,Prüfungstermin,Modulprüfung,fix,"101, Hörsaal 1, ""Interims I"" (5620.01.101) ",04.08.2023,11:00  ,12:00
MA9803,Modellierung und Simulation mit gewöhnlichen Differentialgleichungen (MSE) ,Department of Mathematics ,Nachbereitung,Modulprüfung,fix,"101, Hörsaal 1, ""Interims I"" (5620.01.101) ",04.08.2023,12:00  ,12:30
MA9804,Numerische Behandlung Partieller Differentialgleichungen (MSE) ,Department of Mathematics ,Aufbau u. Vorbereitung,Modulprüfung,fix,Hörsaal im Galileo nur Mo-Do 7-19 Uhr (8120.EG.001) ,02.08.2023,10:30  ,11:00
MA9804,Numerische Behandlung Partieller Differentialgleichungen (MSE) ,Department of Mathematics ,Prüfungstermin,Modulprüfung,fix,Hörsaal im Galileo nur Mo-Do 7-19 Uhr (8120.EG.001) ,02.08.2023,11:00  ,12:00
MA9804,Numerische Behandlung Partieller Differentialgleichungen (MSE) ,Department of Mathematics ,Nachbereitung,Modulprüfung,fix,Hörsaal im Galileo nur Mo-Do 7-19 Uhr (8120.EG.001) ,02.08.2023,12:00  ,12:30
MA9804,Numerische Behandlung Partieller Differentialgleichungen (MSE) ,Department of Mathematics ,Aufbau u. Vorbereitung,Modulprüfung,fix,"1350, Ludwig-Burmester-Zeichensaal (5503.01.350) ",02.08.2023,10:30  ,11:00
MA9804,Numerische Behandlung Partieller Differentialgleichungen (MSE) ,Department of Mathematics ,Prüfungstermin,Modulprüfung,fix,"1350, Ludwig-Burmester-Zeichensaal (5503.01.350) ",02.08.2023,11:00  ,12:00
MA9804,Numerische Behandlung Partieller Differentialgleichungen (MSE) ,Department of Mathematics ,Nachbereitung,Modulprüfung,fix,"1350, Ludwig-Burmester-Zeichensaal (5503.01.350) ",02.08.2023,12:00  ,12:30
MA9804,Numerische Behandlung Partieller Differentialgleichungen (MSE) ,Department of Mathematics ,Aufbau u. Vorbereitung,Modulprüfung,fix,"MW 1801, Ernst-Schmidt-Hörsaal (5508.02.801) ",02.08.2023,10:30  ,11:00
MA9804,Numerische Behandlung Partieller Differentialgleichungen (MSE) ,Department of Mathematics ,Prüfungstermin,Modulprüfung,fix,"MW 1801, Ernst-Schmidt-Hörsaal (5508.02.801) ",02.08.2023,11:00  ,12:00
MA9804,Numerische Behandlung Partieller Differentialgleichungen (MSE) ,Department of Mathematics ,Nachbereitung,Modulprüfung,fix,"MW 1801, Ernst-Schmidt-Hörsaal (5508.02.801) ",02.08.2023,12:00  ,12:30
MA9805,Mathematical Modeling of Materials ,Department of Mathematics ,Aufbau u. Vorbereitung,Modulprüfung,fix,"00.04.011, MI Hörsaal 2 (5604.EG.011) ",11.08.2023,13:00  ,13:30
MA9805,Mathematical Modeling of Materials ,Department of Mathematics ,Prüfungstermin,Modulprüfung,fix,"00.04.011, MI Hörsaal 2 (5604.EG.011) ",11.08.2023,13:30  ,15:00
MA9805,Mathematical Modeling of Materials ,Department of Mathematics ,Nachbereitung,Modulprüfung,fix,"00.04.011, MI Hörsaal 2 (5604.EG.011) ",11.08.2023,15:00  ,15:30
MA9952,Grundzüge der Höheren Mathematik 2 ,Department of Mathematics ,Aufbau u. Vorbereitung,Modulprüfung,fix,"N 1189, Hans-Piloty-Hörsaal (0101.02.189) ",24.07.2023,10:30  ,11:00
MA9952,Grundzüge der Höheren Mathematik 2 ,Department of Mathematics ,Prüfungstermin,Modulprüfung,fix,"N 1189, Hans-Piloty-Hörsaal (0101.02.189) ",24.07.2023,11:00  ,12:00
MA9952,Grundzüge der Höheren Mathematik 2 ,Department of Mathematics ,Nachbereitung,Modulprüfung,fix,"N 1189, Hans-Piloty-Hörsaal (0101.02.189) ",24.07.2023,12:00  ,12:30
MA9952,Grundzüge der Höheren Mathematik 2 ,Department of Mathematics ,Aufbau u. Vorbereitung,Modulprüfung,fix,"2300, Friedrich von Thiersch Hörsaal (0503.02.300) ",02.10.2023,10:30  ,11:00
MA9952,Grundzüge der Höheren Mathematik 2 ,Department of Mathematics ,Prüfungstermin,Modulprüfung,fix,"2300, Friedrich von Thiersch Hörsaal (0503.02.300) ",02.10.2023,11:00  ,12:00
MA9952,Grundzüge der Höheren Mathematik 2 ,Department of Mathematics ,Nachbereitung,Modulprüfung,fix,"2300, Friedrich von Thiersch Hörsaal (0503.02.300) ",02.10.2023,12:00  ,12:30
