WI000021DM,Volkswirtschaftslehre I - Mikroökonomie ,TUM School of Management ,Aufbau u. Vorbereitung,Modulprüfung,fix,"0220, Hörsaal m. Exp.-Bühne (0502.EG.220) ",03.08.2023,13:00  ,13:30
WI000021DM,Volkswirtschaftslehre I - Mikroökonomie ,TUM School of Management ,Prüfungstermin,Modulprüfung,fix,"0220, Hörsaal m. Exp.-Bühne (0502.EG.220) ",03.08.2023,13:30  ,15:30
WI000021DM,Volkswirtschaftslehre I - Mikroökonomie ,TUM School of Management ,Nachbereitung,Modulprüfung,fix,"0220, Hörsaal m. Exp.-Bühne (0502.EG.220) ",03.08.2023,15:30  ,16:00
WI000021DM,Volkswirtschaftslehre I - Mikroökonomie ,TUM School of Management ,Aufbau u. Vorbereitung,Modulprüfung,fix,"1100, Hörsaal ohne exp. Bühne (0501.01.100) ",03.08.2023,13:00  ,13:30
WI000021DM,Volkswirtschaftslehre I - Mikroökonomie ,TUM School of Management ,Prüfungstermin,Modulprüfung,fix,"1100, Hörsaal ohne exp. Bühne (0501.01.100) ",03.08.2023,13:30  ,15:30
WI000021DM,Volkswirtschaftslehre I - Mikroökonomie ,TUM School of Management ,Nachbereitung,Modulprüfung,fix,"1100, Hörsaal ohne exp. Bühne (0501.01.100) ",03.08.2023,15:30  ,16:00
WI000021DM,Volkswirtschaftslehre I - Mikroökonomie ,TUM School of Management ,Aufbau u. Vorbereitung,Modulprüfung,fix,"N 1070 ZG, Lothar-Rohde-Hörsaal (0101.Z1.070) ",03.08.2023,13:00  ,13:30
WI000021DM,Volkswirtschaftslehre I - Mikroökonomie ,TUM School of Management ,Prüfungstermin,Modulprüfung,fix,"N 1070 ZG, Lothar-Rohde-Hörsaal (0101.Z1.070) ",03.08.2023,13:30  ,15:30
WI000021DM,Volkswirtschaftslehre I - Mikroökonomie ,TUM School of Management ,Nachbereitung,Modulprüfung,fix,"N 1070 ZG, Lothar-Rohde-Hörsaal (0101.Z1.070) ",03.08.2023,15:30  ,16:00
WI000023DM,Volkswirtschaftslehre II - Makroökonomie ,TUM School of Management ,Aufbau u. Vorbereitung,Modulprüfung,fix,"1200, Carl-von-Linde-Hörsaal (0502.01.200) ",24.07.2023,10:00  ,10:30
WI000023DM,Volkswirtschaftslehre II - Makroökonomie ,TUM School of Management ,Prüfungstermin,Modulprüfung,fix,"1200, Carl-von-Linde-Hörsaal (0502.01.200) ",24.07.2023,10:30  ,12:30
WI000023DM,Volkswirtschaftslehre II - Makroökonomie ,TUM School of Management ,Nachbereitung,Modulprüfung,fix,"1200, Carl-von-Linde-Hörsaal (0502.01.200) ",24.07.2023,12:30  ,13:00
WI000023DM,Volkswirtschaftslehre II - Makroökonomie ,TUM School of Management ,Aufbau u. Vorbereitung,Modulprüfung,fix,"2300, Friedrich von Thiersch Hörsaal (0503.02.300) ",24.07.2023,10:00  ,10:30
WI000023DM,Volkswirtschaftslehre II - Makroökonomie ,TUM School of Management ,Prüfungstermin,Modulprüfung,fix,"2300, Friedrich von Thiersch Hörsaal (0503.02.300) ",24.07.2023,10:30  ,12:30
WI000023DM,Volkswirtschaftslehre II - Makroökonomie ,TUM School of Management ,Nachbereitung,Modulprüfung,fix,"2300, Friedrich von Thiersch Hörsaal (0503.02.300) ",24.07.2023,12:30  ,13:00
WI000023DM,Volkswirtschaftslehre II - Makroökonomie ,TUM School of Management ,Aufbau u. Vorbereitung,Modulprüfung,fix,"0980, Audimax (0509.EG.980) ",24.07.2023,10:00  ,10:30
WI000023DM,Volkswirtschaftslehre II - Makroökonomie ,TUM School of Management ,Prüfungstermin,Modulprüfung,fix,"0980, Audimax (0509.EG.980) ",24.07.2023,10:30  ,12:30
WI000023DM,Volkswirtschaftslehre II - Makroökonomie ,TUM School of Management ,Nachbereitung,Modulprüfung,fix,"0980, Audimax (0509.EG.980) ",24.07.2023,12:30  ,13:00
WI000023DM,Volkswirtschaftslehre II - Makroökonomie ,TUM School of Management ,Aufbau u. Vorbereitung,Modulprüfung,fix,"2750, Karl Max von Bauernfeind Hörsaal (0507.03.750) ",24.07.2023,10:00  ,10:30
WI000023DM,Volkswirtschaftslehre II - Makroökonomie ,TUM School of Management ,Prüfungstermin,Modulprüfung,fix,"2750, Karl Max von Bauernfeind Hörsaal (0507.03.750) ",24.07.2023,10:30  ,12:30
WI000023DM,Volkswirtschaftslehre II - Makroökonomie ,TUM School of Management ,Nachbereitung,Modulprüfung,fix,"2750, Karl Max von Bauernfeind Hörsaal (0507.03.750) ",24.07.2023,12:30  ,13:00
WI000023EM,Economics II - Macroeconomics ,TUM School of Management ,Aufbau u. Vorbereitung,Modulprüfung,fix,"0360, Theodor-Fischer-Hörsaal (0503.EG.360) ",24.07.2023,10:00  ,10:30
WI000023EM,Economics II - Macroeconomics ,TUM School of Management ,Prüfungstermin,Modulprüfung,fix,"0360, Theodor-Fischer-Hörsaal (0503.EG.360) ",24.07.2023,10:30  ,12:30
WI000023EM,Economics II - Macroeconomics ,TUM School of Management ,Nachbereitung,Modulprüfung,fix,"0360, Theodor-Fischer-Hörsaal (0503.EG.360) ",24.07.2023,12:30  ,13:00
WI000023EM,Economics II - Macroeconomics ,TUM School of Management ,Aufbau u. Vorbereitung,Modulprüfung,fix,"Theresianum, 0606, Hörsaal ansteigend, ohne exp. B (0506.EG.606) ",24.07.2023,10:00  ,10:30
WI000023EM,Economics II - Macroeconomics ,TUM School of Management ,Prüfungstermin,Modulprüfung,fix,"Theresianum, 0606, Hörsaal ansteigend, ohne exp. B (0506.EG.606) ",24.07.2023,10:30  ,12:30
WI000023EM,Economics II - Macroeconomics ,TUM School of Management ,Nachbereitung,Modulprüfung,fix,"Theresianum, 0606, Hörsaal ansteigend, ohne exp. B (0506.EG.606) ",24.07.2023,12:30  ,13:00
WI000023EM,Economics II - Macroeconomics ,TUM School of Management ,Aufbau u. Vorbereitung,Modulprüfung,fix,"N 1179, Wilhelm-Nusselt-Hörsaal (0101.02.179) ",24.07.2023,10:00  ,10:30
WI000023EM,Economics II - Macroeconomics ,TUM School of Management ,Prüfungstermin,Modulprüfung,fix,"N 1179, Wilhelm-Nusselt-Hörsaal (0101.02.179) ",24.07.2023,10:30  ,12:30
WI000023EM,Economics II - Macroeconomics ,TUM School of Management ,Nachbereitung,Modulprüfung,fix,"N 1179, Wilhelm-Nusselt-Hörsaal (0101.02.179) ",24.07.2023,12:30  ,13:00
WI000023EM,Economics II - Macroeconomics ,TUM School of Management ,Aufbau u. Vorbereitung,Modulprüfung,fix,"N 1190, Hans-Heinrich-Meinke-Hörsaal (0101.02.190) ",24.07.2023,10:00  ,10:30
WI000023EM,Economics II - Macroeconomics ,TUM School of Management ,Prüfungstermin,Modulprüfung,fix,"N 1190, Hans-Heinrich-Meinke-Hörsaal (0101.02.190) ",24.07.2023,10:30  ,12:30
WI000023EM,Economics II - Macroeconomics ,TUM School of Management ,Nachbereitung,Modulprüfung,fix,"N 1190, Hans-Heinrich-Meinke-Hörsaal (0101.02.190) ",24.07.2023,12:30  ,13:00
WI000027M,Wirtschaftsprivatrecht I ,TUM School of Management ,Aufbau u. Vorbereitung,Modulprüfung,fix,"N 1090 ZG, Hörsaal mit exp. Bühne (0101.Z1.090) ",11.08.2023,10:00  ,10:30
WI000027M,Wirtschaftsprivatrecht I ,TUM School of Management ,Prüfungstermin,Modulprüfung,fix,"N 1090 ZG, Hörsaal mit exp. Bühne (0101.Z1.090) ",11.08.2023,10:30  ,12:30
WI000027M,Wirtschaftsprivatrecht I ,TUM School of Management ,Nachbereitung,Modulprüfung,fix,"N 1090 ZG, Hörsaal mit exp. Bühne (0101.Z1.090) ",11.08.2023,12:30  ,13:00
WI000027M,Wirtschaftsprivatrecht I ,TUM School of Management ,Aufbau u. Vorbereitung,Modulprüfung,fix,"N 1179, Wilhelm-Nusselt-Hörsaal (0101.02.179) ",11.08.2023,10:00  ,10:30
WI000027M,Wirtschaftsprivatrecht I ,TUM School of Management ,Prüfungstermin,Modulprüfung,fix,"N 1179, Wilhelm-Nusselt-Hörsaal (0101.02.179) ",11.08.2023,10:30  ,12:30
WI000027M,Wirtschaftsprivatrecht I ,TUM School of Management ,Nachbereitung,Modulprüfung,fix,"N 1179, Wilhelm-Nusselt-Hörsaal (0101.02.179) ",11.08.2023,12:30  ,13:00
WI000027M,Wirtschaftsprivatrecht I ,TUM School of Management ,Aufbau u. Vorbereitung,Modulprüfung,fix,"N 1095 ZG, Hörsaal mit exp. Bühne (0101.Z1.095) ",11.08.2023,10:00  ,10:30
WI000027M,Wirtschaftsprivatrecht I ,TUM School of Management ,Prüfungstermin,Modulprüfung,fix,"N 1095 ZG, Hörsaal mit exp. Bühne (0101.Z1.095) ",11.08.2023,10:30  ,12:30
WI000027M,Wirtschaftsprivatrecht I ,TUM School of Management ,Nachbereitung,Modulprüfung,fix,"N 1095 ZG, Hörsaal mit exp. Bühne (0101.Z1.095) ",11.08.2023,12:30  ,13:00
WI000030S,Wirtschaftsprivatrecht II ,TUM School of Management ,Aufbau u. Vorbereitung,Modulprüfung,fix,"N 1080 ZG, August-Föppl-Hörsaal (0101.Z1.080) ",27.07.2023,10:00  ,10:30
WI000030S,Wirtschaftsprivatrecht II ,TUM School of Management ,Prüfungstermin,Modulprüfung,fix,"N 1080 ZG, August-Föppl-Hörsaal (0101.Z1.080) ",27.07.2023,10:30  ,12:30
WI000030S,Wirtschaftsprivatrecht II ,TUM School of Management ,Nachbereitung,Modulprüfung,fix,"N 1080 ZG, August-Föppl-Hörsaal (0101.Z1.080) ",27.07.2023,12:30  ,13:00
WI000030S,Wirtschaftsprivatrecht II ,TUM School of Management ,Aufbau u. Vorbereitung,Modulprüfung,fix,"N 1189, Hans-Piloty-Hörsaal (0101.02.189) ",27.07.2023,10:00  ,10:30
WI000030S,Wirtschaftsprivatrecht II ,TUM School of Management ,Prüfungstermin,Modulprüfung,fix,"N 1189, Hans-Piloty-Hörsaal (0101.02.189) ",27.07.2023,10:30  ,12:30
WI000030S,Wirtschaftsprivatrecht II ,TUM School of Management ,Nachbereitung,Modulprüfung,fix,"N 1189, Hans-Piloty-Hörsaal (0101.02.189) ",27.07.2023,12:30  ,13:00
WI000030S,Wirtschaftsprivatrecht II ,TUM School of Management ,Aufbau u. Vorbereitung,Modulprüfung,fix,"0980, Audimax (0509.EG.980) ",27.07.2023,10:00  ,10:30
WI000030S,Wirtschaftsprivatrecht II ,TUM School of Management ,Prüfungstermin,Modulprüfung,fix,"0980, Audimax (0509.EG.980) ",27.07.2023,10:30  ,12:30
WI000030S,Wirtschaftsprivatrecht II ,TUM School of Management ,Nachbereitung,Modulprüfung,fix,"0980, Audimax (0509.EG.980) ",27.07.2023,12:30  ,13:00
WI000030S,Wirtschaftsprivatrecht II ,TUM School of Management ,Aufbau u. Vorbereitung,Modulprüfung,fix,"2750, Karl Max von Bauernfeind Hörsaal (0507.03.750) ",27.07.2023,10:00  ,10:30
WI000030S,Wirtschaftsprivatrecht II ,TUM School of Management ,Prüfungstermin,Modulprüfung,fix,"2750, Karl Max von Bauernfeind Hörsaal (0507.03.750) ",27.07.2023,10:30  ,12:30
WI000030S,Wirtschaftsprivatrecht II ,TUM School of Management ,Nachbereitung,Modulprüfung,fix,"2750, Karl Max von Bauernfeind Hörsaal (0507.03.750) ",27.07.2023,12:30  ,13:00
WI000091,Corporate Finance ,TUM School of Management ,Aufbau u. Vorbereitung,Modulprüfung,fix,"1180, Hörsaal ohne exp. Bühne (0501.01.180) ",08.08.2023,10:00  ,10:30
WI000091,Corporate Finance ,TUM School of Management ,Prüfungstermin,Modulprüfung,fix,"1180, Hörsaal ohne exp. Bühne (0501.01.180) ",08.08.2023,10:30  ,12:30
WI000091,Corporate Finance ,TUM School of Management ,Nachbereitung,Modulprüfung,fix,"1180, Hörsaal ohne exp. Bühne (0501.01.180) ",08.08.2023,12:30  ,13:00
WI000091,Corporate Finance ,TUM School of Management ,Aufbau u. Vorbereitung,Modulprüfung,fix,"2300, Friedrich von Thiersch Hörsaal (0503.02.300) ",08.08.2023,10:00  ,10:30
WI000091,Corporate Finance ,TUM School of Management ,Prüfungstermin,Modulprüfung,fix,"2300, Friedrich von Thiersch Hörsaal (0503.02.300) ",08.08.2023,10:30  ,12:30
WI000091,Corporate Finance ,TUM School of Management ,Nachbereitung,Modulprüfung,fix,"2300, Friedrich von Thiersch Hörsaal (0503.02.300) ",08.08.2023,12:30  ,13:00
WI000091,Corporate Finance ,TUM School of Management ,Aufbau u. Vorbereitung,Modulprüfung,fix,"N 1189, Hans-Piloty-Hörsaal (0101.02.189) ",08.08.2023,10:00  ,10:30
WI000091,Corporate Finance ,TUM School of Management ,Prüfungstermin,Modulprüfung,fix,"N 1189, Hans-Piloty-Hörsaal (0101.02.189) ",08.08.2023,10:30  ,12:30
WI000091,Corporate Finance ,TUM School of Management ,Nachbereitung,Modulprüfung,fix,"N 1189, Hans-Piloty-Hörsaal (0101.02.189) ",08.08.2023,12:30  ,13:00
WI000091,Corporate Finance ,TUM School of Management ,Aufbau u. Vorbereitung,Modulprüfung,fix,"2750, Karl Max von Bauernfeind Hörsaal (0507.03.750) ",08.08.2023,10:00  ,10:30
WI000091,Corporate Finance ,TUM School of Management ,Prüfungstermin,Modulprüfung,fix,"2750, Karl Max von Bauernfeind Hörsaal (0507.03.750) ",08.08.2023,10:30  ,12:30
WI000091,Corporate Finance ,TUM School of Management ,Nachbereitung,Modulprüfung,fix,"2750, Karl Max von Bauernfeind Hörsaal (0507.03.750) ",08.08.2023,12:30  ,13:00
WI000100,Advanced Microeconomics ,TUM School of Management ,Aufbau u. Vorbereitung,Modulprüfung,fix,"0980, Audimax (0509.EG.980) ",31.07.2023,10:00  ,10:30
WI000100,Advanced Microeconomics ,TUM School of Management ,Prüfungstermin,Modulprüfung,fix,"0980, Audimax (0509.EG.980) ",31.07.2023,10:30  ,12:30
WI000100,Advanced Microeconomics ,TUM School of Management ,Nachbereitung,Modulprüfung,fix,"0980, Audimax (0509.EG.980) ",31.07.2023,12:30  ,13:00
WI000114,Technology and Innovation Management: Introduction ,TUM School of Management ,Aufbau u. Vorbereitung,Modulprüfung,fix,"N 1080 ZG, August-Föppl-Hörsaal (0101.Z1.080) ",05.08.2023,10:00  ,10:30
WI000114,Technology and Innovation Management: Introduction ,TUM School of Management ,Prüfungstermin,Modulprüfung,fix,"N 1080 ZG, August-Föppl-Hörsaal (0101.Z1.080) ",05.08.2023,10:30  ,11:30
WI000114,Technology and Innovation Management: Introduction ,TUM School of Management ,Nachbereitung,Modulprüfung,fix,"N 1080 ZG, August-Föppl-Hörsaal (0101.Z1.080) ",05.08.2023,11:30  ,12:00
WI000190,Allgemeine Betriebswirtschaftslehre ,Lehrstuhl für Forstliche Wirtschaftslehre (Prof. Moog) ,Aufbau u. Vorbereitung,Modulprüfung,fix,"HO10, Hörsaal 16 Carl-Kronacher-Hörsaal (WZWH16) (4214.EG.010) ",11.10.2023,07:30  ,08:00
WI000190,Allgemeine Betriebswirtschaftslehre ,Lehrstuhl für Forstliche Wirtschaftslehre (Prof. Moog) ,Prüfungstermin,Modulprüfung,fix,"HO10, Hörsaal 16 Carl-Kronacher-Hörsaal (WZWH16) (4214.EG.010) ",11.10.2023,08:00  ,09:30
WI000190,Allgemeine Betriebswirtschaftslehre ,Lehrstuhl für Forstliche Wirtschaftslehre (Prof. Moog) ,Nachbereitung,Modulprüfung,fix,"HO10, Hörsaal 16 Carl-Kronacher-Hörsaal (WZWH16) (4214.EG.010) ",11.10.2023,09:30  ,10:00
WI000190,Allgemeine Betriebswirtschaftslehre ,Lehrstuhl für Forstliche Wirtschaftslehre (Prof. Moog) ,Aufbau u. Vorbereitung,Modulprüfung,fix,"HO20, Hörsaal 15 Carl-Lindner-Hörsaal (WZWH15) (4214.EG.020) ",11.10.2023,07:30  ,08:00
WI000190,Allgemeine Betriebswirtschaftslehre ,Lehrstuhl für Forstliche Wirtschaftslehre (Prof. Moog) ,Prüfungstermin,Modulprüfung,fix,"HO20, Hörsaal 15 Carl-Lindner-Hörsaal (WZWH15) (4214.EG.020) ",11.10.2023,08:00  ,09:30
WI000190,Allgemeine Betriebswirtschaftslehre ,Lehrstuhl für Forstliche Wirtschaftslehre (Prof. Moog) ,Nachbereitung,Modulprüfung,fix,"HO20, Hörsaal 15 Carl-Lindner-Hörsaal (WZWH15) (4214.EG.020) ",11.10.2023,09:30  ,10:00
WI000190,Allgemeine Betriebswirtschaftslehre ,Lehrstuhl für Forstliche Wirtschaftslehre (Prof. Moog) ,Aufbau u. Vorbereitung,Modulprüfung,fix,"HO30, Hörsaal 14 Max-Schönleutner-Hörsaal (WZWH14) (4214.EG.030) ",11.10.2023,07:30  ,08:00
WI000190,Allgemeine Betriebswirtschaftslehre ,Lehrstuhl für Forstliche Wirtschaftslehre (Prof. Moog) ,Prüfungstermin,Modulprüfung,fix,"HO30, Hörsaal 14 Max-Schönleutner-Hörsaal (WZWH14) (4214.EG.030) ",11.10.2023,08:00  ,09:30
WI000190,Allgemeine Betriebswirtschaftslehre ,Lehrstuhl für Forstliche Wirtschaftslehre (Prof. Moog) ,Nachbereitung,Modulprüfung,fix,"HO30, Hörsaal 14 Max-Schönleutner-Hörsaal (WZWH14) (4214.EG.030) ",11.10.2023,09:30  ,10:00
WI000201,Einführung in die Forstliche Betriebswirtschaftslehre ,Lehrstuhl für Forstliche Wirtschaftslehre (Prof. Moog) ,Aufbau u. Vorbereitung,Modulprüfung,fix,"HO10, Hörsaal 16 Carl-Kronacher-Hörsaal (WZWH16) (4214.EG.010) ",18.09.2023,10:30  ,11:00
WI000201,Einführung in die Forstliche Betriebswirtschaftslehre ,Lehrstuhl für Forstliche Wirtschaftslehre (Prof. Moog) ,Prüfungstermin,Modulprüfung,fix,"HO10, Hörsaal 16 Carl-Kronacher-Hörsaal (WZWH16) (4214.EG.010) ",18.09.2023,11:00  ,12:00
WI000201,Einführung in die Forstliche Betriebswirtschaftslehre ,Lehrstuhl für Forstliche Wirtschaftslehre (Prof. Moog) ,Nachbereitung,Modulprüfung,fix,"HO10, Hörsaal 16 Carl-Kronacher-Hörsaal (WZWH16) (4214.EG.010) ",18.09.2023,12:00  ,12:30
WI000219DM,Investitions- und Finanzmanagement ,TUM School of Management ,Aufbau u. Vorbereitung,Modulprüfung,fix,"1200, Carl-von-Linde-Hörsaal (0502.01.200) ",07.08.2023,10:00  ,10:30
WI000219DM,Investitions- und Finanzmanagement ,TUM School of Management ,Prüfungstermin,Modulprüfung,fix,"1200, Carl-von-Linde-Hörsaal (0502.01.200) ",07.08.2023,10:30  ,12:30
WI000219DM,Investitions- und Finanzmanagement ,TUM School of Management ,Nachbereitung,Modulprüfung,fix,"1200, Carl-von-Linde-Hörsaal (0502.01.200) ",07.08.2023,12:30  ,13:00
WI000219EM,Investment and Financial Management ,TUM School of Management ,Aufbau u. Vorbereitung,Modulprüfung,fix,"N 1080 ZG, August-Föppl-Hörsaal (0101.Z1.080) ",07.08.2023,10:00  ,10:30
WI000219EM,Investment and Financial Management ,TUM School of Management ,Prüfungstermin,Modulprüfung,fix,"N 1080 ZG, August-Föppl-Hörsaal (0101.Z1.080) ",07.08.2023,10:30  ,12:30
WI000219EM,Investment and Financial Management ,TUM School of Management ,Nachbereitung,Modulprüfung,fix,"N 1080 ZG, August-Föppl-Hörsaal (0101.Z1.080) ",07.08.2023,12:30  ,13:00
WI000219EM,Investment and Financial Management ,TUM School of Management ,Aufbau u. Vorbereitung,Modulprüfung,fix,"N 1179, Wilhelm-Nusselt-Hörsaal (0101.02.179) ",07.08.2023,10:00  ,10:30
WI000219EM,Investment and Financial Management ,TUM School of Management ,Prüfungstermin,Modulprüfung,fix,"N 1179, Wilhelm-Nusselt-Hörsaal (0101.02.179) ",07.08.2023,10:30  ,12:30
WI000219EM,Investment and Financial Management ,TUM School of Management ,Nachbereitung,Modulprüfung,fix,"N 1179, Wilhelm-Nusselt-Hörsaal (0101.02.179) ",07.08.2023,12:30  ,13:00
WI000231,Asset Management ,TUM School of Management ,Aufbau u. Vorbereitung,Modulprüfung,fix,"N 1070 ZG, Lothar-Rohde-Hörsaal (0101.Z1.070) ",27.07.2023,13:00  ,13:30
WI000231,Asset Management ,TUM School of Management ,Prüfungstermin,Modulprüfung,fix,"N 1070 ZG, Lothar-Rohde-Hörsaal (0101.Z1.070) ",27.07.2023,13:30  ,15:30
WI000231,Asset Management ,TUM School of Management ,Nachbereitung,Modulprüfung,fix,"N 1070 ZG, Lothar-Rohde-Hörsaal (0101.Z1.070) ",27.07.2023,15:30  ,16:00
WI000231,Asset Management ,TUM School of Management ,Aufbau u. Vorbereitung,Modulprüfung,fix,"N 1080 ZG, August-Föppl-Hörsaal (0101.Z1.080) ",27.07.2023,13:00  ,13:30
WI000231,Asset Management ,TUM School of Management ,Prüfungstermin,Modulprüfung,fix,"N 1080 ZG, August-Föppl-Hörsaal (0101.Z1.080) ",27.07.2023,13:30  ,15:30
WI000231,Asset Management ,TUM School of Management ,Nachbereitung,Modulprüfung,fix,"N 1080 ZG, August-Föppl-Hörsaal (0101.Z1.080) ",27.07.2023,15:30  ,16:00
WI000231,Asset Management ,TUM School of Management ,Aufbau u. Vorbereitung,Modulprüfung,fix,"2750, Karl Max von Bauernfeind Hörsaal (0507.03.750) ",27.07.2023,13:00  ,13:30
WI000231,Asset Management ,TUM School of Management ,Prüfungstermin,Modulprüfung,fix,"2750, Karl Max von Bauernfeind Hörsaal (0507.03.750) ",27.07.2023,13:30  ,15:30
WI000231,Asset Management ,TUM School of Management ,Nachbereitung,Modulprüfung,fix,"2750, Karl Max von Bauernfeind Hörsaal (0507.03.750) ",27.07.2023,15:30  ,16:00
WI000232,Derivatives ,TUM School of Management ,Aufbau u. Vorbereitung,Modulprüfung,fix,"1200, Carl-von-Linde-Hörsaal (0502.01.200) ",02.08.2023,10:30  ,11:00
WI000232,Derivatives ,TUM School of Management ,Prüfungstermin,Modulprüfung,fix,"1200, Carl-von-Linde-Hörsaal (0502.01.200) ",02.08.2023,11:00  ,12:30
WI000232,Derivatives ,TUM School of Management ,Nachbereitung,Modulprüfung,fix,"1200, Carl-von-Linde-Hörsaal (0502.01.200) ",02.08.2023,12:30  ,13:00
WI000232,Derivatives ,TUM School of Management ,Aufbau u. Vorbereitung,Modulprüfung,fix,"N 1179, Wilhelm-Nusselt-Hörsaal (0101.02.179) ",02.08.2023,10:30  ,11:00
WI000232,Derivatives ,TUM School of Management ,Prüfungstermin,Modulprüfung,fix,"N 1179, Wilhelm-Nusselt-Hörsaal (0101.02.179) ",02.08.2023,11:00  ,12:30
WI000232,Derivatives ,TUM School of Management ,Nachbereitung,Modulprüfung,fix,"N 1179, Wilhelm-Nusselt-Hörsaal (0101.02.179) ",02.08.2023,12:30  ,13:00
WI000233,Management Accounting ,TUM School of Management ,Aufbau u. Vorbereitung,Modulprüfung,fix,"N 1179, Wilhelm-Nusselt-Hörsaal (0101.02.179) ",24.07.2023,13:00  ,13:30
WI000233,Management Accounting ,TUM School of Management ,Prüfungstermin,Modulprüfung,fix,"N 1179, Wilhelm-Nusselt-Hörsaal (0101.02.179) ",24.07.2023,13:30  ,15:30
WI000233,Management Accounting ,TUM School of Management ,Nachbereitung,Modulprüfung,fix,"N 1179, Wilhelm-Nusselt-Hörsaal (0101.02.179) ",24.07.2023,15:30  ,16:00
WI000233,Management Accounting ,TUM School of Management ,Aufbau u. Vorbereitung,Modulprüfung,fix,"N 1190, Hans-Heinrich-Meinke-Hörsaal (0101.02.190) ",24.07.2023,13:00  ,13:30
WI000233,Management Accounting ,TUM School of Management ,Prüfungstermin,Modulprüfung,fix,"N 1190, Hans-Heinrich-Meinke-Hörsaal (0101.02.190) ",24.07.2023,13:30  ,15:30
WI000233,Management Accounting ,TUM School of Management ,Nachbereitung,Modulprüfung,fix,"N 1190, Hans-Heinrich-Meinke-Hörsaal (0101.02.190) ",24.07.2023,15:30  ,16:00
WI000234,Value-based Management ,TUM School of Management ,Aufbau u. Vorbereitung,Modulprüfung,fix,"1200, Carl-von-Linde-Hörsaal (0502.01.200) ",31.07.2023,07:30  ,08:00
WI000234,Value-based Management ,TUM School of Management ,Prüfungstermin,Modulprüfung,fix,"1200, Carl-von-Linde-Hörsaal (0502.01.200) ",31.07.2023,08:00  ,10:00
WI000234,Value-based Management ,TUM School of Management ,Nachbereitung,Modulprüfung,fix,"1200, Carl-von-Linde-Hörsaal (0502.01.200) ",31.07.2023,10:00  ,10:30
WI000234,Value-based Management ,TUM School of Management ,Aufbau u. Vorbereitung,Modulprüfung,fix,"2300, Friedrich von Thiersch Hörsaal (0503.02.300) ",31.07.2023,07:30  ,08:00
WI000234,Value-based Management ,TUM School of Management ,Prüfungstermin,Modulprüfung,fix,"2300, Friedrich von Thiersch Hörsaal (0503.02.300) ",31.07.2023,08:00  ,10:00
WI000234,Value-based Management ,TUM School of Management ,Nachbereitung,Modulprüfung,fix,"2300, Friedrich von Thiersch Hörsaal (0503.02.300) ",31.07.2023,10:00  ,10:30
WI000234,Value-based Management ,TUM School of Management ,Aufbau u. Vorbereitung,Modulprüfung,fix,"N 1190, Hans-Heinrich-Meinke-Hörsaal (0101.02.190) ",31.07.2023,07:30  ,08:00
WI000234,Value-based Management ,TUM School of Management ,Prüfungstermin,Modulprüfung,fix,"N 1190, Hans-Heinrich-Meinke-Hörsaal (0101.02.190) ",31.07.2023,08:00  ,10:00
WI000234,Value-based Management ,TUM School of Management ,Nachbereitung,Modulprüfung,fix,"N 1190, Hans-Heinrich-Meinke-Hörsaal (0101.02.190) ",31.07.2023,10:00  ,10:30
WI000258M,Empirical Research in Management and Economics ,TUM School of Management ,Aufbau u. Vorbereitung,Modulprüfung,fix,"Theresianum, 0602, Hörsaal ansteigend, ohne exp. B (0506.EG.602) ",24.07.2023,13:00  ,13:30
WI000258M,Empirical Research in Management and Economics ,TUM School of Management ,Prüfungstermin,Modulprüfung,fix,"Theresianum, 0602, Hörsaal ansteigend, ohne exp. B (0506.EG.602) ",24.07.2023,13:30  ,15:30
WI000258M,Empirical Research in Management and Economics ,TUM School of Management ,Nachbereitung,Modulprüfung,fix,"Theresianum, 0602, Hörsaal ansteigend, ohne exp. B (0506.EG.602) ",24.07.2023,15:30  ,16:00
WI000258M,Empirical Research in Management and Economics ,TUM School of Management ,Aufbau u. Vorbereitung,Modulprüfung,fix,"N 1070 ZG, Lothar-Rohde-Hörsaal (0101.Z1.070) ",24.07.2023,13:00  ,13:30
WI000258M,Empirical Research in Management and Economics ,TUM School of Management ,Prüfungstermin,Modulprüfung,fix,"N 1070 ZG, Lothar-Rohde-Hörsaal (0101.Z1.070) ",24.07.2023,13:30  ,15:30
WI000258M,Empirical Research in Management and Economics ,TUM School of Management ,Nachbereitung,Modulprüfung,fix,"N 1070 ZG, Lothar-Rohde-Hörsaal (0101.Z1.070) ",24.07.2023,15:30  ,16:00
WI000258M,Empirical Research in Management and Economics ,TUM School of Management ,Aufbau u. Vorbereitung,Modulprüfung,fix,"N 1189, Hans-Piloty-Hörsaal (0101.02.189) ",24.07.2023,13:00  ,13:30
WI000258M,Empirical Research in Management and Economics ,TUM School of Management ,Prüfungstermin,Modulprüfung,fix,"N 1189, Hans-Piloty-Hörsaal (0101.02.189) ",24.07.2023,13:30  ,15:30
WI000258M,Empirical Research in Management and Economics ,TUM School of Management ,Nachbereitung,Modulprüfung,fix,"N 1189, Hans-Piloty-Hörsaal (0101.02.189) ",24.07.2023,15:30  ,16:00
WI000261M,Empirical Research Methods ,TUM School of Management ,Aufbau u. Vorbereitung,Modulprüfung,fix,"1100, Hörsaal ohne exp. Bühne (0501.01.100) ",14.08.2023,10:00  ,10:30
WI000261M,Empirical Research Methods ,TUM School of Management ,Prüfungstermin,Modulprüfung,fix,"1100, Hörsaal ohne exp. Bühne (0501.01.100) ",14.08.2023,10:30  ,12:30
WI000261M,Empirical Research Methods ,TUM School of Management ,Nachbereitung,Modulprüfung,fix,"1100, Hörsaal ohne exp. Bühne (0501.01.100) ",14.08.2023,12:30  ,13:00
WI000261M,Empirical Research Methods ,TUM School of Management ,Aufbau u. Vorbereitung,Modulprüfung,fix,"1200, Carl-von-Linde-Hörsaal (0502.01.200) ",14.08.2023,10:00  ,10:30
WI000261M,Empirical Research Methods ,TUM School of Management ,Prüfungstermin,Modulprüfung,fix,"1200, Carl-von-Linde-Hörsaal (0502.01.200) ",14.08.2023,10:30  ,12:30
WI000261M,Empirical Research Methods ,TUM School of Management ,Nachbereitung,Modulprüfung,fix,"1200, Carl-von-Linde-Hörsaal (0502.01.200) ",14.08.2023,12:30  ,13:00
WI000261M,Empirical Research Methods ,TUM School of Management ,Aufbau u. Vorbereitung,Modulprüfung,fix,"N 1190, Hans-Heinrich-Meinke-Hörsaal (0101.02.190) ",14.08.2023,10:00  ,10:30
WI000261M,Empirical Research Methods ,TUM School of Management ,Prüfungstermin,Modulprüfung,fix,"N 1190, Hans-Heinrich-Meinke-Hörsaal (0101.02.190) ",14.08.2023,10:30  ,12:30
WI000261M,Empirical Research Methods ,TUM School of Management ,Nachbereitung,Modulprüfung,fix,"N 1190, Hans-Heinrich-Meinke-Hörsaal (0101.02.190) ",14.08.2023,12:30  ,13:00
WI000261M,Empirical Research Methods ,TUM School of Management ,Aufbau u. Vorbereitung,Modulprüfung,fix,"0980, Audimax (0509.EG.980) ",14.08.2023,10:00  ,10:30
WI000261M,Empirical Research Methods ,TUM School of Management ,Prüfungstermin,Modulprüfung,fix,"0980, Audimax (0509.EG.980) ",14.08.2023,10:30  ,12:30
WI000261M,Empirical Research Methods ,TUM School of Management ,Nachbereitung,Modulprüfung,fix,"0980, Audimax (0509.EG.980) ",14.08.2023,12:30  ,13:00
WI000261M,Empirical Research Methods ,TUM School of Management ,Aufbau u. Vorbereitung,Modulprüfung,fix,"2750, Karl Max von Bauernfeind Hörsaal (0507.03.750) ",14.08.2023,10:00  ,10:30
WI000261M,Empirical Research Methods ,TUM School of Management ,Prüfungstermin,Modulprüfung,fix,"2750, Karl Max von Bauernfeind Hörsaal (0507.03.750) ",14.08.2023,10:30  ,12:30
WI000261M,Empirical Research Methods ,TUM School of Management ,Nachbereitung,Modulprüfung,fix,"2750, Karl Max von Bauernfeind Hörsaal (0507.03.750) ",14.08.2023,12:30  ,13:00
WI000275EM,Management Science ,TUM School of Management ,Aufbau u. Vorbereitung,Modulprüfung,fix,"1200, Carl-von-Linde-Hörsaal (0502.01.200) ",10.08.2023,10:30  ,11:00
WI000275EM,Management Science ,TUM School of Management ,Prüfungstermin,Modulprüfung,fix,"1200, Carl-von-Linde-Hörsaal (0502.01.200) ",10.08.2023,11:00  ,12:00
WI000275EM,Management Science ,TUM School of Management ,Nachbereitung,Modulprüfung,fix,"1200, Carl-von-Linde-Hörsaal (0502.01.200) ",10.08.2023,12:00  ,12:30
WI000275EM,Management Science ,TUM School of Management ,Aufbau u. Vorbereitung,Modulprüfung,fix,"2300, Friedrich von Thiersch Hörsaal (0503.02.300) ",10.08.2023,10:30  ,11:00
WI000275EM,Management Science ,TUM School of Management ,Prüfungstermin,Modulprüfung,fix,"2300, Friedrich von Thiersch Hörsaal (0503.02.300) ",10.08.2023,11:00  ,12:00
WI000275EM,Management Science ,TUM School of Management ,Nachbereitung,Modulprüfung,fix,"2300, Friedrich von Thiersch Hörsaal (0503.02.300) ",10.08.2023,12:00  ,12:30
WI000295,Betriebswirtschaftslehre für Naturwissenschaftler ,TUM School of Management ,Aufbau u. Vorbereitung,Modulprüfung,fix,"HO10, Hörsaal 16 Carl-Kronacher-Hörsaal (WZWH16) (4214.EG.010) ",11.08.2023,10:30  ,11:00
WI000295,Betriebswirtschaftslehre für Naturwissenschaftler ,TUM School of Management ,Prüfungstermin,Modulprüfung,fix,"HO10, Hörsaal 16 Carl-Kronacher-Hörsaal (WZWH16) (4214.EG.010) ",11.08.2023,11:00  ,12:00
WI000295,Betriebswirtschaftslehre für Naturwissenschaftler ,TUM School of Management ,Nachbereitung,Modulprüfung,fix,"HO10, Hörsaal 16 Carl-Kronacher-Hörsaal (WZWH16) (4214.EG.010) ",11.08.2023,12:00  ,12:30
WI000295,Betriebswirtschaftslehre für Naturwissenschaftler ,TUM School of Management ,Aufbau u. Vorbereitung,Modulprüfung,fix,"HO20, Hörsaal 15 Carl-Lindner-Hörsaal (WZWH15) (4214.EG.020) ",11.08.2023,10:30  ,11:00
WI000295,Betriebswirtschaftslehre für Naturwissenschaftler ,TUM School of Management ,Prüfungstermin,Modulprüfung,fix,"HO20, Hörsaal 15 Carl-Lindner-Hörsaal (WZWH15) (4214.EG.020) ",11.08.2023,11:00  ,12:00
WI000295,Betriebswirtschaftslehre für Naturwissenschaftler ,TUM School of Management ,Nachbereitung,Modulprüfung,fix,"HO20, Hörsaal 15 Carl-Lindner-Hörsaal (WZWH15) (4214.EG.020) ",11.08.2023,12:00  ,12:30
WI000295,Betriebswirtschaftslehre für Naturwissenschaftler ,TUM School of Management ,Aufbau u. Vorbereitung,Modulprüfung,fix,"2.0.EG 6 H23, Hörsaal 23 (WZWH23) (4277.EG.128) ",02.10.2023,10:30  ,11:00
WI000295,Betriebswirtschaftslehre für Naturwissenschaftler ,TUM School of Management ,Prüfungstermin,Modulprüfung,fix,"2.0.EG 6 H23, Hörsaal 23 (WZWH23) (4277.EG.128) ",02.10.2023,11:00  ,12:00
WI000295,Betriebswirtschaftslehre für Naturwissenschaftler ,TUM School of Management ,Nachbereitung,Modulprüfung,fix,"2.0.EG 6 H23, Hörsaal 23 (WZWH23) (4277.EG.128) ",02.10.2023,12:00  ,12:30
WI000304,Agrar- und Agrarumweltpolitik ,Lehrstuhl für Volkswirtschaftslehre - Umweltökonomie und Agrarpolitik (Prof. Roosen komm.) ,Aufbau u. Vorbereitung,Modulprüfung,fix,"E-35, Hörsaal 2 (WZWH02) (4102.EG.036) ",05.10.2023,10:30  ,11:00
WI000304,Agrar- und Agrarumweltpolitik ,Lehrstuhl für Volkswirtschaftslehre - Umweltökonomie und Agrarpolitik (Prof. Roosen komm.) ,Prüfungstermin,Modulprüfung,fix,"E-35, Hörsaal 2 (WZWH02) (4102.EG.036) ",05.10.2023,11:00  ,12:30
WI000304,Agrar- und Agrarumweltpolitik ,Lehrstuhl für Volkswirtschaftslehre - Umweltökonomie und Agrarpolitik (Prof. Roosen komm.) ,Nachbereitung,Modulprüfung,fix,"E-35, Hörsaal 2 (WZWH02) (4102.EG.036) ",05.10.2023,12:30  ,13:00
WI000337,Organisation und Führung ,Lehrstuhl für Forstliche Wirtschaftslehre (Prof. Moog) ,Aufbau u. Vorbereitung,Modulprüfung,fix,"2.0.EG 2, Hörsaal 21 (WZWH21) (4277.EG.130) ",02.10.2023,13:00  ,13:30
WI000337,Organisation und Führung ,Lehrstuhl für Forstliche Wirtschaftslehre (Prof. Moog) ,Prüfungstermin,Modulprüfung,fix,"2.0.EG 2, Hörsaal 21 (WZWH21) (4277.EG.130) ",02.10.2023,13:30  ,14:30
WI000337,Organisation und Führung ,Lehrstuhl für Forstliche Wirtschaftslehre (Prof. Moog) ,Nachbereitung,Modulprüfung,fix,"2.0.EG 2, Hörsaal 21 (WZWH21) (4277.EG.130) ",02.10.2023,14:30  ,15:00
WI000338,Sachverständigentätigkeit und Bewertung ,Lehrstuhl für Forstliche Wirtschaftslehre (Prof. Moog) ,Aufbau u. Vorbereitung,Modulprüfung,fix,"2.0.EG 2, Hörsaal 21 (WZWH21) (4277.EG.130) ",05.10.2023,15:00  ,15:30
WI000338,Sachverständigentätigkeit und Bewertung ,Lehrstuhl für Forstliche Wirtschaftslehre (Prof. Moog) ,Prüfungstermin,Modulprüfung,fix,"2.0.EG 2, Hörsaal 21 (WZWH21) (4277.EG.130) ",05.10.2023,15:30  ,16:30
WI000338,Sachverständigentätigkeit und Bewertung ,Lehrstuhl für Forstliche Wirtschaftslehre (Prof. Moog) ,Nachbereitung,Modulprüfung,fix,"2.0.EG 2, Hörsaal 21 (WZWH21) (4277.EG.130) ",05.10.2023,16:30  ,17:00
WI000399,Sozialpsychologie ,TUM School of Management ,Aufbau u. Vorbereitung,Modulprüfung,fix,"2750, Karl Max von Bauernfeind Hörsaal (0507.03.750) ",03.08.2023,10:30  ,11:00
WI000399,Sozialpsychologie ,TUM School of Management ,Prüfungstermin,Modulprüfung,fix,"2750, Karl Max von Bauernfeind Hörsaal (0507.03.750) ",03.08.2023,11:00  ,12:00
WI000399,Sozialpsychologie ,TUM School of Management ,Nachbereitung,Modulprüfung,fix,"2750, Karl Max von Bauernfeind Hörsaal (0507.03.750) ",03.08.2023,12:00  ,12:30
WI000405,"Kommunikation, Interaktion und Konflikte in der Schule ",TUM School of Management ,Aufbau u. Vorbereitung,Modulprüfung,fix,"1180, Hörsaal ohne exp. Bühne (0501.01.180) ",26.07.2023,13:00  ,13:30
WI000405,"Kommunikation, Interaktion und Konflikte in der Schule ",TUM School of Management ,Prüfungstermin,Modulprüfung,fix,"1180, Hörsaal ohne exp. Bühne (0501.01.180) ",26.07.2023,13:30  ,14:30
WI000405,"Kommunikation, Interaktion und Konflikte in der Schule ",TUM School of Management ,Nachbereitung,Modulprüfung,fix,"1180, Hörsaal ohne exp. Bühne (0501.01.180) ",26.07.2023,14:30  ,15:00
WI000405,"Kommunikation, Interaktion und Konflikte in der Schule ",TUM School of Management ,Aufbau u. Vorbereitung,Modulprüfung,fix,"N 1179, Wilhelm-Nusselt-Hörsaal (0101.02.179) ",26.07.2023,13:00  ,13:30
WI000405,"Kommunikation, Interaktion und Konflikte in der Schule ",TUM School of Management ,Prüfungstermin,Modulprüfung,fix,"N 1179, Wilhelm-Nusselt-Hörsaal (0101.02.179) ",26.07.2023,13:30  ,14:30
WI000405,"Kommunikation, Interaktion und Konflikte in der Schule ",TUM School of Management ,Nachbereitung,Modulprüfung,fix,"N 1179, Wilhelm-Nusselt-Hörsaal (0101.02.179) ",26.07.2023,14:30  ,15:00
WI000405,"Kommunikation, Interaktion und Konflikte in der Schule ",TUM School of Management ,Aufbau u. Vorbereitung,Modulprüfung,fix,"N 1189, Hans-Piloty-Hörsaal (0101.02.189) ",26.07.2023,13:00  ,13:30
WI000405,"Kommunikation, Interaktion und Konflikte in der Schule ",TUM School of Management ,Prüfungstermin,Modulprüfung,fix,"N 1189, Hans-Piloty-Hörsaal (0101.02.189) ",26.07.2023,13:30  ,14:30
WI000405,"Kommunikation, Interaktion und Konflikte in der Schule ",TUM School of Management ,Nachbereitung,Modulprüfung,fix,"N 1189, Hans-Piloty-Hörsaal (0101.02.189) ",26.07.2023,14:30  ,15:00
WI000688,Marketing ,TUM School of Management ,Aufbau u. Vorbereitung,Modulprüfung,fix,"N 1190, Hans-Heinrich-Meinke-Hörsaal (0101.02.190) ",05.08.2023,10:00  ,10:30
WI000688,Marketing ,TUM School of Management ,Prüfungstermin,Modulprüfung,fix,"N 1190, Hans-Heinrich-Meinke-Hörsaal (0101.02.190) ",05.08.2023,10:30  ,11:30
WI000688,Marketing ,TUM School of Management ,Nachbereitung,Modulprüfung,fix,"N 1190, Hans-Heinrich-Meinke-Hörsaal (0101.02.190) ",05.08.2023,11:30  ,12:00
WI000728,Grundlagen der Betriebswirtschaftslehre 1 (Nebenfach) ,TUM School of Management ,Aufbau u. Vorbereitung,Modulprüfung,fix,MW 2001 Rudolf-Diesel-Hörsaal (5510.02.001) ,25.07.2023,13:00  ,13:30
WI000728,Grundlagen der Betriebswirtschaftslehre 1 (Nebenfach) ,TUM School of Management ,Prüfungstermin,Modulprüfung,fix,MW 2001 Rudolf-Diesel-Hörsaal (5510.02.001) ,25.07.2023,13:30  ,14:30
WI000728,Grundlagen der Betriebswirtschaftslehre 1 (Nebenfach) ,TUM School of Management ,Nachbereitung,Modulprüfung,fix,MW 2001 Rudolf-Diesel-Hörsaal (5510.02.001) ,25.07.2023,14:30  ,15:00
WI000728,Grundlagen der Betriebswirtschaftslehre 1 (Nebenfach) ,TUM School of Management ,Aufbau u. Vorbereitung,Modulprüfung,fix,"1200, Carl-von-Linde-Hörsaal (0502.01.200) ",25.07.2023,13:00  ,13:30
WI000728,Grundlagen der Betriebswirtschaftslehre 1 (Nebenfach) ,TUM School of Management ,Prüfungstermin,Modulprüfung,fix,"1200, Carl-von-Linde-Hörsaal (0502.01.200) ",25.07.2023,13:30  ,14:30
WI000728,Grundlagen der Betriebswirtschaftslehre 1 (Nebenfach) ,TUM School of Management ,Nachbereitung,Modulprüfung,fix,"1200, Carl-von-Linde-Hörsaal (0502.01.200) ",25.07.2023,14:30  ,15:00
WI000728,Grundlagen der Betriebswirtschaftslehre 1 (Nebenfach) ,TUM School of Management ,Aufbau u. Vorbereitung,Modulprüfung,fix,"2300, Friedrich von Thiersch Hörsaal (0503.02.300) ",25.07.2023,13:00  ,13:30
WI000728,Grundlagen der Betriebswirtschaftslehre 1 (Nebenfach) ,TUM School of Management ,Prüfungstermin,Modulprüfung,fix,"2300, Friedrich von Thiersch Hörsaal (0503.02.300) ",25.07.2023,13:30  ,14:30
WI000728,Grundlagen der Betriebswirtschaftslehre 1 (Nebenfach) ,TUM School of Management ,Nachbereitung,Modulprüfung,fix,"2300, Friedrich von Thiersch Hörsaal (0503.02.300) ",25.07.2023,14:30  ,15:00
WI000728,Grundlagen der Betriebswirtschaftslehre 1 (Nebenfach) ,TUM School of Management ,Aufbau u. Vorbereitung,Modulprüfung,fix,"N 1190, Hans-Heinrich-Meinke-Hörsaal (0101.02.190) ",25.07.2023,13:00  ,13:30
WI000728,Grundlagen der Betriebswirtschaftslehre 1 (Nebenfach) ,TUM School of Management ,Prüfungstermin,Modulprüfung,fix,"N 1190, Hans-Heinrich-Meinke-Hörsaal (0101.02.190) ",25.07.2023,13:30  ,14:30
WI000728,Grundlagen der Betriebswirtschaftslehre 1 (Nebenfach) ,TUM School of Management ,Nachbereitung,Modulprüfung,fix,"N 1190, Hans-Heinrich-Meinke-Hörsaal (0101.02.190) ",25.07.2023,14:30  ,15:00
WI000728,Grundlagen der Betriebswirtschaftslehre 1 (Nebenfach) ,TUM School of Management ,Aufbau u. Vorbereitung,Modulprüfung,fix,"00.02.001, MI HS 1, Friedrich L. Bauer Hörsaal (5602.EG.001) ",25.07.2023,13:00  ,13:30
WI000728,Grundlagen der Betriebswirtschaftslehre 1 (Nebenfach) ,TUM School of Management ,Prüfungstermin,Modulprüfung,fix,"00.02.001, MI HS 1, Friedrich L. Bauer Hörsaal (5602.EG.001) ",25.07.2023,13:30  ,14:30
WI000728,Grundlagen der Betriebswirtschaftslehre 1 (Nebenfach) ,TUM School of Management ,Nachbereitung,Modulprüfung,fix,"00.02.001, MI HS 1, Friedrich L. Bauer Hörsaal (5602.EG.001) ",25.07.2023,14:30  ,15:00
WI000728,Grundlagen der Betriebswirtschaftslehre 1 (Nebenfach) ,TUM School of Management ,Aufbau u. Vorbereitung,Modulprüfung,fix,"0980, Audimax (0509.EG.980) ",25.07.2023,13:00  ,13:30
WI000728,Grundlagen der Betriebswirtschaftslehre 1 (Nebenfach) ,TUM School of Management ,Prüfungstermin,Modulprüfung,fix,"0980, Audimax (0509.EG.980) ",25.07.2023,13:30  ,14:30
WI000728,Grundlagen der Betriebswirtschaftslehre 1 (Nebenfach) ,TUM School of Management ,Nachbereitung,Modulprüfung,fix,"0980, Audimax (0509.EG.980) ",25.07.2023,14:30  ,15:00
WI000729,Grundlagen der Betriebswirtschaftslehre 2 (Nebenfach) ,TUM School of Management ,Aufbau u. Vorbereitung,Modulprüfung,fix,"N 1070 ZG, Lothar-Rohde-Hörsaal (0101.Z1.070) ",25.07.2023,10:30  ,11:00
WI000729,Grundlagen der Betriebswirtschaftslehre 2 (Nebenfach) ,TUM School of Management ,Prüfungstermin,Modulprüfung,fix,"N 1070 ZG, Lothar-Rohde-Hörsaal (0101.Z1.070) ",25.07.2023,11:00  ,12:00
WI000729,Grundlagen der Betriebswirtschaftslehre 2 (Nebenfach) ,TUM School of Management ,Nachbereitung,Modulprüfung,fix,"N 1070 ZG, Lothar-Rohde-Hörsaal (0101.Z1.070) ",25.07.2023,12:00  ,12:30
WI000729,Grundlagen der Betriebswirtschaftslehre 2 (Nebenfach) ,TUM School of Management ,Aufbau u. Vorbereitung,Modulprüfung,fix,"N 1080 ZG, August-Föppl-Hörsaal (0101.Z1.080) ",25.07.2023,10:30  ,11:00
WI000729,Grundlagen der Betriebswirtschaftslehre 2 (Nebenfach) ,TUM School of Management ,Prüfungstermin,Modulprüfung,fix,"N 1080 ZG, August-Föppl-Hörsaal (0101.Z1.080) ",25.07.2023,11:00  ,12:00
WI000729,Grundlagen der Betriebswirtschaftslehre 2 (Nebenfach) ,TUM School of Management ,Nachbereitung,Modulprüfung,fix,"N 1080 ZG, August-Föppl-Hörsaal (0101.Z1.080) ",25.07.2023,12:00  ,12:30
WI000729,Grundlagen der Betriebswirtschaftslehre 2 (Nebenfach) ,TUM School of Management ,Aufbau u. Vorbereitung,Modulprüfung,fix,"N 1179, Wilhelm-Nusselt-Hörsaal (0101.02.179) ",25.07.2023,10:30  ,11:00
WI000729,Grundlagen der Betriebswirtschaftslehre 2 (Nebenfach) ,TUM School of Management ,Prüfungstermin,Modulprüfung,fix,"N 1179, Wilhelm-Nusselt-Hörsaal (0101.02.179) ",25.07.2023,11:00  ,12:00
WI000729,Grundlagen der Betriebswirtschaftslehre 2 (Nebenfach) ,TUM School of Management ,Nachbereitung,Modulprüfung,fix,"N 1179, Wilhelm-Nusselt-Hörsaal (0101.02.179) ",25.07.2023,12:00  ,12:30
WI000739,Consumer Behavior ,Lehrstuhl für Marketing und Konsumforschung (Prof. Roosen) ,Aufbau u. Vorbereitung,Modulprüfung,fix,"HO10, Hörsaal 16 Carl-Kronacher-Hörsaal (WZWH16) (4214.EG.010) ",26.07.2023,10:00  ,10:30
WI000739,Consumer Behavior ,Lehrstuhl für Marketing und Konsumforschung (Prof. Roosen) ,Prüfungstermin,Modulprüfung,fix,"HO10, Hörsaal 16 Carl-Kronacher-Hörsaal (WZWH16) (4214.EG.010) ",26.07.2023,10:30  ,12:30
WI000739,Consumer Behavior ,Lehrstuhl für Marketing und Konsumforschung (Prof. Roosen) ,Nachbereitung,Modulprüfung,fix,"HO10, Hörsaal 16 Carl-Kronacher-Hörsaal (WZWH16) (4214.EG.010) ",26.07.2023,12:30  ,13:00
WI000820M,Marketing and Innovation Management ,TUM School of Management ,Aufbau u. Vorbereitung,Modulprüfung,fix,"1200, Carl-von-Linde-Hörsaal (0502.01.200) ",05.08.2023,10:00  ,10:30
WI000820M,Marketing and Innovation Management ,TUM School of Management ,Prüfungstermin,Modulprüfung,fix,"1200, Carl-von-Linde-Hörsaal (0502.01.200) ",05.08.2023,10:30  ,12:30
WI000820M,Marketing and Innovation Management ,TUM School of Management ,Nachbereitung,Modulprüfung,fix,"1200, Carl-von-Linde-Hörsaal (0502.01.200) ",05.08.2023,12:30  ,13:00
WI000820M,Marketing and Innovation Management ,TUM School of Management ,Aufbau u. Vorbereitung,Modulprüfung,fix,"MW 1801, Ernst-Schmidt-Hörsaal (5508.02.801) ",05.08.2023,10:00  ,10:30
WI000820M,Marketing and Innovation Management ,TUM School of Management ,Prüfungstermin,Modulprüfung,fix,"MW 1801, Ernst-Schmidt-Hörsaal (5508.02.801) ",05.08.2023,10:30  ,12:30
WI000820M,Marketing and Innovation Management ,TUM School of Management ,Nachbereitung,Modulprüfung,fix,"MW 1801, Ernst-Schmidt-Hörsaal (5508.02.801) ",05.08.2023,12:30  ,13:00
WI000820M,Marketing and Innovation Management ,TUM School of Management ,Aufbau u. Vorbereitung,Modulprüfung,fix,"2501, Rudolf-Mößbauer-Hörsaal (5101.EG.501) ",05.08.2023,10:00  ,10:30
WI000820M,Marketing and Innovation Management ,TUM School of Management ,Prüfungstermin,Modulprüfung,fix,"2501, Rudolf-Mößbauer-Hörsaal (5101.EG.501) ",05.08.2023,10:30  ,12:30
WI000820M,Marketing and Innovation Management ,TUM School of Management ,Nachbereitung,Modulprüfung,fix,"2501, Rudolf-Mößbauer-Hörsaal (5101.EG.501) ",05.08.2023,12:30  ,13:00
WI000820M,Marketing and Innovation Management ,TUM School of Management ,Aufbau u. Vorbereitung,Modulprüfung,fix,"0980, Audimax (0509.EG.980) ",05.08.2023,10:00  ,10:30
WI000820M,Marketing and Innovation Management ,TUM School of Management ,Prüfungstermin,Modulprüfung,fix,"0980, Audimax (0509.EG.980) ",05.08.2023,10:30  ,12:30
WI000820M,Marketing and Innovation Management ,TUM School of Management ,Nachbereitung,Modulprüfung,fix,"0980, Audimax (0509.EG.980) ",05.08.2023,12:30  ,13:00
WI000915,"Einführung in die Sozialpsychologie / Kommunikation, Interaktion und Konflikte in der Schule ",TUM School of Management ,Aufbau u. Vorbereitung,Modulprüfung,fix,"2750, Karl Max von Bauernfeind Hörsaal (0507.03.750) ",10.08.2023,10:30  ,11:00
WI000915,"Einführung in die Sozialpsychologie / Kommunikation, Interaktion und Konflikte in der Schule ",TUM School of Management ,Prüfungstermin,Modulprüfung,fix,"2750, Karl Max von Bauernfeind Hörsaal (0507.03.750) ",10.08.2023,11:00  ,12:00
WI000915,"Einführung in die Sozialpsychologie / Kommunikation, Interaktion und Konflikte in der Schule ",TUM School of Management ,Nachbereitung,Modulprüfung,fix,"2750, Karl Max von Bauernfeind Hörsaal (0507.03.750) ",10.08.2023,12:00  ,12:30
WI000969,Entrepreneurship for Students of Information Systems ,TUM School of Management ,Aufbau u. Vorbereitung,Modulprüfung,fix,"0001, ZEI-Seminarraum (5414.EG.001) ",24.07.2023,13:00  ,13:30
WI000969,Entrepreneurship for Students of Information Systems ,TUM School of Management ,Prüfungstermin,Modulprüfung,fix,"0001, ZEI-Seminarraum (5414.EG.001) ",24.07.2023,13:30  ,14:30
WI000969,Entrepreneurship for Students of Information Systems ,TUM School of Management ,Nachbereitung,Modulprüfung,fix,"0001, ZEI-Seminarraum (5414.EG.001) ",24.07.2023,14:30  ,15:00
WI000984,Entrepreneurship ,TUM School of Management ,Aufbau u. Vorbereitung,Modulprüfung,fix,"1100, Hörsaal ohne exp. Bühne (0501.01.100) ",01.08.2023,10:00  ,10:30
WI000984,Entrepreneurship ,TUM School of Management ,Prüfungstermin,Modulprüfung,fix,"1100, Hörsaal ohne exp. Bühne (0501.01.100) ",01.08.2023,10:30  ,11:30
WI000984,Entrepreneurship ,TUM School of Management ,Nachbereitung,Modulprüfung,fix,"1100, Hörsaal ohne exp. Bühne (0501.01.100) ",01.08.2023,11:30  ,11:30
WI001056M,Principles of Economics ,TUM School of Management ,Aufbau u. Vorbereitung,Modulprüfung,fix,"Theresianum, 0606, Hörsaal ansteigend, ohne exp. B (0506.EG.606) ",28.07.2023,10:00  ,10:30
WI001056M,Principles of Economics ,TUM School of Management ,Prüfungstermin,Modulprüfung,fix,"Theresianum, 0606, Hörsaal ansteigend, ohne exp. B (0506.EG.606) ",28.07.2023,10:30  ,12:30
WI001056M,Principles of Economics ,TUM School of Management ,Nachbereitung,Modulprüfung,fix,"Theresianum, 0606, Hörsaal ansteigend, ohne exp. B (0506.EG.606) ",28.07.2023,12:30  ,13:00
WI001056M,Principles of Economics ,TUM School of Management ,Aufbau u. Vorbereitung,Modulprüfung,fix,"1200, Carl-von-Linde-Hörsaal (0502.01.200) ",28.07.2023,10:00  ,10:30
WI001056M,Principles of Economics ,TUM School of Management ,Prüfungstermin,Modulprüfung,fix,"1200, Carl-von-Linde-Hörsaal (0502.01.200) ",28.07.2023,10:30  ,12:30
WI001056M,Principles of Economics ,TUM School of Management ,Nachbereitung,Modulprüfung,fix,"1200, Carl-von-Linde-Hörsaal (0502.01.200) ",28.07.2023,12:30  ,13:00
WI001056M,Principles of Economics ,TUM School of Management ,Aufbau u. Vorbereitung,Modulprüfung,fix,"0980, Audimax (0509.EG.980) ",28.07.2023,10:00  ,10:30
WI001056M,Principles of Economics ,TUM School of Management ,Prüfungstermin,Modulprüfung,fix,"0980, Audimax (0509.EG.980) ",28.07.2023,10:30  ,12:30
WI001056M,Principles of Economics ,TUM School of Management ,Nachbereitung,Modulprüfung,fix,"0980, Audimax (0509.EG.980) ",28.07.2023,12:30  ,13:00
WI001057DM,Kostenrechnung ,TUM School of Management ,Aufbau u. Vorbereitung,Modulprüfung,fix,"1200, Carl-von-Linde-Hörsaal (0502.01.200) ",26.07.2023,10:30  ,11:00
WI001057DM,Kostenrechnung ,TUM School of Management ,Prüfungstermin,Modulprüfung,fix,"1200, Carl-von-Linde-Hörsaal (0502.01.200) ",26.07.2023,11:00  ,12:00
WI001057DM,Kostenrechnung ,TUM School of Management ,Nachbereitung,Modulprüfung,fix,"1200, Carl-von-Linde-Hörsaal (0502.01.200) ",26.07.2023,12:00  ,12:30
WI001057DM,Kostenrechnung ,TUM School of Management ,Aufbau u. Vorbereitung,Modulprüfung,fix,"2100, Seminarraum (0501.02.100) ",26.07.2023,10:30  ,11:00
WI001057DM,Kostenrechnung ,TUM School of Management ,Prüfungstermin,Modulprüfung,fix,"2100, Seminarraum (0501.02.100) ",26.07.2023,11:00  ,12:00
WI001057DM,Kostenrechnung ,TUM School of Management ,Nachbereitung,Modulprüfung,fix,"2100, Seminarraum (0501.02.100) ",26.07.2023,12:00  ,12:30
WI001057DM,Kostenrechnung ,TUM School of Management ,Aufbau u. Vorbereitung,Modulprüfung,fix,"2300, Friedrich von Thiersch Hörsaal (0503.02.300) ",26.07.2023,10:30  ,11:00
WI001057DM,Kostenrechnung ,TUM School of Management ,Prüfungstermin,Modulprüfung,fix,"2300, Friedrich von Thiersch Hörsaal (0503.02.300) ",26.07.2023,11:00  ,12:00
WI001057DM,Kostenrechnung ,TUM School of Management ,Nachbereitung,Modulprüfung,fix,"2300, Friedrich von Thiersch Hörsaal (0503.02.300) ",26.07.2023,12:00  ,12:30
WI001057DM,Kostenrechnung ,TUM School of Management ,Aufbau u. Vorbereitung,Modulprüfung,fix,"2760, Hörsaal (0507.02.760) ",26.07.2023,10:30  ,11:00
WI001057DM,Kostenrechnung ,TUM School of Management ,Prüfungstermin,Modulprüfung,fix,"2760, Hörsaal (0507.02.760) ",26.07.2023,11:00  ,12:00
WI001057DM,Kostenrechnung ,TUM School of Management ,Nachbereitung,Modulprüfung,fix,"2760, Hörsaal (0507.02.760) ",26.07.2023,12:00  ,12:30
WI001057DM,Kostenrechnung ,TUM School of Management ,Aufbau u. Vorbereitung,Modulprüfung,fix,"0980, Audimax (0509.EG.980) ",26.07.2023,10:30  ,11:00
WI001057DM,Kostenrechnung ,TUM School of Management ,Prüfungstermin,Modulprüfung,fix,"0980, Audimax (0509.EG.980) ",26.07.2023,11:00  ,12:00
WI001057DM,Kostenrechnung ,TUM School of Management ,Nachbereitung,Modulprüfung,fix,"0980, Audimax (0509.EG.980) ",26.07.2023,12:00  ,12:30
WI001057EM,Cost Accounting ,TUM School of Management ,Aufbau u. Vorbereitung,Modulprüfung,fix,"Theresianum, 0602, Hörsaal ansteigend, ohne exp. B (0506.EG.602) ",26.07.2023,10:30  ,11:00
WI001057EM,Cost Accounting ,TUM School of Management ,Prüfungstermin,Modulprüfung,fix,"Theresianum, 0602, Hörsaal ansteigend, ohne exp. B (0506.EG.602) ",26.07.2023,11:00  ,12:00
WI001057EM,Cost Accounting ,TUM School of Management ,Nachbereitung,Modulprüfung,fix,"Theresianum, 0602, Hörsaal ansteigend, ohne exp. B (0506.EG.602) ",26.07.2023,12:00  ,12:30
WI001057EM,Cost Accounting ,TUM School of Management ,Aufbau u. Vorbereitung,Modulprüfung,fix,"1100, Hörsaal ohne exp. Bühne (0501.01.100) ",26.07.2023,10:30  ,11:00
WI001057EM,Cost Accounting ,TUM School of Management ,Prüfungstermin,Modulprüfung,fix,"1100, Hörsaal ohne exp. Bühne (0501.01.100) ",26.07.2023,11:00  ,12:00
WI001057EM,Cost Accounting ,TUM School of Management ,Nachbereitung,Modulprüfung,fix,"1100, Hörsaal ohne exp. Bühne (0501.01.100) ",26.07.2023,12:00  ,12:30
WI001057EM,Cost Accounting ,TUM School of Management ,Aufbau u. Vorbereitung,Modulprüfung,fix,"2750, Karl Max von Bauernfeind Hörsaal (0507.03.750) ",26.07.2023,10:30  ,11:00
WI001057EM,Cost Accounting ,TUM School of Management ,Prüfungstermin,Modulprüfung,fix,"2750, Karl Max von Bauernfeind Hörsaal (0507.03.750) ",26.07.2023,11:00  ,12:00
WI001057EM,Cost Accounting ,TUM School of Management ,Nachbereitung,Modulprüfung,fix,"2750, Karl Max von Bauernfeind Hörsaal (0507.03.750) ",26.07.2023,12:00  ,12:30
WI001058EM,Foundations of Entrepreneurial & Ethical Business ,TUM School of Management ,Aufbau u. Vorbereitung,Modulprüfung,fix,"0360, Theodor-Fischer-Hörsaal (0503.EG.360) ",28.07.2023,10:00  ,10:30
WI001058EM,Foundations of Entrepreneurial & Ethical Business ,TUM School of Management ,Prüfungstermin,Modulprüfung,fix,"0360, Theodor-Fischer-Hörsaal (0503.EG.360) ",28.07.2023,10:30  ,12:30
WI001058EM,Foundations of Entrepreneurial & Ethical Business ,TUM School of Management ,Nachbereitung,Modulprüfung,fix,"0360, Theodor-Fischer-Hörsaal (0503.EG.360) ",28.07.2023,12:30  ,13:00
WI001058EM,Foundations of Entrepreneurial & Ethical Business ,TUM School of Management ,Aufbau u. Vorbereitung,Modulprüfung,fix,"1180, Hörsaal ohne exp. Bühne (0501.01.180) ",28.07.2023,10:00  ,10:30
WI001058EM,Foundations of Entrepreneurial & Ethical Business ,TUM School of Management ,Prüfungstermin,Modulprüfung,fix,"1180, Hörsaal ohne exp. Bühne (0501.01.180) ",28.07.2023,10:30  ,12:30
WI001058EM,Foundations of Entrepreneurial & Ethical Business ,TUM School of Management ,Nachbereitung,Modulprüfung,fix,"1180, Hörsaal ohne exp. Bühne (0501.01.180) ",28.07.2023,12:30  ,13:00
WI001059DM,Buchführung und Rechnungswesen ,TUM School of Management ,Aufbau u. Vorbereitung,Modulprüfung,fix,"1180, Hörsaal ohne exp. Bühne (0501.01.180) ",09.08.2023,10:00  ,10:30
WI001059DM,Buchführung und Rechnungswesen ,TUM School of Management ,Prüfungstermin,Modulprüfung,fix,"1180, Hörsaal ohne exp. Bühne (0501.01.180) ",09.08.2023,10:30  ,12:30
WI001059DM,Buchführung und Rechnungswesen ,TUM School of Management ,Nachbereitung,Modulprüfung,fix,"1180, Hörsaal ohne exp. Bühne (0501.01.180) ",09.08.2023,12:30  ,13:00
WI001059EM,Financial Accounting ,TUM School of Management ,Aufbau u. Vorbereitung,Modulprüfung,fix,"2300, Friedrich von Thiersch Hörsaal (0503.02.300) ",09.08.2023,10:00  ,10:30
WI001059EM,Financial Accounting ,TUM School of Management ,Prüfungstermin,Modulprüfung,fix,"2300, Friedrich von Thiersch Hörsaal (0503.02.300) ",09.08.2023,10:30  ,12:30
WI001059EM,Financial Accounting ,TUM School of Management ,Nachbereitung,Modulprüfung,fix,"2300, Friedrich von Thiersch Hörsaal (0503.02.300) ",09.08.2023,12:30  ,13:00
WI001059EM,Financial Accounting ,TUM School of Management ,Aufbau u. Vorbereitung,Modulprüfung,fix,"N 1090 ZG, Hörsaal mit exp. Bühne (0101.Z1.090) ",09.08.2023,10:00  ,10:30
WI001059EM,Financial Accounting ,TUM School of Management ,Prüfungstermin,Modulprüfung,fix,"N 1090 ZG, Hörsaal mit exp. Bühne (0101.Z1.090) ",09.08.2023,10:30  ,12:30
WI001059EM,Financial Accounting ,TUM School of Management ,Nachbereitung,Modulprüfung,fix,"N 1090 ZG, Hörsaal mit exp. Bühne (0101.Z1.090) ",09.08.2023,12:30  ,13:00
WI001059EM,Financial Accounting ,TUM School of Management ,Aufbau u. Vorbereitung,Modulprüfung,fix,"N 1189, Hans-Piloty-Hörsaal (0101.02.189) ",09.08.2023,10:00  ,10:30
WI001059EM,Financial Accounting ,TUM School of Management ,Prüfungstermin,Modulprüfung,fix,"N 1189, Hans-Piloty-Hörsaal (0101.02.189) ",09.08.2023,10:30  ,12:30
WI001059EM,Financial Accounting ,TUM School of Management ,Nachbereitung,Modulprüfung,fix,"N 1189, Hans-Piloty-Hörsaal (0101.02.189) ",09.08.2023,12:30  ,13:00
WI001060M,Production and Logistics ,TUM School of Management ,Aufbau u. Vorbereitung,Modulprüfung,fix,"MW 0001, Gustav-Niemann-Hörsaal (5510.EG.001) ",07.08.2023,10:00  ,10:30
WI001060M,Production and Logistics ,TUM School of Management ,Prüfungstermin,Modulprüfung,fix,"MW 0001, Gustav-Niemann-Hörsaal (5510.EG.001) ",07.08.2023,10:30  ,12:30
WI001060M,Production and Logistics ,TUM School of Management ,Nachbereitung,Modulprüfung,fix,"MW 0001, Gustav-Niemann-Hörsaal (5510.EG.001) ",07.08.2023,12:30  ,13:00
WI001060M,Production and Logistics ,TUM School of Management ,Aufbau u. Vorbereitung,Modulprüfung,fix,"0220, Hörsaal m. Exp.-Bühne (0502.EG.220) ",07.08.2023,10:00  ,10:30
WI001060M,Production and Logistics ,TUM School of Management ,Prüfungstermin,Modulprüfung,fix,"0220, Hörsaal m. Exp.-Bühne (0502.EG.220) ",07.08.2023,10:30  ,12:30
WI001060M,Production and Logistics ,TUM School of Management ,Nachbereitung,Modulprüfung,fix,"0220, Hörsaal m. Exp.-Bühne (0502.EG.220) ",07.08.2023,12:30  ,13:00
WI001060M,Production and Logistics ,TUM School of Management ,Aufbau u. Vorbereitung,Modulprüfung,fix,"Theresianum, 0602, Hörsaal ansteigend, ohne exp. B (0506.EG.602) ",07.08.2023,10:00  ,10:30
WI001060M,Production and Logistics ,TUM School of Management ,Prüfungstermin,Modulprüfung,fix,"Theresianum, 0602, Hörsaal ansteigend, ohne exp. B (0506.EG.602) ",07.08.2023,10:30  ,12:30
WI001060M,Production and Logistics ,TUM School of Management ,Nachbereitung,Modulprüfung,fix,"Theresianum, 0602, Hörsaal ansteigend, ohne exp. B (0506.EG.602) ",07.08.2023,12:30  ,13:00
WI001060M,Production and Logistics ,TUM School of Management ,Aufbau u. Vorbereitung,Modulprüfung,fix,"004, Hörsaal 1 ""Interims II"" (5416.01.004) ",07.08.2023,10:00  ,10:30
WI001060M,Production and Logistics ,TUM School of Management ,Prüfungstermin,Modulprüfung,fix,"004, Hörsaal 1 ""Interims II"" (5416.01.004) ",07.08.2023,10:30  ,12:30
WI001060M,Production and Logistics ,TUM School of Management ,Nachbereitung,Modulprüfung,fix,"004, Hörsaal 1 ""Interims II"" (5416.01.004) ",07.08.2023,12:30  ,13:00
WI001060M,Production and Logistics ,TUM School of Management ,Aufbau u. Vorbereitung,Modulprüfung,fix,Audimax im Galileo nur Mo-Di 7-19 Uhr (8120.01.101) ,07.08.2023,10:00  ,10:30
WI001060M,Production and Logistics ,TUM School of Management ,Prüfungstermin,Modulprüfung,fix,Audimax im Galileo nur Mo-Di 7-19 Uhr (8120.01.101) ,07.08.2023,10:30  ,12:30
WI001060M,Production and Logistics ,TUM School of Management ,Nachbereitung,Modulprüfung,fix,Audimax im Galileo nur Mo-Di 7-19 Uhr (8120.01.101) ,07.08.2023,12:30  ,13:00
WI001083,Controlling ,TUM School of Management ,Aufbau u. Vorbereitung,Modulprüfung,fix,"Theresianum, 0606, Hörsaal ansteigend, ohne exp. B (0506.EG.606) ",08.08.2023,13:00  ,13:30
WI001083,Controlling ,TUM School of Management ,Prüfungstermin,Modulprüfung,fix,"Theresianum, 0606, Hörsaal ansteigend, ohne exp. B (0506.EG.606) ",08.08.2023,13:30  ,14:30
WI001083,Controlling ,TUM School of Management ,Nachbereitung,Modulprüfung,fix,"Theresianum, 0606, Hörsaal ansteigend, ohne exp. B (0506.EG.606) ",08.08.2023,14:30  ,15:00
WI001083,Controlling ,TUM School of Management ,Aufbau u. Vorbereitung,Modulprüfung,fix,"1180, Hörsaal ohne exp. Bühne (0501.01.180) ",08.08.2023,13:00  ,13:30
WI001083,Controlling ,TUM School of Management ,Prüfungstermin,Modulprüfung,fix,"1180, Hörsaal ohne exp. Bühne (0501.01.180) ",08.08.2023,13:30  ,14:30
WI001083,Controlling ,TUM School of Management ,Nachbereitung,Modulprüfung,fix,"1180, Hörsaal ohne exp. Bühne (0501.01.180) ",08.08.2023,14:30  ,15:00
WI001083,Controlling ,TUM School of Management ,Aufbau u. Vorbereitung,Modulprüfung,fix,"N 1190, Hans-Heinrich-Meinke-Hörsaal (0101.02.190) ",08.08.2023,13:00  ,13:30
WI001083,Controlling ,TUM School of Management ,Prüfungstermin,Modulprüfung,fix,"N 1190, Hans-Heinrich-Meinke-Hörsaal (0101.02.190) ",08.08.2023,13:30  ,14:30
WI001083,Controlling ,TUM School of Management ,Nachbereitung,Modulprüfung,fix,"N 1190, Hans-Heinrich-Meinke-Hörsaal (0101.02.190) ",08.08.2023,14:30  ,15:00
WI001111,Applied Strategy and Organization: Strategies for international Corporations ,TUM School of Management ,Aufbau u. Vorbereitung,Modulprüfung,fix,"N 1190, Hans-Heinrich-Meinke-Hörsaal (0101.02.190) ",27.07.2023,07:30  ,08:00
WI001111,Applied Strategy and Organization: Strategies for international Corporations ,TUM School of Management ,Prüfungstermin,Modulprüfung,fix,"N 1190, Hans-Heinrich-Meinke-Hörsaal (0101.02.190) ",27.07.2023,08:00  ,09:30
WI001111,Applied Strategy and Organization: Strategies for international Corporations ,TUM School of Management ,Nachbereitung,Modulprüfung,fix,"N 1190, Hans-Heinrich-Meinke-Hörsaal (0101.02.190) ",27.07.2023,09:30  ,10:00
WI001111,Applied Strategy and Organization: Strategies for international Corporations ,TUM School of Management ,Aufbau u. Vorbereitung,Modulprüfung,fix,"0980, Audimax (0509.EG.980) ",27.07.2023,07:30  ,08:00
WI001111,Applied Strategy and Organization: Strategies for international Corporations ,TUM School of Management ,Prüfungstermin,Modulprüfung,fix,"0980, Audimax (0509.EG.980) ",27.07.2023,08:00  ,09:30
WI001111,Applied Strategy and Organization: Strategies for international Corporations ,TUM School of Management ,Nachbereitung,Modulprüfung,fix,"0980, Audimax (0509.EG.980) ",27.07.2023,09:30  ,10:00
WI001112,Marketing ,Lehrstuhl für Marketing und Konsumforschung (Prof. Roosen) ,Aufbau u. Vorbereitung,Modulprüfung,fix,"1-40, Seminarraum 9 (WZWS09) (4102.01.040) ",29.09.2023,10:00  ,10:30
WI001112,Marketing ,Lehrstuhl für Marketing und Konsumforschung (Prof. Roosen) ,Prüfungstermin,Modulprüfung,fix,"1-40, Seminarraum 9 (WZWS09) (4102.01.040) ",29.09.2023,10:30  ,12:30
WI001112,Marketing ,Lehrstuhl für Marketing und Konsumforschung (Prof. Roosen) ,Nachbereitung,Modulprüfung,fix,"1-40, Seminarraum 9 (WZWS09) (4102.01.040) ",29.09.2023,12:30  ,13:00
WI001114,Strategic and International Management ,TUM School of Management ,Aufbau u. Vorbereitung,Modulprüfung,fix,"1100, Hörsaal ohne exp. Bühne (0501.01.100) ",01.08.2023,13:00  ,13:00
WI001114,Strategic and International Management ,TUM School of Management ,Prüfungstermin,Modulprüfung,fix,"1100, Hörsaal ohne exp. Bühne (0501.01.100) ",01.08.2023,13:00  ,14:00
WI001114,Strategic and International Management ,TUM School of Management ,Nachbereitung,Modulprüfung,fix,"1100, Hörsaal ohne exp. Bühne (0501.01.100) ",01.08.2023,14:00  ,14:30
WI001119S,Campus Straubing: Business Law ,TUM School of Management ,Aufbau u. Vorbereitung,Modulprüfung,fix,"2750, Karl Max von Bauernfeind Hörsaal (0507.03.750) ",11.08.2023,10:00  ,10:30
WI001119S,Campus Straubing: Business Law ,TUM School of Management ,Prüfungstermin,Modulprüfung,fix,"2750, Karl Max von Bauernfeind Hörsaal (0507.03.750) ",11.08.2023,10:30  ,12:30
WI001119S,Campus Straubing: Business Law ,TUM School of Management ,Nachbereitung,Modulprüfung,fix,"2750, Karl Max von Bauernfeind Hörsaal (0507.03.750) ",11.08.2023,12:30  ,13:00
WI001120M,Business Law II ,TUM School of Management ,Aufbau u. Vorbereitung,Modulprüfung,fix,"0360, Theodor-Fischer-Hörsaal (0503.EG.360) ",27.07.2023,10:00  ,10:30
WI001120M,Business Law II ,TUM School of Management ,Prüfungstermin,Modulprüfung,fix,"0360, Theodor-Fischer-Hörsaal (0503.EG.360) ",27.07.2023,10:30  ,12:30
WI001120M,Business Law II ,TUM School of Management ,Nachbereitung,Modulprüfung,fix,"0360, Theodor-Fischer-Hörsaal (0503.EG.360) ",27.07.2023,12:30  ,13:00
WI001120M,Business Law II ,TUM School of Management ,Aufbau u. Vorbereitung,Modulprüfung,fix,"1100, Hörsaal ohne exp. Bühne (0501.01.100) ",27.07.2023,10:00  ,10:30
WI001120M,Business Law II ,TUM School of Management ,Prüfungstermin,Modulprüfung,fix,"1100, Hörsaal ohne exp. Bühne (0501.01.100) ",27.07.2023,10:30  ,12:30
WI001120M,Business Law II ,TUM School of Management ,Nachbereitung,Modulprüfung,fix,"1100, Hörsaal ohne exp. Bühne (0501.01.100) ",27.07.2023,12:30  ,13:00
WI001120M,Business Law II ,TUM School of Management ,Aufbau u. Vorbereitung,Modulprüfung,fix,"N 1190, Hans-Heinrich-Meinke-Hörsaal (0101.02.190) ",27.07.2023,10:00  ,10:30
WI001120M,Business Law II ,TUM School of Management ,Prüfungstermin,Modulprüfung,fix,"N 1190, Hans-Heinrich-Meinke-Hörsaal (0101.02.190) ",27.07.2023,10:30  ,12:30
WI001120M,Business Law II ,TUM School of Management ,Nachbereitung,Modulprüfung,fix,"N 1190, Hans-Heinrich-Meinke-Hörsaal (0101.02.190) ",27.07.2023,12:30  ,13:00
WI001121M,Strategic and International Management & Organizational Behavior ,TUM School of Management ,Aufbau u. Vorbereitung,Modulprüfung,fix,"0980, Audimax (0509.EG.980) ",04.08.2023,15:30  ,16:00
WI001121M,Strategic and International Management & Organizational Behavior ,TUM School of Management ,Prüfungstermin,Modulprüfung,fix,"0980, Audimax (0509.EG.980) ",04.08.2023,16:00  ,18:00
WI001121M,Strategic and International Management & Organizational Behavior ,TUM School of Management ,Nachbereitung,Modulprüfung,fix,"0980, Audimax (0509.EG.980) ",04.08.2023,18:00  ,18:30
WI001122M,Introduction to Business Law (MiM) ,TUM School of Management ,Aufbau u. Vorbereitung,Modulprüfung,fix,"1200, Carl-von-Linde-Hörsaal (0502.01.200) ",03.08.2023,10:00  ,10:30
WI001122M,Introduction to Business Law (MiM) ,TUM School of Management ,Prüfungstermin,Modulprüfung,fix,"1200, Carl-von-Linde-Hörsaal (0502.01.200) ",03.08.2023,10:30  ,12:30
WI001122M,Introduction to Business Law (MiM) ,TUM School of Management ,Nachbereitung,Modulprüfung,fix,"1200, Carl-von-Linde-Hörsaal (0502.01.200) ",03.08.2023,12:30  ,13:00
WI001122M,Introduction to Business Law (MiM) ,TUM School of Management ,Aufbau u. Vorbereitung,Modulprüfung,fix,"0980, Audimax (0509.EG.980) ",03.08.2023,10:00  ,10:30
WI001122M,Introduction to Business Law (MiM) ,TUM School of Management ,Prüfungstermin,Modulprüfung,fix,"0980, Audimax (0509.EG.980) ",03.08.2023,10:30  ,12:30
WI001122M,Introduction to Business Law (MiM) ,TUM School of Management ,Nachbereitung,Modulprüfung,fix,"0980, Audimax (0509.EG.980) ",03.08.2023,12:30  ,13:00
WI001129_1,Marketing (Master) ,TUM School of Management ,Aufbau u. Vorbereitung,Modulprüfung,fix,"1260, Hörsaal o. Exp.-Bühne (0502.01.260) ",05.08.2023,10:00  ,10:30
WI001129_1,Marketing (Master) ,TUM School of Management ,Prüfungstermin,Modulprüfung,fix,"1260, Hörsaal o. Exp.-Bühne (0502.01.260) ",05.08.2023,10:30  ,11:30
WI001129_1,Marketing (Master) ,TUM School of Management ,Nachbereitung,Modulprüfung,fix,"1260, Hörsaal o. Exp.-Bühne (0502.01.260) ",05.08.2023,11:30  ,12:00
WI001129_2,Technology and Innovation Management: Introduction (Master) ,TUM School of Management ,Aufbau u. Vorbereitung,Modulprüfung,fix,"0670ZG, Hör-/Lehrsaal eben o.Exp.Bühne (0506.Z1.670) ",05.08.2023,10:00  ,10:30
WI001129_2,Technology and Innovation Management: Introduction (Master) ,TUM School of Management ,Prüfungstermin,Modulprüfung,fix,"0670ZG, Hör-/Lehrsaal eben o.Exp.Bühne (0506.Z1.670) ",05.08.2023,10:30  ,11:30
WI001129_2,Technology and Innovation Management: Introduction (Master) ,TUM School of Management ,Nachbereitung,Modulprüfung,fix,"0670ZG, Hör-/Lehrsaal eben o.Exp.Bühne (0506.Z1.670) ",05.08.2023,11:30  ,12:00
WI001129M,Marketing and Innovation Management ,TUM School of Management ,Aufbau u. Vorbereitung,Modulprüfung,fix,MW 2001 Rudolf-Diesel-Hörsaal (5510.02.001) ,05.08.2023,10:00  ,10:30
WI001129M,Marketing and Innovation Management ,TUM School of Management ,Prüfungstermin,Modulprüfung,fix,MW 2001 Rudolf-Diesel-Hörsaal (5510.02.001) ,05.08.2023,10:30  ,12:30
WI001129M,Marketing and Innovation Management ,TUM School of Management ,Nachbereitung,Modulprüfung,fix,MW 2001 Rudolf-Diesel-Hörsaal (5510.02.001) ,05.08.2023,12:30  ,13:00
WI001129M,Marketing and Innovation Management ,TUM School of Management ,Aufbau u. Vorbereitung,Modulprüfung,fix,"00.02.001, MI HS 1, Friedrich L. Bauer Hörsaal (5602.EG.001) ",05.08.2023,10:00  ,10:30
WI001129M,Marketing and Innovation Management ,TUM School of Management ,Prüfungstermin,Modulprüfung,fix,"00.02.001, MI HS 1, Friedrich L. Bauer Hörsaal (5602.EG.001) ",05.08.2023,10:30  ,12:30
WI001129M,Marketing and Innovation Management ,TUM School of Management ,Nachbereitung,Modulprüfung,fix,"00.02.001, MI HS 1, Friedrich L. Bauer Hörsaal (5602.EG.001) ",05.08.2023,12:30  ,13:00
WI001130M,Cost Accounting ,TUM School of Management ,Aufbau u. Vorbereitung,Modulprüfung,fix,"0220, Hörsaal m. Exp.-Bühne (0502.EG.220) ",26.07.2023,10:30  ,11:00
WI001130M,Cost Accounting ,TUM School of Management ,Prüfungstermin,Modulprüfung,fix,"0220, Hörsaal m. Exp.-Bühne (0502.EG.220) ",26.07.2023,11:00  ,12:00
WI001130M,Cost Accounting ,TUM School of Management ,Nachbereitung,Modulprüfung,fix,"0220, Hörsaal m. Exp.-Bühne (0502.EG.220) ",26.07.2023,12:00  ,12:30
WI001130M,Cost Accounting ,TUM School of Management ,Aufbau u. Vorbereitung,Modulprüfung,fix,"N 1070 ZG, Lothar-Rohde-Hörsaal (0101.Z1.070) ",26.07.2023,10:30  ,11:00
WI001130M,Cost Accounting ,TUM School of Management ,Prüfungstermin,Modulprüfung,fix,"N 1070 ZG, Lothar-Rohde-Hörsaal (0101.Z1.070) ",26.07.2023,11:00  ,12:00
WI001130M,Cost Accounting ,TUM School of Management ,Nachbereitung,Modulprüfung,fix,"N 1070 ZG, Lothar-Rohde-Hörsaal (0101.Z1.070) ",26.07.2023,12:00  ,12:30
WI001130M,Cost Accounting ,TUM School of Management ,Aufbau u. Vorbereitung,Modulprüfung,fix,"N 1080 ZG, August-Föppl-Hörsaal (0101.Z1.080) ",26.07.2023,10:30  ,11:00
WI001130M,Cost Accounting ,TUM School of Management ,Prüfungstermin,Modulprüfung,fix,"N 1080 ZG, August-Föppl-Hörsaal (0101.Z1.080) ",26.07.2023,11:00  ,12:00
WI001130M,Cost Accounting ,TUM School of Management ,Nachbereitung,Modulprüfung,fix,"N 1080 ZG, August-Föppl-Hörsaal (0101.Z1.080) ",26.07.2023,12:00  ,12:30
WI001130M,Cost Accounting ,TUM School of Management ,Aufbau u. Vorbereitung,Modulprüfung,fix,"N 1190, Hans-Heinrich-Meinke-Hörsaal (0101.02.190) ",26.07.2023,10:30  ,11:00
WI001130M,Cost Accounting ,TUM School of Management ,Prüfungstermin,Modulprüfung,fix,"N 1190, Hans-Heinrich-Meinke-Hörsaal (0101.02.190) ",26.07.2023,11:00  ,12:00
WI001130M,Cost Accounting ,TUM School of Management ,Nachbereitung,Modulprüfung,fix,"N 1190, Hans-Heinrich-Meinke-Hörsaal (0101.02.190) ",26.07.2023,12:00  ,12:30
WI001131M,Production and Logistics (MiM) ,TUM School of Management ,Aufbau u. Vorbereitung,Modulprüfung,fix,"2300, Friedrich von Thiersch Hörsaal (0503.02.300) ",07.08.2023,10:00  ,10:30
WI001131M,Production and Logistics (MiM) ,TUM School of Management ,Prüfungstermin,Modulprüfung,fix,"2300, Friedrich von Thiersch Hörsaal (0503.02.300) ",07.08.2023,10:30  ,12:30
WI001131M,Production and Logistics (MiM) ,TUM School of Management ,Nachbereitung,Modulprüfung,fix,"2300, Friedrich von Thiersch Hörsaal (0503.02.300) ",07.08.2023,12:30  ,13:00
WI001131M,Production and Logistics (MiM) ,TUM School of Management ,Aufbau u. Vorbereitung,Modulprüfung,fix,"N 1190, Hans-Heinrich-Meinke-Hörsaal (0101.02.190) ",07.08.2023,10:00  ,10:30
WI001131M,Production and Logistics (MiM) ,TUM School of Management ,Prüfungstermin,Modulprüfung,fix,"N 1190, Hans-Heinrich-Meinke-Hörsaal (0101.02.190) ",07.08.2023,10:30  ,12:30
WI001131M,Production and Logistics (MiM) ,TUM School of Management ,Nachbereitung,Modulprüfung,fix,"N 1190, Hans-Heinrich-Meinke-Hörsaal (0101.02.190) ",07.08.2023,12:30  ,13:00
WI001131M,Production and Logistics (MiM) ,TUM School of Management ,Aufbau u. Vorbereitung,Modulprüfung,fix,"0980, Audimax (0509.EG.980) ",07.08.2023,10:00  ,10:30
WI001131M,Production and Logistics (MiM) ,TUM School of Management ,Prüfungstermin,Modulprüfung,fix,"0980, Audimax (0509.EG.980) ",07.08.2023,10:30  ,12:30
WI001131M,Production and Logistics (MiM) ,TUM School of Management ,Nachbereitung,Modulprüfung,fix,"0980, Audimax (0509.EG.980) ",07.08.2023,12:30  ,13:00
WI001131M,Production and Logistics (MiM) ,TUM School of Management ,Aufbau u. Vorbereitung,Modulprüfung,fix,"2750, Karl Max von Bauernfeind Hörsaal (0507.03.750) ",07.08.2023,10:00  ,10:30
WI001131M,Production and Logistics (MiM) ,TUM School of Management ,Prüfungstermin,Modulprüfung,fix,"2750, Karl Max von Bauernfeind Hörsaal (0507.03.750) ",07.08.2023,10:30  ,12:30
WI001131M,Production and Logistics (MiM) ,TUM School of Management ,Nachbereitung,Modulprüfung,fix,"2750, Karl Max von Bauernfeind Hörsaal (0507.03.750) ",07.08.2023,12:30  ,13:00
WI001137M,Management Science (MiM) ,TUM School of Management ,Aufbau u. Vorbereitung,Modulprüfung,fix,"2300, Friedrich von Thiersch Hörsaal (0503.02.300) ",27.07.2023,13:00  ,13:30
WI001137M,Management Science (MiM) ,TUM School of Management ,Prüfungstermin,Modulprüfung,fix,"2300, Friedrich von Thiersch Hörsaal (0503.02.300) ",27.07.2023,13:30  ,14:30
WI001137M,Management Science (MiM) ,TUM School of Management ,Nachbereitung,Modulprüfung,fix,"2300, Friedrich von Thiersch Hörsaal (0503.02.300) ",27.07.2023,14:30  ,15:00
WI001137M,Management Science (MiM) ,TUM School of Management ,Aufbau u. Vorbereitung,Modulprüfung,fix,"N 1189, Hans-Piloty-Hörsaal (0101.02.189) ",27.07.2023,13:00  ,13:30
WI001137M,Management Science (MiM) ,TUM School of Management ,Prüfungstermin,Modulprüfung,fix,"N 1189, Hans-Piloty-Hörsaal (0101.02.189) ",27.07.2023,13:30  ,14:30
WI001137M,Management Science (MiM) ,TUM School of Management ,Nachbereitung,Modulprüfung,fix,"N 1189, Hans-Piloty-Hörsaal (0101.02.189) ",27.07.2023,14:30  ,15:00
WI001137M,Management Science (MiM) ,TUM School of Management ,Aufbau u. Vorbereitung,Modulprüfung,fix,"N 1190, Hans-Heinrich-Meinke-Hörsaal (0101.02.190) ",27.07.2023,13:00  ,13:30
WI001137M,Management Science (MiM) ,TUM School of Management ,Prüfungstermin,Modulprüfung,fix,"N 1190, Hans-Heinrich-Meinke-Hörsaal (0101.02.190) ",27.07.2023,13:30  ,14:30
WI001137M,Management Science (MiM) ,TUM School of Management ,Nachbereitung,Modulprüfung,fix,"N 1190, Hans-Heinrich-Meinke-Hörsaal (0101.02.190) ",27.07.2023,14:30  ,15:00
WI001138M,Investment and Financial Management (MiM) ,TUM School of Management ,Aufbau u. Vorbereitung,Modulprüfung,fix,"N 1179, Wilhelm-Nusselt-Hörsaal (0101.02.179) ",09.08.2023,07:30  ,08:00
WI001138M,Investment and Financial Management (MiM) ,TUM School of Management ,Prüfungstermin,Modulprüfung,fix,"N 1179, Wilhelm-Nusselt-Hörsaal (0101.02.179) ",09.08.2023,08:00  ,10:00
WI001138M,Investment and Financial Management (MiM) ,TUM School of Management ,Nachbereitung,Modulprüfung,fix,"N 1179, Wilhelm-Nusselt-Hörsaal (0101.02.179) ",09.08.2023,10:00  ,10:30
WI001138M,Investment and Financial Management (MiM) ,TUM School of Management ,Aufbau u. Vorbereitung,Modulprüfung,fix,"N 1190, Hans-Heinrich-Meinke-Hörsaal (0101.02.190) ",09.08.2023,07:30  ,08:00
WI001138M,Investment and Financial Management (MiM) ,TUM School of Management ,Prüfungstermin,Modulprüfung,fix,"N 1190, Hans-Heinrich-Meinke-Hörsaal (0101.02.190) ",09.08.2023,08:00  ,10:00
WI001138M,Investment and Financial Management (MiM) ,TUM School of Management ,Nachbereitung,Modulprüfung,fix,"N 1190, Hans-Heinrich-Meinke-Hörsaal (0101.02.190) ",09.08.2023,10:00  ,10:30
WI001138M,Investment and Financial Management (MiM) ,TUM School of Management ,Aufbau u. Vorbereitung,Modulprüfung,fix,"605, Hörsaal (2907.06.605) ",09.08.2023,07:30  ,08:00
WI001138M,Investment and Financial Management (MiM) ,TUM School of Management ,Prüfungstermin,Modulprüfung,fix,"605, Hörsaal (2907.06.605) ",09.08.2023,08:00  ,10:00
WI001138M,Investment and Financial Management (MiM) ,TUM School of Management ,Nachbereitung,Modulprüfung,fix,"605, Hörsaal (2907.06.605) ",09.08.2023,10:00  ,10:30
WI001138M,Investment and Financial Management (MiM) ,TUM School of Management ,Aufbau u. Vorbereitung,Modulprüfung,fix,"0980, Audimax (0509.EG.980) ",09.08.2023,07:30  ,08:00
WI001138M,Investment and Financial Management (MiM) ,TUM School of Management ,Prüfungstermin,Modulprüfung,fix,"0980, Audimax (0509.EG.980) ",09.08.2023,08:00  ,10:00
WI001138M,Investment and Financial Management (MiM) ,TUM School of Management ,Nachbereitung,Modulprüfung,fix,"0980, Audimax (0509.EG.980) ",09.08.2023,10:00  ,10:30
WI001139M,Financial Accounting (MiM) ,TUM School of Management ,Aufbau u. Vorbereitung,Modulprüfung,fix,"Theresianum, 0602, Hörsaal ansteigend, ohne exp. B (0506.EG.602) ",04.08.2023,10:30  ,11:00
WI001139M,Financial Accounting (MiM) ,TUM School of Management ,Prüfungstermin,Modulprüfung,fix,"Theresianum, 0602, Hörsaal ansteigend, ohne exp. B (0506.EG.602) ",04.08.2023,11:00  ,12:00
WI001139M,Financial Accounting (MiM) ,TUM School of Management ,Nachbereitung,Modulprüfung,fix,"Theresianum, 0602, Hörsaal ansteigend, ohne exp. B (0506.EG.602) ",04.08.2023,12:00  ,12:30
WI001139M,Financial Accounting (MiM) ,TUM School of Management ,Aufbau u. Vorbereitung,Modulprüfung,fix,"1200, Carl-von-Linde-Hörsaal (0502.01.200) ",04.08.2023,10:30  ,11:00
WI001139M,Financial Accounting (MiM) ,TUM School of Management ,Prüfungstermin,Modulprüfung,fix,"1200, Carl-von-Linde-Hörsaal (0502.01.200) ",04.08.2023,11:00  ,12:00
WI001139M,Financial Accounting (MiM) ,TUM School of Management ,Nachbereitung,Modulprüfung,fix,"1200, Carl-von-Linde-Hörsaal (0502.01.200) ",04.08.2023,12:00  ,12:30
WI001175,Consumer Behavior Research Methods ,TUM School of Management ,Aufbau u. Vorbereitung,Modulprüfung,fix,"N 1190, Hans-Heinrich-Meinke-Hörsaal (0101.02.190) ",04.08.2023,10:00  ,10:30
WI001175,Consumer Behavior Research Methods ,TUM School of Management ,Prüfungstermin,Modulprüfung,fix,"N 1190, Hans-Heinrich-Meinke-Hörsaal (0101.02.190) ",04.08.2023,10:30  ,12:30
WI001175,Consumer Behavior Research Methods ,TUM School of Management ,Nachbereitung,Modulprüfung,fix,"N 1190, Hans-Heinrich-Meinke-Hörsaal (0101.02.190) ",04.08.2023,12:30  ,13:00
WI001178,Consumer Analytics & Big Data ,TUM School of Management ,Aufbau u. Vorbereitung,Modulprüfung,fix,"0360, Theodor-Fischer-Hörsaal (0503.EG.360) ",07.08.2023,10:30  ,11:00
WI001178,Consumer Analytics & Big Data ,TUM School of Management ,Prüfungstermin,Modulprüfung,fix,"0360, Theodor-Fischer-Hörsaal (0503.EG.360) ",07.08.2023,11:00  ,12:00
WI001178,Consumer Analytics & Big Data ,TUM School of Management ,Nachbereitung,Modulprüfung,fix,"0360, Theodor-Fischer-Hörsaal (0503.EG.360) ",07.08.2023,12:00  ,12:30
WI001178,Consumer Analytics & Big Data ,TUM School of Management ,Aufbau u. Vorbereitung,Modulprüfung,fix,"1180, Hörsaal ohne exp. Bühne (0501.01.180) ",07.08.2023,10:30  ,11:00
WI001178,Consumer Analytics & Big Data ,TUM School of Management ,Prüfungstermin,Modulprüfung,fix,"1180, Hörsaal ohne exp. Bühne (0501.01.180) ",07.08.2023,11:00  ,12:00
WI001178,Consumer Analytics & Big Data ,TUM School of Management ,Nachbereitung,Modulprüfung,fix,"1180, Hörsaal ohne exp. Bühne (0501.01.180) ",07.08.2023,12:00  ,12:30
WI001178,Consumer Analytics & Big Data ,TUM School of Management ,Aufbau u. Vorbereitung,Modulprüfung,fix,"N 1070 ZG, Lothar-Rohde-Hörsaal (0101.Z1.070) ",07.08.2023,10:30  ,11:00
WI001178,Consumer Analytics & Big Data ,TUM School of Management ,Prüfungstermin,Modulprüfung,fix,"N 1070 ZG, Lothar-Rohde-Hörsaal (0101.Z1.070) ",07.08.2023,11:00  ,12:00
WI001178,Consumer Analytics & Big Data ,TUM School of Management ,Nachbereitung,Modulprüfung,fix,"N 1070 ZG, Lothar-Rohde-Hörsaal (0101.Z1.070) ",07.08.2023,12:00  ,12:30
WI001185M,"Entrepreneurial, Strategic, and International Management ",TUM School of Management ,Aufbau u. Vorbereitung,Modulprüfung,fix,"0360, Theodor-Fischer-Hörsaal (0503.EG.360) ",01.08.2023,10:00  ,10:30
WI001185M,"Entrepreneurial, Strategic, and International Management ",TUM School of Management ,Prüfungstermin,Modulprüfung,fix,"0360, Theodor-Fischer-Hörsaal (0503.EG.360) ",01.08.2023,10:30  ,12:30
WI001185M,"Entrepreneurial, Strategic, and International Management ",TUM School of Management ,Nachbereitung,Modulprüfung,fix,"0360, Theodor-Fischer-Hörsaal (0503.EG.360) ",01.08.2023,12:30  ,13:00
WI001185M,"Entrepreneurial, Strategic, and International Management ",TUM School of Management ,Aufbau u. Vorbereitung,Modulprüfung,fix,"N 1189, Hans-Piloty-Hörsaal (0101.02.189) ",01.08.2023,10:00  ,10:30
WI001185M,"Entrepreneurial, Strategic, and International Management ",TUM School of Management ,Prüfungstermin,Modulprüfung,fix,"N 1189, Hans-Piloty-Hörsaal (0101.02.189) ",01.08.2023,10:30  ,12:30
WI001185M,"Entrepreneurial, Strategic, and International Management ",TUM School of Management ,Nachbereitung,Modulprüfung,fix,"N 1189, Hans-Piloty-Hörsaal (0101.02.189) ",01.08.2023,12:30  ,13:00
WI001200,Agrar- und Gartenbauökonomie ,Professur für Agrar- und Ernährungswirtschaft (N.N.) ,Aufbau u. Vorbereitung,Modulprüfung,fix,"HO10, Hörsaal 16 Carl-Kronacher-Hörsaal (WZWH16) (4214.EG.010) ",04.08.2023,07:30  ,08:00
WI001200,Agrar- und Gartenbauökonomie ,Professur für Agrar- und Ernährungswirtschaft (N.N.) ,Prüfungstermin,Modulprüfung,fix,"HO10, Hörsaal 16 Carl-Kronacher-Hörsaal (WZWH16) (4214.EG.010) ",04.08.2023,08:00  ,11:00
WI001200,Agrar- und Gartenbauökonomie ,Professur für Agrar- und Ernährungswirtschaft (N.N.) ,Nachbereitung,Modulprüfung,fix,"HO10, Hörsaal 16 Carl-Kronacher-Hörsaal (WZWH16) (4214.EG.010) ",04.08.2023,11:00  ,11:30
WI001200,Agrar- und Gartenbauökonomie ,Professur für Agrar- und Ernährungswirtschaft (N.N.) ,Aufbau u. Vorbereitung,Modulprüfung,fix,"HO30, Hörsaal 14 Max-Schönleutner-Hörsaal (WZWH14) (4214.EG.030) ",04.08.2023,07:30  ,08:00
WI001200,Agrar- und Gartenbauökonomie ,Professur für Agrar- und Ernährungswirtschaft (N.N.) ,Prüfungstermin,Modulprüfung,fix,"HO30, Hörsaal 14 Max-Schönleutner-Hörsaal (WZWH14) (4214.EG.030) ",04.08.2023,08:00  ,11:00
WI001200,Agrar- und Gartenbauökonomie ,Professur für Agrar- und Ernährungswirtschaft (N.N.) ,Nachbereitung,Modulprüfung,fix,"HO30, Hörsaal 14 Max-Schönleutner-Hörsaal (WZWH14) (4214.EG.030) ",04.08.2023,11:00  ,11:30
WI001203,Angewandte Statistik: Ökonometrie ,Professur für Agrar- und Ernährungswirtschaft (N.N.) ,Aufbau u. Vorbereitung,Modulprüfung,fix,"E-35, Hörsaal 2 (WZWH02) (4102.EG.036) ",04.10.2023,13:00  ,13:30
WI001203,Angewandte Statistik: Ökonometrie ,Professur für Agrar- und Ernährungswirtschaft (N.N.) ,Prüfungstermin,Modulprüfung,fix,"E-35, Hörsaal 2 (WZWH02) (4102.EG.036) ",04.10.2023,13:30  ,15:30
WI001203,Angewandte Statistik: Ökonometrie ,Professur für Agrar- und Ernährungswirtschaft (N.N.) ,Nachbereitung,Modulprüfung,fix,"E-35, Hörsaal 2 (WZWH02) (4102.EG.036) ",04.10.2023,15:30  ,16:00
WZ1459,Einführung in die Agrar- und Gartenbauökonomie ,Professur für Agrar- und Ernährungswirtschaft (N.N.) ,Aufbau u. Vorbereitung,Modulprüfung,fix,"HO10, Hörsaal 16 Carl-Kronacher-Hörsaal (WZWH16) (4214.EG.010) ",04.08.2023,07:30  ,08:00
WZ1459,Einführung in die Agrar- und Gartenbauökonomie ,Professur für Agrar- und Ernährungswirtschaft (N.N.) ,Prüfungstermin,Modulprüfung,fix,"HO10, Hörsaal 16 Carl-Kronacher-Hörsaal (WZWH16) (4214.EG.010) ",04.08.2023,08:00  ,10:00
WZ1459,Einführung in die Agrar- und Gartenbauökonomie ,Professur für Agrar- und Ernährungswirtschaft (N.N.) ,Nachbereitung,Modulprüfung,fix,"HO10, Hörsaal 16 Carl-Kronacher-Hörsaal (WZWH16) (4214.EG.010) ",04.08.2023,10:00  ,10:30
WZ1459,Einführung in die Agrar- und Gartenbauökonomie ,Professur für Agrar- und Ernährungswirtschaft (N.N.) ,Aufbau u. Vorbereitung,Modulprüfung,fix,"HO30, Hörsaal 14 Max-Schönleutner-Hörsaal (WZWH14) (4214.EG.030) ",04.08.2023,07:30  ,08:00
WZ1459,Einführung in die Agrar- und Gartenbauökonomie ,Professur für Agrar- und Ernährungswirtschaft (N.N.) ,Prüfungstermin,Modulprüfung,fix,"HO30, Hörsaal 14 Max-Schönleutner-Hörsaal (WZWH14) (4214.EG.030) ",04.08.2023,08:00  ,10:00
WZ1459,Einführung in die Agrar- und Gartenbauökonomie ,Professur für Agrar- und Ernährungswirtschaft (N.N.) ,Nachbereitung,Modulprüfung,fix,"HO30, Hörsaal 14 Max-Schönleutner-Hörsaal (WZWH14) (4214.EG.030) ",04.08.2023,10:00  ,10:30
WZ4014,Forstökonomie und Arbeitswissenschaft ,Lehrstuhl für Forstliche Wirtschaftslehre (Prof. Moog) ,Aufbau u. Vorbereitung,Modulprüfung,fix,"2.0.EG 2, Hörsaal 21 (WZWH21) (4277.EG.130) ",18.09.2023,10:30  ,11:00
WZ4014,Forstökonomie und Arbeitswissenschaft ,Lehrstuhl für Forstliche Wirtschaftslehre (Prof. Moog) ,Prüfungstermin,Modulprüfung,fix,"2.0.EG 2, Hörsaal 21 (WZWH21) (4277.EG.130) ",18.09.2023,11:00  ,12:00
WZ4014,Forstökonomie und Arbeitswissenschaft ,Lehrstuhl für Forstliche Wirtschaftslehre (Prof. Moog) ,Nachbereitung,Modulprüfung,fix,"2.0.EG 2, Hörsaal 21 (WZWH21) (4277.EG.130) ",18.09.2023,12:00  ,12:30
WZ4034,Holzmarktlehre und Marketing ,Lehrstuhl für Forstliche Wirtschaftslehre (Prof. Moog) ,Aufbau u. Vorbereitung,Modulprüfung,fix,"2.0.EG 4, Hörsaal 22 (WZWH22) (4277.EG.129) ",05.10.2023,15:00  ,15:30
WZ4034,Holzmarktlehre und Marketing ,Lehrstuhl für Forstliche Wirtschaftslehre (Prof. Moog) ,Prüfungstermin,Modulprüfung,fix,"2.0.EG 4, Hörsaal 22 (WZWH22) (4277.EG.129) ",05.10.2023,15:30  ,16:30
WZ4034,Holzmarktlehre und Marketing ,Lehrstuhl für Forstliche Wirtschaftslehre (Prof. Moog) ,Nachbereitung,Modulprüfung,fix,"2.0.EG 4, Hörsaal 22 (WZWH22) (4277.EG.129) ",05.10.2023,16:30  ,17:00
WZ4226,Methodologie wissenschaftlichen Arbeitens ,Lehrstuhl für Wald- und Umweltpolitik (Prof. Suda) ,Aufbau u. Vorbereitung,Modulprüfung,fix,"2.0.EG 2, Hörsaal 21 (WZWH21) (4277.EG.130) ",22.09.2023,10:30  ,11:00
WZ4226,Methodologie wissenschaftlichen Arbeitens ,Lehrstuhl für Wald- und Umweltpolitik (Prof. Suda) ,Prüfungstermin,Modulprüfung,fix,"2.0.EG 2, Hörsaal 21 (WZWH21) (4277.EG.130) ",22.09.2023,11:00  ,14:00
WZ4226,Methodologie wissenschaftlichen Arbeitens ,Lehrstuhl für Wald- und Umweltpolitik (Prof. Suda) ,Nachbereitung,Modulprüfung,fix,"2.0.EG 2, Hörsaal 21 (WZWH21) (4277.EG.130) ",22.09.2023,14:00  ,14:30
WZ5327,Betriebswirtschaftslehre der Getränkeindustrie ,Lehrstuhl für Forstliche Wirtschaftslehre (Prof. Moog) ,Aufbau u. Vorbereitung,Modulprüfung,fix,"HO10, Hörsaal 16 Carl-Kronacher-Hörsaal (WZWH16) (4214.EG.010) ",11.10.2023,07:30  ,08:00
WZ5327,Betriebswirtschaftslehre der Getränkeindustrie ,Lehrstuhl für Forstliche Wirtschaftslehre (Prof. Moog) ,Prüfungstermin,Modulprüfung,fix,"HO10, Hörsaal 16 Carl-Kronacher-Hörsaal (WZWH16) (4214.EG.010) ",11.10.2023,08:00  ,10:00
WZ5327,Betriebswirtschaftslehre der Getränkeindustrie ,Lehrstuhl für Forstliche Wirtschaftslehre (Prof. Moog) ,Nachbereitung,Modulprüfung,fix,"HO10, Hörsaal 16 Carl-Kronacher-Hörsaal (WZWH16) (4214.EG.010) ",11.10.2023,10:00  ,10:30
WZ5327,Betriebswirtschaftslehre der Getränkeindustrie ,Lehrstuhl für Forstliche Wirtschaftslehre (Prof. Moog) ,Aufbau u. Vorbereitung,Modulprüfung,fix,"HO20, Hörsaal 15 Carl-Lindner-Hörsaal (WZWH15) (4214.EG.020) ",11.10.2023,07:30  ,08:00
WZ5327,Betriebswirtschaftslehre der Getränkeindustrie ,Lehrstuhl für Forstliche Wirtschaftslehre (Prof. Moog) ,Prüfungstermin,Modulprüfung,fix,"HO20, Hörsaal 15 Carl-Lindner-Hörsaal (WZWH15) (4214.EG.020) ",11.10.2023,08:00  ,10:00
WZ5327,Betriebswirtschaftslehre der Getränkeindustrie ,Lehrstuhl für Forstliche Wirtschaftslehre (Prof. Moog) ,Nachbereitung,Modulprüfung,fix,"HO20, Hörsaal 15 Carl-Lindner-Hörsaal (WZWH15) (4214.EG.020) ",11.10.2023,10:00  ,10:30
WZ5327,Betriebswirtschaftslehre der Getränkeindustrie ,Lehrstuhl für Forstliche Wirtschaftslehre (Prof. Moog) ,Aufbau u. Vorbereitung,Modulprüfung,fix,"HO30, Hörsaal 14 Max-Schönleutner-Hörsaal (WZWH14) (4214.EG.030) ",11.10.2023,07:30  ,08:00
WZ5327,Betriebswirtschaftslehre der Getränkeindustrie ,Lehrstuhl für Forstliche Wirtschaftslehre (Prof. Moog) ,Prüfungstermin,Modulprüfung,fix,"HO30, Hörsaal 14 Max-Schönleutner-Hörsaal (WZWH14) (4214.EG.030) ",11.10.2023,08:00  ,10:00
WZ5327,Betriebswirtschaftslehre der Getränkeindustrie ,Lehrstuhl für Forstliche Wirtschaftslehre (Prof. Moog) ,Nachbereitung,Modulprüfung,fix,"HO30, Hörsaal 14 Max-Schönleutner-Hörsaal (WZWH14) (4214.EG.030) ",11.10.2023,10:00  ,10:30
