CH7110,Physikalische Chemie 2 ,Professur für Dynamische Spektroskopien (Prof. Hauer) ,Aufbau u. Vorbereitung,Modulprüfung,geplant,"HO10, Hörsaal 16 Carl-Kronacher-Hörsaal (WZWH16) (4214.EG.010) ",12.04.2023,10:45  ,11:30
CH7110,Physikalische Chemie 2 ,Professur für Dynamische Spektroskopien (Prof. Hauer) ,Prüfungstermin,Modulprüfung,geplant,"HO10, Hörsaal 16 Carl-Kronacher-Hörsaal (WZWH16) (4214.EG.010) ",12.04.2023,11:30  ,12:30
CH7110,Physikalische Chemie 2 ,Professur für Dynamische Spektroskopien (Prof. Hauer) ,Nachbereitung,Modulprüfung,geplant,"HO10, Hörsaal 16 Carl-Kronacher-Hörsaal (WZWH16) (4214.EG.010) ",12.04.2023,12:30  ,13:00
CH4107,Anorganische Festkörperchemie und Organometallchemie ,Lehrstuhl für Anorganische Chemie mit Schwerpunkt Neue Materialien (Prof. Fässler) ,Aufbau u. Vorbereitung,Modulprüfung,fix,"00.02.001, MI HS 1, Friedrich L. Bauer Hörsaal (5602.EG.001) ",06.04.2023,13:30  ,14:15
CH4107,Anorganische Festkörperchemie und Organometallchemie ,Lehrstuhl für Anorganische Chemie mit Schwerpunkt Neue Materialien (Prof. Fässler) ,Prüfungstermin,Modulprüfung,fix,"00.02.001, MI HS 1, Friedrich L. Bauer Hörsaal (5602.EG.001) ",06.04.2023,14:15  ,15:45
CH4107,Anorganische Festkörperchemie und Organometallchemie ,Lehrstuhl für Anorganische Chemie mit Schwerpunkt Neue Materialien (Prof. Fässler) ,Nachbereitung,Modulprüfung,fix,"00.02.001, MI HS 1, Friedrich L. Bauer Hörsaal (5602.EG.001) ",06.04.2023,15:45  ,16:15
CH4118,Molekülspektroskopie ,Lehrstuhl für Physikalische Chemie (Prof. Heiz) ,Aufbau u. Vorbereitung,Modulprüfung,fix,"MW 1050, Johann-Bauschinger-Zeichensaal (5510.01.050) ",05.04.2023,10:45  ,11:30
CH4118,Molekülspektroskopie ,Lehrstuhl für Physikalische Chemie (Prof. Heiz) ,Prüfungstermin,Modulprüfung,fix,"MW 1050, Johann-Bauschinger-Zeichensaal (5510.01.050) ",05.04.2023,11:30  ,13:30
CH4118,Molekülspektroskopie ,Lehrstuhl für Physikalische Chemie (Prof. Heiz) ,Nachbereitung,Modulprüfung,fix,"MW 1050, Johann-Bauschinger-Zeichensaal (5510.01.050) ",05.04.2023,13:30  ,14:00
CH0263,Biophysikalische Chemie ,Professur für Dynamische Spektroskopien (Prof. Hauer) ,Aufbau u. Vorbereitung,Modulprüfung,fix,"CH 21010, Hans-Fischer-Hörsaal (5401.01.101K) ",14.02.2023,10:15  ,11:00
CH0263,Biophysikalische Chemie ,Professur für Dynamische Spektroskopien (Prof. Hauer) ,Prüfungstermin,Modulprüfung,fix,"CH 21010, Hans-Fischer-Hörsaal (5401.01.101K) ",14.02.2023,11:00  ,13:00
CH0263,Biophysikalische Chemie ,Professur für Dynamische Spektroskopien (Prof. Hauer) ,Nachbereitung,Modulprüfung,fix,"CH 21010, Hans-Fischer-Hörsaal (5401.01.101K) ",14.02.2023,13:00  ,13:30
CH6202,Allgemeine und Anorganische Chemie ,Lehrstuhl für Bauchemie (Prof. Gädt) ,Aufbau u. Vorbereitung,Modulprüfung,fix,Audimax im Galileo nur Mo-Di 7-19 Uhr (8120.01.101) ,14.02.2023,10:45  ,11:30
CH6202,Allgemeine und Anorganische Chemie ,Lehrstuhl für Bauchemie (Prof. Gädt) ,Prüfungstermin,Modulprüfung,fix,Audimax im Galileo nur Mo-Di 7-19 Uhr (8120.01.101) ,14.02.2023,11:30  ,13:00
CH6202,Allgemeine und Anorganische Chemie ,Lehrstuhl für Bauchemie (Prof. Gädt) ,Nachbereitung,Modulprüfung,fix,Audimax im Galileo nur Mo-Di 7-19 Uhr (8120.01.101) ,14.02.2023,13:00  ,13:30
CH7202,Chemische und Biochemische Grundlagen ,Professur für Strukturelle Membranbiochemie (Prof. Hagn) ,Aufbau u. Vorbereitung,Modulprüfung,geplant,"HO30, Hörsaal 14 Max-Schönleutner-Hörsaal (WZWH14) (4214.EG.030) ",15.02.2023,10:45  ,11:30
CH7202,Chemische und Biochemische Grundlagen ,Professur für Strukturelle Membranbiochemie (Prof. Hagn) ,Prüfungstermin,Modulprüfung,geplant,"HO30, Hörsaal 14 Max-Schönleutner-Hörsaal (WZWH14) (4214.EG.030) ",15.02.2023,11:30  ,14:30
CH7202,Chemische und Biochemische Grundlagen ,Professur für Strukturelle Membranbiochemie (Prof. Hagn) ,Nachbereitung,Modulprüfung,geplant,"HO30, Hörsaal 14 Max-Schönleutner-Hörsaal (WZWH14) (4214.EG.030) ",15.02.2023,14:30  ,15:00
CH0118,Einführung in die Quantenmechanik ,Professur für Theoretical Methods in Spectroscopy (Prof. Ortmann) ,Aufbau u. Vorbereitung,Modulprüfung,fix,"00.02.001, MI HS 1, Friedrich L. Bauer Hörsaal (5602.EG.001) ",23.02.2023,13:30  ,14:15
CH0118,Einführung in die Quantenmechanik ,Professur für Theoretical Methods in Spectroscopy (Prof. Ortmann) ,Prüfungstermin,Modulprüfung,fix,"00.02.001, MI HS 1, Friedrich L. Bauer Hörsaal (5602.EG.001) ",23.02.2023,14:15  ,15:45
CH0118,Einführung in die Quantenmechanik ,Professur für Theoretical Methods in Spectroscopy (Prof. Ortmann) ,Nachbereitung,Modulprüfung,fix,"00.02.001, MI HS 1, Friedrich L. Bauer Hörsaal (5602.EG.001) ",23.02.2023,15:45  ,16:15
CH4108,Quantenmechanik ,Professur für Theoretical Methods in Spectroscopy (Prof. Ortmann) ,Aufbau u. Vorbereitung,Modulprüfung,fix,"00.02.001, MI HS 1, Friedrich L. Bauer Hörsaal (5602.EG.001) ",23.02.2023,13:30  ,14:15
CH4108,Quantenmechanik ,Professur für Theoretical Methods in Spectroscopy (Prof. Ortmann) ,Prüfungstermin,Modulprüfung,fix,"00.02.001, MI HS 1, Friedrich L. Bauer Hörsaal (5602.EG.001) ",23.02.2023,14:15  ,16:15
CH4108,Quantenmechanik ,Professur für Theoretical Methods in Spectroscopy (Prof. Ortmann) ,Nachbereitung,Modulprüfung,fix,"00.02.001, MI HS 1, Friedrich L. Bauer Hörsaal (5602.EG.001) ",23.02.2023,16:15  ,16:45
CH4109,Grundlagen der Analytischen Chemie ,Professur für Organische Chemie (Prof. Glaser) ,Aufbau u. Vorbereitung,Modulprüfung,fix,"MW 0001, Gustav-Niemann-Hörsaal (5510.EG.001) ",20.02.2023,13:30  ,14:15
CH4109,Grundlagen der Analytischen Chemie ,Professur für Organische Chemie (Prof. Glaser) ,Prüfungstermin,Modulprüfung,fix,"MW 0001, Gustav-Niemann-Hörsaal (5510.EG.001) ",20.02.2023,14:15  ,16:15
CH4109,Grundlagen der Analytischen Chemie ,Professur für Organische Chemie (Prof. Glaser) ,Nachbereitung,Modulprüfung,fix,"MW 0001, Gustav-Niemann-Hörsaal (5510.EG.001) ",20.02.2023,16:15  ,16:45
CH3094,Industrielle Chemische Prozesse 1 - Katalyse für Energie ,Lehrstuhl für Technische Chemie II (Prof. Lercher) ,Aufbau u. Vorbereitung,Modulprüfung,fix,"003, Hörsaal 2, ""Interims II"" (5416.01.003) ",24.02.2023,10:45  ,11:30
CH3094,Industrielle Chemische Prozesse 1 - Katalyse für Energie ,Lehrstuhl für Technische Chemie II (Prof. Lercher) ,Prüfungstermin,Modulprüfung,fix,"003, Hörsaal 2, ""Interims II"" (5416.01.003) ",24.02.2023,11:30  ,13:00
CH3094,Industrielle Chemische Prozesse 1 - Katalyse für Energie ,Lehrstuhl für Technische Chemie II (Prof. Lercher) ,Nachbereitung,Modulprüfung,fix,"003, Hörsaal 2, ""Interims II"" (5416.01.003) ",24.02.2023,13:00  ,13:30
CH3065,Grundlagen der Elektrochemie ,Lehrstuhl für Technische Elektrochemie (Prof. Gasteiger) ,Aufbau u. Vorbereitung,Modulprüfung,fix,"102, Hörsaal 2, ""Interims I"" (5620.01.102) ",28.02.2023,10:45  ,11:30
CH3065,Grundlagen der Elektrochemie ,Lehrstuhl für Technische Elektrochemie (Prof. Gasteiger) ,Prüfungstermin,Modulprüfung,fix,"102, Hörsaal 2, ""Interims I"" (5620.01.102) ",28.02.2023,11:30  ,13:00
CH3065,Grundlagen der Elektrochemie ,Lehrstuhl für Technische Elektrochemie (Prof. Gasteiger) ,Nachbereitung,Modulprüfung,fix,"102, Hörsaal 2, ""Interims I"" (5620.01.102) ",28.02.2023,13:00  ,13:30
CH3181,Biologische Chemie ,Lehrstuhl für Biotechnologie (Prof. Buchner) ,Aufbau u. Vorbereitung,Modulprüfung,fix,"MW 0001, Gustav-Niemann-Hörsaal (5510.EG.001) ",03.03.2023,07:15  ,08:00
CH3181,Biologische Chemie ,Lehrstuhl für Biotechnologie (Prof. Buchner) ,Prüfungstermin,Modulprüfung,fix,"MW 0001, Gustav-Niemann-Hörsaal (5510.EG.001) ",03.03.2023,08:00  ,09:30
CH3181,Biologische Chemie ,Lehrstuhl für Biotechnologie (Prof. Buchner) ,Nachbereitung,Modulprüfung,fix,"MW 0001, Gustav-Niemann-Hörsaal (5510.EG.001) ",03.03.2023,09:30  ,10:00
CH2104,Enzymtechnologie ,Lehrstuhl für Synthetische Biotechnologie (Prof. Brück) ,Aufbau u. Vorbereitung,Modulprüfung,fix,"MW 0337, Seminarraum (5503.EG.337) ",07.03.2023,10:45  ,11:30
CH2104,Enzymtechnologie ,Lehrstuhl für Synthetische Biotechnologie (Prof. Brück) ,Prüfungstermin,Modulprüfung,fix,"MW 0337, Seminarraum (5503.EG.337) ",07.03.2023,11:30  ,13:00
CH2104,Enzymtechnologie ,Lehrstuhl für Synthetische Biotechnologie (Prof. Brück) ,Nachbereitung,Modulprüfung,fix,"MW 0337, Seminarraum (5503.EG.337) ",07.03.2023,13:00  ,13:30
CH1205,Material Science I ,Lehrstuhl für Anorganische und Metallorganische Chemie (Prof. Fischer) ,Aufbau u. Vorbereitung,Modulprüfung,fix,MW 2001 Rudolf-Diesel-Hörsaal (5510.02.001) ,14.03.2023,13:30  ,14:15
CH1205,Material Science I ,Lehrstuhl für Anorganische und Metallorganische Chemie (Prof. Fischer) ,Prüfungstermin,Modulprüfung,fix,MW 2001 Rudolf-Diesel-Hörsaal (5510.02.001) ,14.03.2023,14:15  ,15:45
CH1205,Material Science I ,Lehrstuhl für Anorganische und Metallorganische Chemie (Prof. Fischer) ,Nachbereitung,Modulprüfung,fix,MW 2001 Rudolf-Diesel-Hörsaal (5510.02.001) ,14.03.2023,15:45  ,16:15
CH0263,Biophysikalische Chemie ,Professur für Dynamische Spektroskopien (Prof. Hauer) ,Aufbau u. Vorbereitung,Modulprüfung,fix,"CH 21010, Hans-Fischer-Hörsaal (5401.01.101K) ",03.04.2023,10:15  ,11:00
CH0263,Biophysikalische Chemie ,Professur für Dynamische Spektroskopien (Prof. Hauer) ,Prüfungstermin,Modulprüfung,fix,"CH 21010, Hans-Fischer-Hörsaal (5401.01.101K) ",03.04.2023,11:00  ,13:00
CH0263,Biophysikalische Chemie ,Professur für Dynamische Spektroskopien (Prof. Hauer) ,Nachbereitung,Modulprüfung,fix,"CH 21010, Hans-Fischer-Hörsaal (5401.01.101K) ",03.04.2023,13:00  ,13:30
CH0105,Mathematische Methoden der Chemie 1 ,Lehrstuhl für Anorganische und Metallorganische Chemie (Prof. Fischer) ,Aufbau u. Vorbereitung,Modulprüfung,fix,"2501, Rudolf-Mößbauer-Hörsaal (5101.EG.501) ",05.04.2023,10:45  ,11:30
CH0105,Mathematische Methoden der Chemie 1 ,Lehrstuhl für Anorganische und Metallorganische Chemie (Prof. Fischer) ,Prüfungstermin,Modulprüfung,fix,"2501, Rudolf-Mößbauer-Hörsaal (5101.EG.501) ",05.04.2023,11:30  ,13:00
CH0105,Mathematische Methoden der Chemie 1 ,Lehrstuhl für Anorganische und Metallorganische Chemie (Prof. Fischer) ,Nachbereitung,Modulprüfung,fix,"2501, Rudolf-Mößbauer-Hörsaal (5101.EG.501) ",05.04.2023,13:00  ,13:30
CH6202,Allgemeine und Anorganische Chemie ,Lehrstuhl für Bauchemie (Prof. Gädt) ,Aufbau u. Vorbereitung,Modulprüfung,fix,"2501, Rudolf-Mößbauer-Hörsaal (5101.EG.501) ",03.04.2023,10:45  ,11:30
CH6202,Allgemeine und Anorganische Chemie ,Lehrstuhl für Bauchemie (Prof. Gädt) ,Prüfungstermin,Modulprüfung,fix,"2501, Rudolf-Mößbauer-Hörsaal (5101.EG.501) ",03.04.2023,11:30  ,13:00
CH6202,Allgemeine und Anorganische Chemie ,Lehrstuhl für Bauchemie (Prof. Gädt) ,Nachbereitung,Modulprüfung,fix,"2501, Rudolf-Mößbauer-Hörsaal (5101.EG.501) ",03.04.2023,13:00  ,13:30
CH0106,Biologie für Chemiker ,Lehrstuhl für Biotechnologie (Prof. Buchner) ,Aufbau u. Vorbereitung,Modulprüfung,fix,Audimax im Galileo nur Mo-Di 7-19 Uhr (8120.01.101) ,27.02.2023,13:30  ,14:15
CH0106,Biologie für Chemiker ,Lehrstuhl für Biotechnologie (Prof. Buchner) ,Prüfungstermin,Modulprüfung,fix,Audimax im Galileo nur Mo-Di 7-19 Uhr (8120.01.101) ,27.02.2023,14:15  ,15:45
CH0106,Biologie für Chemiker ,Lehrstuhl für Biotechnologie (Prof. Buchner) ,Nachbereitung,Modulprüfung,fix,Audimax im Galileo nur Mo-Di 7-19 Uhr (8120.01.101) ,27.02.2023,15:45  ,16:15
CH4118,Molekülspektroskopie ,Lehrstuhl für Physikalische Chemie (Prof. Heiz) ,Aufbau u. Vorbereitung,Modulprüfung,fix,"00.02.001, MI HS 1, Friedrich L. Bauer Hörsaal (5602.EG.001) ",17.02.2023,13:30  ,14:15
CH4118,Molekülspektroskopie ,Lehrstuhl für Physikalische Chemie (Prof. Heiz) ,Prüfungstermin,Modulprüfung,fix,"00.02.001, MI HS 1, Friedrich L. Bauer Hörsaal (5602.EG.001) ",17.02.2023,14:15  ,16:15
CH4118,Molekülspektroskopie ,Lehrstuhl für Physikalische Chemie (Prof. Heiz) ,Nachbereitung,Modulprüfung,fix,"00.02.001, MI HS 1, Friedrich L. Bauer Hörsaal (5602.EG.001) ",17.02.2023,16:15  ,16:45
CH4107,Anorganische Festkörperchemie und Organometallchemie ,Lehrstuhl für Anorganische Chemie mit Schwerpunkt Neue Materialien (Prof. Fässler) ,Aufbau u. Vorbereitung,Modulprüfung,fix,"MW 1801, Ernst-Schmidt-Hörsaal (5508.02.801) ",28.02.2023,13:30  ,14:15
CH4107,Anorganische Festkörperchemie und Organometallchemie ,Lehrstuhl für Anorganische Chemie mit Schwerpunkt Neue Materialien (Prof. Fässler) ,Prüfungstermin,Modulprüfung,fix,"MW 1801, Ernst-Schmidt-Hörsaal (5508.02.801) ",28.02.2023,14:15  ,15:45
CH4107,Anorganische Festkörperchemie und Organometallchemie ,Lehrstuhl für Anorganische Chemie mit Schwerpunkt Neue Materialien (Prof. Fässler) ,Nachbereitung,Modulprüfung,fix,"MW 1801, Ernst-Schmidt-Hörsaal (5508.02.801) ",28.02.2023,15:45  ,16:15
CH4107,Anorganische Festkörperchemie und Organometallchemie ,Lehrstuhl für Anorganische Chemie mit Schwerpunkt Neue Materialien (Prof. Fässler) ,Aufbau u. Vorbereitung,Modulprüfung,fix,"2501, Rudolf-Mößbauer-Hörsaal (5101.EG.501) ",28.02.2023,13:30  ,14:15
CH4107,Anorganische Festkörperchemie und Organometallchemie ,Lehrstuhl für Anorganische Chemie mit Schwerpunkt Neue Materialien (Prof. Fässler) ,Prüfungstermin,Modulprüfung,fix,"2501, Rudolf-Mößbauer-Hörsaal (5101.EG.501) ",28.02.2023,14:15  ,15:45
CH4107,Anorganische Festkörperchemie und Organometallchemie ,Lehrstuhl für Anorganische Chemie mit Schwerpunkt Neue Materialien (Prof. Fässler) ,Nachbereitung,Modulprüfung,fix,"2501, Rudolf-Mößbauer-Hörsaal (5101.EG.501) ",28.02.2023,15:45  ,16:15
CH4116,Molekulare Katalyse und Materialchemie ,Professur für Synthese und Charakterisierung innovativer Materialien (Prof. Nilges) ,Aufbau u. Vorbereitung,Modulprüfung,fix,"00.02.001, MI HS 1, Friedrich L. Bauer Hörsaal (5602.EG.001) ",02.03.2023,13:30  ,14:15
CH4116,Molekulare Katalyse und Materialchemie ,Professur für Synthese und Charakterisierung innovativer Materialien (Prof. Nilges) ,Prüfungstermin,Modulprüfung,fix,"00.02.001, MI HS 1, Friedrich L. Bauer Hörsaal (5602.EG.001) ",02.03.2023,14:15  ,15:45
CH4116,Molekulare Katalyse und Materialchemie ,Professur für Synthese und Charakterisierung innovativer Materialien (Prof. Nilges) ,Nachbereitung,Modulprüfung,fix,"00.02.001, MI HS 1, Friedrich L. Bauer Hörsaal (5602.EG.001) ",02.03.2023,15:45  ,16:15
CH1102,Chemie ,Lehrstuhl für Anorganische Chemie mit Schwerpunkt Neue Materialien (Prof. Fässler) ,Aufbau u. Vorbereitung,Modulprüfung,fix,MW 2001 Rudolf-Diesel-Hörsaal (5510.02.001) ,20.02.2023,10:45  ,11:30
CH1102,Chemie ,Lehrstuhl für Anorganische Chemie mit Schwerpunkt Neue Materialien (Prof. Fässler) ,Prüfungstermin,Modulprüfung,fix,MW 2001 Rudolf-Diesel-Hörsaal (5510.02.001) ,20.02.2023,11:30  ,13:00
CH1102,Chemie ,Lehrstuhl für Anorganische Chemie mit Schwerpunkt Neue Materialien (Prof. Fässler) ,Nachbereitung,Modulprüfung,fix,MW 2001 Rudolf-Diesel-Hörsaal (5510.02.001) ,20.02.2023,13:00  ,13:30
CH1102,Chemie ,Lehrstuhl für Anorganische Chemie mit Schwerpunkt Neue Materialien (Prof. Fässler) ,Aufbau u. Vorbereitung,Modulprüfung,fix,"00.02.001, MI HS 1, Friedrich L. Bauer Hörsaal (5602.EG.001) ",20.02.2023,10:45  ,11:30
CH1102,Chemie ,Lehrstuhl für Anorganische Chemie mit Schwerpunkt Neue Materialien (Prof. Fässler) ,Prüfungstermin,Modulprüfung,fix,"00.02.001, MI HS 1, Friedrich L. Bauer Hörsaal (5602.EG.001) ",20.02.2023,11:30  ,13:00
CH1102,Chemie ,Lehrstuhl für Anorganische Chemie mit Schwerpunkt Neue Materialien (Prof. Fässler) ,Nachbereitung,Modulprüfung,fix,"00.02.001, MI HS 1, Friedrich L. Bauer Hörsaal (5602.EG.001) ",20.02.2023,13:00  ,13:30
CH1102,Chemie ,Lehrstuhl für Anorganische Chemie mit Schwerpunkt Neue Materialien (Prof. Fässler) ,Aufbau u. Vorbereitung,Modulprüfung,fix,"003, Hörsaal 2, ""Interims II"" (5416.01.003) ",20.02.2023,10:45  ,11:30
CH1102,Chemie ,Lehrstuhl für Anorganische Chemie mit Schwerpunkt Neue Materialien (Prof. Fässler) ,Prüfungstermin,Modulprüfung,fix,"003, Hörsaal 2, ""Interims II"" (5416.01.003) ",20.02.2023,11:30  ,13:00
CH1102,Chemie ,Lehrstuhl für Anorganische Chemie mit Schwerpunkt Neue Materialien (Prof. Fässler) ,Nachbereitung,Modulprüfung,fix,"003, Hörsaal 2, ""Interims II"" (5416.01.003) ",20.02.2023,13:00  ,13:30
CH1102,Chemie ,Lehrstuhl für Anorganische Chemie mit Schwerpunkt Neue Materialien (Prof. Fässler) ,Aufbau u. Vorbereitung,Modulprüfung,fix,"2501, Rudolf-Mößbauer-Hörsaal (5101.EG.501) ",20.02.2023,10:45  ,11:30
CH1102,Chemie ,Lehrstuhl für Anorganische Chemie mit Schwerpunkt Neue Materialien (Prof. Fässler) ,Prüfungstermin,Modulprüfung,fix,"2501, Rudolf-Mößbauer-Hörsaal (5101.EG.501) ",20.02.2023,11:30  ,13:00
CH1102,Chemie ,Lehrstuhl für Anorganische Chemie mit Schwerpunkt Neue Materialien (Prof. Fässler) ,Nachbereitung,Modulprüfung,fix,"2501, Rudolf-Mößbauer-Hörsaal (5101.EG.501) ",20.02.2023,13:00  ,13:30
CH4110,Grundlagen der Technischen Chemie ,Lehrstuhl für Technische Chemie I (Prof. Hinrichsen) ,Aufbau u. Vorbereitung,Modulprüfung,fix,MW 2001 Rudolf-Diesel-Hörsaal (5510.02.001) ,13.02.2023,13:30  ,14:15
CH4110,Grundlagen der Technischen Chemie ,Lehrstuhl für Technische Chemie I (Prof. Hinrichsen) ,Prüfungstermin,Modulprüfung,fix,MW 2001 Rudolf-Diesel-Hörsaal (5510.02.001) ,13.02.2023,14:15  ,15:45
CH4110,Grundlagen der Technischen Chemie ,Lehrstuhl für Technische Chemie I (Prof. Hinrichsen) ,Nachbereitung,Modulprüfung,fix,MW 2001 Rudolf-Diesel-Hörsaal (5510.02.001) ,13.02.2023,15:45  ,16:15
CH3211,Grundlagen der Makromolekularen Chemie ,Wacker-Lehrstuhl für Makromolekulare Chemie (Prof. Rieger) ,Aufbau u. Vorbereitung,Modulprüfung,fix,"102, Hörsaal 2, ""Interims I"" (5620.01.102) ",12.04.2023,13:30  ,14:15
CH3211,Grundlagen der Makromolekularen Chemie ,Wacker-Lehrstuhl für Makromolekulare Chemie (Prof. Rieger) ,Prüfungstermin,Modulprüfung,fix,"102, Hörsaal 2, ""Interims I"" (5620.01.102) ",12.04.2023,14:15  ,15:15
CH3211,Grundlagen der Makromolekularen Chemie ,Wacker-Lehrstuhl für Makromolekulare Chemie (Prof. Rieger) ,Nachbereitung,Modulprüfung,fix,"102, Hörsaal 2, ""Interims I"" (5620.01.102) ",12.04.2023,15:15  ,15:45
CH3181,Biologische Chemie ,Lehrstuhl für Biotechnologie (Prof. Buchner) ,Aufbau u. Vorbereitung,Modulprüfung,fix,"004, Hörsaal 1 ""Interims II"" (5416.01.004) ",12.04.2023,10:45  ,11:30
CH3181,Biologische Chemie ,Lehrstuhl für Biotechnologie (Prof. Buchner) ,Prüfungstermin,Modulprüfung,fix,"004, Hörsaal 1 ""Interims II"" (5416.01.004) ",12.04.2023,11:30  ,13:00
CH3181,Biologische Chemie ,Lehrstuhl für Biotechnologie (Prof. Buchner) ,Nachbereitung,Modulprüfung,fix,"004, Hörsaal 1 ""Interims II"" (5416.01.004) ",12.04.2023,13:00  ,13:30
CH0107,Analytische Chemie ,Lehrstuhl für Analytische Chemie und Wasserchemie (Prof. Elsner) ,Aufbau u. Vorbereitung,Modulprüfung,fix,"CH 26411, Emil-Erlenmeyer-Hörsaal (5406.01.641A) ",12.04.2023,10:15  ,11:00
CH0107,Analytische Chemie ,Lehrstuhl für Analytische Chemie und Wasserchemie (Prof. Elsner) ,Prüfungstermin,Modulprüfung,fix,"CH 26411, Emil-Erlenmeyer-Hörsaal (5406.01.641A) ",12.04.2023,11:00  ,12:00
CH0107,Analytische Chemie ,Lehrstuhl für Analytische Chemie und Wasserchemie (Prof. Elsner) ,Nachbereitung,Modulprüfung,fix,"CH 26411, Emil-Erlenmeyer-Hörsaal (5406.01.641A) ",12.04.2023,12:00  ,12:30
CH4117,Biochemie ,Lehrstuhl für Biochemie (Prof. Groll) ,Aufbau u. Vorbereitung,Modulprüfung,fix,"003, Hörsaal 2, ""Interims II"" (5416.01.003) ",14.04.2023,13:30  ,14:15
CH4117,Biochemie ,Lehrstuhl für Biochemie (Prof. Groll) ,Prüfungstermin,Modulprüfung,fix,"003, Hörsaal 2, ""Interims II"" (5416.01.003) ",14.04.2023,14:15  ,15:45
CH4117,Biochemie ,Lehrstuhl für Biochemie (Prof. Groll) ,Nachbereitung,Modulprüfung,fix,"003, Hörsaal 2, ""Interims II"" (5416.01.003) ",14.04.2023,15:45  ,16:15
CH3094,Industrielle Chemische Prozesse 1 - Katalyse für Energie ,Lehrstuhl für Technische Chemie II (Prof. Lercher) ,Aufbau u. Vorbereitung,Modulprüfung,fix,"00.5901.051, Hörsaal (5901.EG.051) ",14.04.2023,13:30  ,14:15
CH3094,Industrielle Chemische Prozesse 1 - Katalyse für Energie ,Lehrstuhl für Technische Chemie II (Prof. Lercher) ,Prüfungstermin,Modulprüfung,fix,"00.5901.051, Hörsaal (5901.EG.051) ",14.04.2023,14:15  ,15:45
CH3094,Industrielle Chemische Prozesse 1 - Katalyse für Energie ,Lehrstuhl für Technische Chemie II (Prof. Lercher) ,Nachbereitung,Modulprüfung,fix,"00.5901.051, Hörsaal (5901.EG.051) ",14.04.2023,15:45  ,16:15
CH4101,Allgemeine und Anorganische Chemie ,Professur für Synthese und Charakterisierung innovativer Materialien (Prof. Nilges) ,Aufbau u. Vorbereitung,Modulprüfung,fix,"00.02.001, MI HS 1, Friedrich L. Bauer Hörsaal (5602.EG.001) ",29.03.2023,10:45  ,11:30
CH4101,Allgemeine und Anorganische Chemie ,Professur für Synthese und Charakterisierung innovativer Materialien (Prof. Nilges) ,Prüfungstermin,Modulprüfung,fix,"00.02.001, MI HS 1, Friedrich L. Bauer Hörsaal (5602.EG.001) ",29.03.2023,11:30  ,13:00
CH4101,Allgemeine und Anorganische Chemie ,Professur für Synthese und Charakterisierung innovativer Materialien (Prof. Nilges) ,Nachbereitung,Modulprüfung,fix,"00.02.001, MI HS 1, Friedrich L. Bauer Hörsaal (5602.EG.001) ",29.03.2023,13:00  ,13:30
CH1020,Chemie ,Lehrstuhl für Anorganische und Metallorganische Chemie (Prof. Fischer) ,Aufbau u. Vorbereitung,Modulprüfung,fix,"CH 26411, Emil-Erlenmeyer-Hörsaal (5406.01.641A) ",20.02.2023,10:45  ,11:30
CH1020,Chemie ,Lehrstuhl für Anorganische und Metallorganische Chemie (Prof. Fischer) ,Prüfungstermin,Modulprüfung,fix,"CH 26411, Emil-Erlenmeyer-Hörsaal (5406.01.641A) ",20.02.2023,11:30  ,13:00
CH1020,Chemie ,Lehrstuhl für Anorganische und Metallorganische Chemie (Prof. Fischer) ,Nachbereitung,Modulprüfung,fix,"CH 26411, Emil-Erlenmeyer-Hörsaal (5406.01.641A) ",20.02.2023,13:00  ,13:30
CH3241,Grundlagen der Katalyse ,Lehrstuhl für Technische Chemie II (Prof. Lercher) ,Aufbau u. Vorbereitung,Modulprüfung,fix,"CH 26410, Übungsraum (5406.01.641K) ",28.03.2023,10:45  ,11:30
CH3241,Grundlagen der Katalyse ,Lehrstuhl für Technische Chemie II (Prof. Lercher) ,Prüfungstermin,Modulprüfung,fix,"CH 26410, Übungsraum (5406.01.641K) ",28.03.2023,11:30  ,13:00
CH3241,Grundlagen der Katalyse ,Lehrstuhl für Technische Chemie II (Prof. Lercher) ,Nachbereitung,Modulprüfung,fix,"CH 26410, Übungsraum (5406.01.641K) ",28.03.2023,13:00  ,13:30
CH0142,Allgemeine und anorganische Chemie mit Praktikum ,Professur für Molekulare Katalyse (Prof. Kühn) ,Aufbau u. Vorbereitung,Modulprüfung,geplant,"HO20, Hörsaal 15 Carl-Lindner-Hörsaal (WZWH15) (4214.EG.020) ",11.04.2023,10:45  ,11:30
CH0142,Allgemeine und anorganische Chemie mit Praktikum ,Professur für Molekulare Katalyse (Prof. Kühn) ,Prüfungstermin,Modulprüfung,geplant,"HO20, Hörsaal 15 Carl-Lindner-Hörsaal (WZWH15) (4214.EG.020) ",11.04.2023,11:30  ,13:00
CH0142,Allgemeine und anorganische Chemie mit Praktikum ,Professur für Molekulare Katalyse (Prof. Kühn) ,Nachbereitung,Modulprüfung,geplant,"HO20, Hörsaal 15 Carl-Lindner-Hörsaal (WZWH15) (4214.EG.020) ",11.04.2023,13:00  ,13:30
CH0142,Allgemeine und anorganische Chemie mit Praktikum ,Professur für Molekulare Katalyse (Prof. Kühn) ,Aufbau u. Vorbereitung,Modulprüfung,geplant,"HO30, Hörsaal 14 Max-Schönleutner-Hörsaal (WZWH14) (4214.EG.030) ",11.04.2023,10:45  ,11:30
CH0142,Allgemeine und anorganische Chemie mit Praktikum ,Professur für Molekulare Katalyse (Prof. Kühn) ,Prüfungstermin,Modulprüfung,geplant,"HO30, Hörsaal 14 Max-Schönleutner-Hörsaal (WZWH14) (4214.EG.030) ",11.04.2023,11:30  ,13:00
CH0142,Allgemeine und anorganische Chemie mit Praktikum ,Professur für Molekulare Katalyse (Prof. Kühn) ,Nachbereitung,Modulprüfung,geplant,"HO30, Hörsaal 14 Max-Schönleutner-Hörsaal (WZWH14) (4214.EG.030) ",11.04.2023,13:00  ,13:30
CH4116,Molekulare Katalyse und Materialchemie ,Professur für Synthese und Charakterisierung innovativer Materialien (Prof. Nilges) ,Aufbau u. Vorbereitung,Modulprüfung,fix,"MW 1801, Ernst-Schmidt-Hörsaal (5508.02.801) ",03.04.2023,10:45  ,11:30
CH4116,Molekulare Katalyse und Materialchemie ,Professur für Synthese und Charakterisierung innovativer Materialien (Prof. Nilges) ,Prüfungstermin,Modulprüfung,fix,"MW 1801, Ernst-Schmidt-Hörsaal (5508.02.801) ",03.04.2023,11:30  ,13:00
CH4116,Molekulare Katalyse und Materialchemie ,Professur für Synthese und Charakterisierung innovativer Materialien (Prof. Nilges) ,Nachbereitung,Modulprüfung,fix,"MW 1801, Ernst-Schmidt-Hörsaal (5508.02.801) ",03.04.2023,13:00  ,13:30
CH4109,Grundlagen der Analytischen Chemie ,Professur für Organische Chemie (Prof. Glaser) ,Aufbau u. Vorbereitung,Modulprüfung,fix,"102, Hörsaal 2, ""Interims I"" (5620.01.102) ",11.04.2023,13:30  ,14:15
CH4109,Grundlagen der Analytischen Chemie ,Professur für Organische Chemie (Prof. Glaser) ,Prüfungstermin,Modulprüfung,fix,"102, Hörsaal 2, ""Interims I"" (5620.01.102) ",11.04.2023,14:15  ,16:15
CH4109,Grundlagen der Analytischen Chemie ,Professur für Organische Chemie (Prof. Glaser) ,Nachbereitung,Modulprüfung,fix,"102, Hörsaal 2, ""Interims I"" (5620.01.102) ",11.04.2023,16:15  ,16:45
CH0632,Allgemeine und Anorganische Experimentalchemie ,Professur für Molekulare Katalyse (Prof. Kühn) ,Aufbau u. Vorbereitung,Modulprüfung,geplant,"HO10, Hörsaal 16 Carl-Kronacher-Hörsaal (WZWH16) (4214.EG.010) ",13.02.2023,13:30  ,14:15
CH0632,Allgemeine und Anorganische Experimentalchemie ,Professur für Molekulare Katalyse (Prof. Kühn) ,Prüfungstermin,Modulprüfung,geplant,"HO10, Hörsaal 16 Carl-Kronacher-Hörsaal (WZWH16) (4214.EG.010) ",13.02.2023,14:15  ,15:45
CH0632,Allgemeine und Anorganische Experimentalchemie ,Professur für Molekulare Katalyse (Prof. Kühn) ,Nachbereitung,Modulprüfung,geplant,"HO10, Hörsaal 16 Carl-Kronacher-Hörsaal (WZWH16) (4214.EG.010) ",13.02.2023,15:45  ,16:15
CH0632,Allgemeine und Anorganische Experimentalchemie ,Professur für Molekulare Katalyse (Prof. Kühn) ,Aufbau u. Vorbereitung,Modulprüfung,geplant,"HO20, Hörsaal 15 Carl-Lindner-Hörsaal (WZWH15) (4214.EG.020) ",13.02.2023,13:30  ,14:15
CH0632,Allgemeine und Anorganische Experimentalchemie ,Professur für Molekulare Katalyse (Prof. Kühn) ,Prüfungstermin,Modulprüfung,geplant,"HO20, Hörsaal 15 Carl-Lindner-Hörsaal (WZWH15) (4214.EG.020) ",13.02.2023,14:15  ,15:45
CH0632,Allgemeine und Anorganische Experimentalchemie ,Professur für Molekulare Katalyse (Prof. Kühn) ,Nachbereitung,Modulprüfung,geplant,"HO20, Hörsaal 15 Carl-Lindner-Hörsaal (WZWH15) (4214.EG.020) ",13.02.2023,15:45  ,16:15
CH0632,Allgemeine und Anorganische Experimentalchemie ,Professur für Molekulare Katalyse (Prof. Kühn) ,Aufbau u. Vorbereitung,Modulprüfung,geplant,"HO30, Hörsaal 14 Max-Schönleutner-Hörsaal (WZWH14) (4214.EG.030) ",13.02.2023,13:30  ,14:15
CH0632,Allgemeine und Anorganische Experimentalchemie ,Professur für Molekulare Katalyse (Prof. Kühn) ,Prüfungstermin,Modulprüfung,geplant,"HO30, Hörsaal 14 Max-Schönleutner-Hörsaal (WZWH14) (4214.EG.030) ",13.02.2023,14:15  ,15:45
CH0632,Allgemeine und Anorganische Experimentalchemie ,Professur für Molekulare Katalyse (Prof. Kühn) ,Nachbereitung,Modulprüfung,geplant,"HO30, Hörsaal 14 Max-Schönleutner-Hörsaal (WZWH14) (4214.EG.030) ",13.02.2023,15:45  ,16:15
CH0862-1,Reaktivität organischer Verbindungen ,Professur für Supramolekulare Chemie (Prof. Boekhoven) ,Aufbau u. Vorbereitung,Modulprüfung,fix,Hörsaal im Galileo nur Mo-Do 7-19 Uhr (8120.EG.001) ,16.02.2023,10:45  ,11:30
CH0862-1,Reaktivität organischer Verbindungen ,Professur für Supramolekulare Chemie (Prof. Boekhoven) ,Prüfungstermin,Modulprüfung,fix,Hörsaal im Galileo nur Mo-Do 7-19 Uhr (8120.EG.001) ,16.02.2023,11:30  ,13:00
CH0862-1,Reaktivität organischer Verbindungen ,Professur für Supramolekulare Chemie (Prof. Boekhoven) ,Nachbereitung,Modulprüfung,fix,Hörsaal im Galileo nur Mo-Do 7-19 Uhr (8120.EG.001) ,16.02.2023,13:00  ,13:30
CH7110,Physikalische Chemie 2 ,Professur für Dynamische Spektroskopien (Prof. Hauer) ,Aufbau u. Vorbereitung,Modulprüfung,geplant,"HO30, Hörsaal 14 Max-Schönleutner-Hörsaal (WZWH14) (4214.EG.030) ",13.02.2023,10:45  ,11:30
CH7110,Physikalische Chemie 2 ,Professur für Dynamische Spektroskopien (Prof. Hauer) ,Prüfungstermin,Modulprüfung,geplant,"HO30, Hörsaal 14 Max-Schönleutner-Hörsaal (WZWH14) (4214.EG.030) ",13.02.2023,11:30  ,12:30
CH7110,Physikalische Chemie 2 ,Professur für Dynamische Spektroskopien (Prof. Hauer) ,Nachbereitung,Modulprüfung,geplant,"HO30, Hörsaal 14 Max-Schönleutner-Hörsaal (WZWH14) (4214.EG.030) ",13.02.2023,12:30  ,13:00
CH0115,Reaktivität organischer Verbindungen ,Professur für Organische Chemie (Prof. Hintermann) ,Aufbau u. Vorbereitung,Modulprüfung,fix,MW 2001 Rudolf-Diesel-Hörsaal (5510.02.001) ,16.02.2023,10:45  ,11:30
CH0115,Reaktivität organischer Verbindungen ,Professur für Organische Chemie (Prof. Hintermann) ,Prüfungstermin,Modulprüfung,fix,MW 2001 Rudolf-Diesel-Hörsaal (5510.02.001) ,16.02.2023,11:30  ,13:00
CH0115,Reaktivität organischer Verbindungen ,Professur für Organische Chemie (Prof. Hintermann) ,Nachbereitung,Modulprüfung,fix,MW 2001 Rudolf-Diesel-Hörsaal (5510.02.001) ,16.02.2023,13:00  ,13:30
CH0115,Reaktivität organischer Verbindungen ,Professur für Organische Chemie (Prof. Hintermann) ,Aufbau u. Vorbereitung,Modulprüfung,fix,"003, Hörsaal 2, ""Interims II"" (5416.01.003) ",16.02.2023,10:45  ,11:30
CH0115,Reaktivität organischer Verbindungen ,Professur für Organische Chemie (Prof. Hintermann) ,Prüfungstermin,Modulprüfung,fix,"003, Hörsaal 2, ""Interims II"" (5416.01.003) ",16.02.2023,11:30  ,13:00
CH0115,Reaktivität organischer Verbindungen ,Professur für Organische Chemie (Prof. Hintermann) ,Nachbereitung,Modulprüfung,fix,"003, Hörsaal 2, ""Interims II"" (5416.01.003) ",16.02.2023,13:00  ,13:30
CH0936-2,Biochemie 1: Einführung / Software und Datenbanken ,Professur für Proteinchemie (Prof. Zeymer) ,Aufbau u. Vorbereitung,Modulprüfung,fix,"003, Hörsaal 2, ""Interims II"" (5416.01.003) ",24.02.2023,16:15  ,17:00
CH0936-2,Biochemie 1: Einführung / Software und Datenbanken ,Professur für Proteinchemie (Prof. Zeymer) ,Prüfungstermin,Modulprüfung,fix,"003, Hörsaal 2, ""Interims II"" (5416.01.003) ",24.02.2023,17:00  ,18:30
CH0936-2,Biochemie 1: Einführung / Software und Datenbanken ,Professur für Proteinchemie (Prof. Zeymer) ,Nachbereitung,Modulprüfung,fix,"003, Hörsaal 2, ""Interims II"" (5416.01.003) ",24.02.2023,18:30  ,19:00
CH0936-2,Biochemie 1: Einführung / Software und Datenbanken ,Professur für Proteinchemie (Prof. Zeymer) ,Aufbau u. Vorbereitung,Modulprüfung,fix,"004, Hörsaal 1 ""Interims II"" (5416.01.004) ",24.02.2023,16:15  ,17:00
CH0936-2,Biochemie 1: Einführung / Software und Datenbanken ,Professur für Proteinchemie (Prof. Zeymer) ,Prüfungstermin,Modulprüfung,fix,"004, Hörsaal 1 ""Interims II"" (5416.01.004) ",24.02.2023,17:00  ,18:30
CH0936-2,Biochemie 1: Einführung / Software und Datenbanken ,Professur für Proteinchemie (Prof. Zeymer) ,Nachbereitung,Modulprüfung,fix,"004, Hörsaal 1 ""Interims II"" (5416.01.004) ",24.02.2023,18:30  ,19:00
CH4101,Allgemeine und Anorganische Chemie ,Professur für Synthese und Charakterisierung innovativer Materialien (Prof. Nilges) ,Aufbau u. Vorbereitung,Modulprüfung,fix,"CH 21010, Hans-Fischer-Hörsaal (5401.01.101K) ",15.02.2023,07:15  ,08:00
CH4101,Allgemeine und Anorganische Chemie ,Professur für Synthese und Charakterisierung innovativer Materialien (Prof. Nilges) ,Prüfungstermin,Modulprüfung,fix,"CH 21010, Hans-Fischer-Hörsaal (5401.01.101K) ",15.02.2023,08:00  ,09:30
CH4101,Allgemeine und Anorganische Chemie ,Professur für Synthese und Charakterisierung innovativer Materialien (Prof. Nilges) ,Nachbereitung,Modulprüfung,fix,"CH 21010, Hans-Fischer-Hörsaal (5401.01.101K) ",15.02.2023,09:30  ,10:00
CH4101,Allgemeine und Anorganische Chemie ,Professur für Synthese und Charakterisierung innovativer Materialien (Prof. Nilges) ,Aufbau u. Vorbereitung,Modulprüfung,fix,"MW 1801, Ernst-Schmidt-Hörsaal (5508.02.801) ",15.02.2023,07:15  ,08:00
CH4101,Allgemeine und Anorganische Chemie ,Professur für Synthese und Charakterisierung innovativer Materialien (Prof. Nilges) ,Prüfungstermin,Modulprüfung,fix,"MW 1801, Ernst-Schmidt-Hörsaal (5508.02.801) ",15.02.2023,08:00  ,09:30
CH4101,Allgemeine und Anorganische Chemie ,Professur für Synthese und Charakterisierung innovativer Materialien (Prof. Nilges) ,Nachbereitung,Modulprüfung,fix,"MW 1801, Ernst-Schmidt-Hörsaal (5508.02.801) ",15.02.2023,09:30  ,10:00
CH4101,Allgemeine und Anorganische Chemie ,Professur für Synthese und Charakterisierung innovativer Materialien (Prof. Nilges) ,Aufbau u. Vorbereitung,Modulprüfung,fix,"2501, Rudolf-Mößbauer-Hörsaal (5101.EG.501) ",15.02.2023,07:15  ,08:00
CH4101,Allgemeine und Anorganische Chemie ,Professur für Synthese und Charakterisierung innovativer Materialien (Prof. Nilges) ,Prüfungstermin,Modulprüfung,fix,"2501, Rudolf-Mößbauer-Hörsaal (5101.EG.501) ",15.02.2023,08:00  ,09:30
CH4101,Allgemeine und Anorganische Chemie ,Professur für Synthese und Charakterisierung innovativer Materialien (Prof. Nilges) ,Nachbereitung,Modulprüfung,fix,"2501, Rudolf-Mößbauer-Hörsaal (5101.EG.501) ",15.02.2023,09:30  ,10:00
CH3211,Grundlagen der Makromolekularen Chemie ,Wacker-Lehrstuhl für Makromolekulare Chemie (Prof. Rieger) ,Aufbau u. Vorbereitung,Modulprüfung,fix,"CH 21010, Hans-Fischer-Hörsaal (5401.01.101K) ",17.02.2023,13:30  ,14:15
CH3211,Grundlagen der Makromolekularen Chemie ,Wacker-Lehrstuhl für Makromolekulare Chemie (Prof. Rieger) ,Prüfungstermin,Modulprüfung,fix,"CH 21010, Hans-Fischer-Hörsaal (5401.01.101K) ",17.02.2023,14:15  ,15:15
CH3211,Grundlagen der Makromolekularen Chemie ,Wacker-Lehrstuhl für Makromolekulare Chemie (Prof. Rieger) ,Nachbereitung,Modulprüfung,fix,"CH 21010, Hans-Fischer-Hörsaal (5401.01.101K) ",17.02.2023,15:15  ,15:45
CH3211,Grundlagen der Makromolekularen Chemie ,Wacker-Lehrstuhl für Makromolekulare Chemie (Prof. Rieger) ,Aufbau u. Vorbereitung,Modulprüfung,fix,"CH 22210, Ivar-Ugi-Hörsaal (5402.01.221K) ",17.02.2023,13:30  ,14:15
CH3211,Grundlagen der Makromolekularen Chemie ,Wacker-Lehrstuhl für Makromolekulare Chemie (Prof. Rieger) ,Prüfungstermin,Modulprüfung,fix,"CH 22210, Ivar-Ugi-Hörsaal (5402.01.221K) ",17.02.2023,14:15  ,15:15
CH3211,Grundlagen der Makromolekularen Chemie ,Wacker-Lehrstuhl für Makromolekulare Chemie (Prof. Rieger) ,Nachbereitung,Modulprüfung,fix,"CH 22210, Ivar-Ugi-Hörsaal (5402.01.221K) ",17.02.2023,15:15  ,15:45
CH5139,Reaktordesign ,Lehrstuhl für Technische Chemie I (Prof. Hinrichsen) ,Aufbau u. Vorbereitung,Modulprüfung,fix,"2501, Rudolf-Mößbauer-Hörsaal (5101.EG.501) ",15.02.2023,10:45  ,11:30
CH5139,Reaktordesign ,Lehrstuhl für Technische Chemie I (Prof. Hinrichsen) ,Prüfungstermin,Modulprüfung,fix,"2501, Rudolf-Mößbauer-Hörsaal (5101.EG.501) ",15.02.2023,11:30  ,13:00
CH5139,Reaktordesign ,Lehrstuhl für Technische Chemie I (Prof. Hinrichsen) ,Nachbereitung,Modulprüfung,fix,"2501, Rudolf-Mößbauer-Hörsaal (5101.EG.501) ",15.02.2023,13:00  ,13:30
CH0110,Chemische Thermodynamik und Kinetik ,Lehrstuhl für Technische Elektrochemie (Prof. Gasteiger) ,Aufbau u. Vorbereitung,Modulprüfung,geplant,"1450, Willy-Messerschmitt-Zeichensaal (5504.01.450) ",23.02.2023,10:45  ,11:30
CH0110,Chemische Thermodynamik und Kinetik ,Lehrstuhl für Technische Elektrochemie (Prof. Gasteiger) ,Prüfungstermin,Modulprüfung,geplant,"1450, Willy-Messerschmitt-Zeichensaal (5504.01.450) ",23.02.2023,11:30  ,13:00
CH0110,Chemische Thermodynamik und Kinetik ,Lehrstuhl für Technische Elektrochemie (Prof. Gasteiger) ,Nachbereitung,Modulprüfung,geplant,"1450, Willy-Messerschmitt-Zeichensaal (5504.01.450) ",23.02.2023,13:00  ,13:30
CH0655,Physikalische Chemie 1 ,Lehrstuhl für Technische Elektrochemie (Prof. Gasteiger) ,Aufbau u. Vorbereitung,Modulprüfung,fix,"CH 21010, Hans-Fischer-Hörsaal (5401.01.101K) ",23.02.2023,10:45  ,11:30
CH0655,Physikalische Chemie 1 ,Lehrstuhl für Technische Elektrochemie (Prof. Gasteiger) ,Prüfungstermin,Modulprüfung,fix,"CH 21010, Hans-Fischer-Hörsaal (5401.01.101K) ",23.02.2023,11:30  ,13:00
CH0655,Physikalische Chemie 1 ,Lehrstuhl für Technische Elektrochemie (Prof. Gasteiger) ,Nachbereitung,Modulprüfung,fix,"CH 21010, Hans-Fischer-Hörsaal (5401.01.101K) ",23.02.2023,13:00  ,13:30
CH0655,Physikalische Chemie 1 ,Lehrstuhl für Technische Elektrochemie (Prof. Gasteiger) ,Aufbau u. Vorbereitung,Modulprüfung,fix,"102, Hörsaal 2, ""Interims I"" (5620.01.102) ",23.02.2023,10:45  ,11:30
CH0655,Physikalische Chemie 1 ,Lehrstuhl für Technische Elektrochemie (Prof. Gasteiger) ,Prüfungstermin,Modulprüfung,fix,"102, Hörsaal 2, ""Interims I"" (5620.01.102) ",23.02.2023,11:30  ,13:00
CH0655,Physikalische Chemie 1 ,Lehrstuhl für Technische Elektrochemie (Prof. Gasteiger) ,Nachbereitung,Modulprüfung,fix,"102, Hörsaal 2, ""Interims I"" (5620.01.102) ",23.02.2023,13:00  ,13:30
CH3099,Polymerisationstechnik ,Wacker-Lehrstuhl für Makromolekulare Chemie (Prof. Rieger) ,Aufbau u. Vorbereitung,Modulprüfung,fix,"003, Hörsaal 2, ""Interims II"" (5416.01.003) ",24.02.2023,13:30  ,14:15
CH3099,Polymerisationstechnik ,Wacker-Lehrstuhl für Makromolekulare Chemie (Prof. Rieger) ,Prüfungstermin,Modulprüfung,fix,"003, Hörsaal 2, ""Interims II"" (5416.01.003) ",24.02.2023,14:15  ,15:15
CH3099,Polymerisationstechnik ,Wacker-Lehrstuhl für Makromolekulare Chemie (Prof. Rieger) ,Nachbereitung,Modulprüfung,fix,"003, Hörsaal 2, ""Interims II"" (5416.01.003) ",24.02.2023,15:15  ,15:45
CH0105,Mathematische Methoden der Chemie 1 ,Lehrstuhl für Anorganische und Metallorganische Chemie (Prof. Fischer) ,Aufbau u. Vorbereitung,Modulprüfung,fix,"00.02.001, MI HS 1, Friedrich L. Bauer Hörsaal (5602.EG.001) ",22.02.2023,10:45  ,11:30
CH0105,Mathematische Methoden der Chemie 1 ,Lehrstuhl für Anorganische und Metallorganische Chemie (Prof. Fischer) ,Prüfungstermin,Modulprüfung,fix,"00.02.001, MI HS 1, Friedrich L. Bauer Hörsaal (5602.EG.001) ",22.02.2023,11:30  ,13:00
CH0105,Mathematische Methoden der Chemie 1 ,Lehrstuhl für Anorganische und Metallorganische Chemie (Prof. Fischer) ,Nachbereitung,Modulprüfung,fix,"00.02.001, MI HS 1, Friedrich L. Bauer Hörsaal (5602.EG.001) ",22.02.2023,13:00  ,13:30
CH0105,Mathematische Methoden der Chemie 1 ,Lehrstuhl für Anorganische und Metallorganische Chemie (Prof. Fischer) ,Aufbau u. Vorbereitung,Modulprüfung,fix,"MW 1801, Ernst-Schmidt-Hörsaal (5508.02.801) ",22.02.2023,10:45  ,11:30
CH0105,Mathematische Methoden der Chemie 1 ,Lehrstuhl für Anorganische und Metallorganische Chemie (Prof. Fischer) ,Prüfungstermin,Modulprüfung,fix,"MW 1801, Ernst-Schmidt-Hörsaal (5508.02.801) ",22.02.2023,11:30  ,13:00
CH0105,Mathematische Methoden der Chemie 1 ,Lehrstuhl für Anorganische und Metallorganische Chemie (Prof. Fischer) ,Nachbereitung,Modulprüfung,fix,"MW 1801, Ernst-Schmidt-Hörsaal (5508.02.801) ",22.02.2023,13:00  ,13:30
CH1204,Chemie ,Professur für Festkörper-NMR-Spektroskopie (Prof. Reif) ,Aufbau u. Vorbereitung,Modulprüfung,fix,"00.5901.051, Hörsaal (5901.EG.051) ",17.02.2023,17:30  ,18:15
CH1204,Chemie ,Professur für Festkörper-NMR-Spektroskopie (Prof. Reif) ,Prüfungstermin,Modulprüfung,fix,"00.5901.051, Hörsaal (5901.EG.051) ",17.02.2023,18:15  ,19:45
CH1204,Chemie ,Professur für Festkörper-NMR-Spektroskopie (Prof. Reif) ,Nachbereitung,Modulprüfung,fix,"00.5901.051, Hörsaal (5901.EG.051) ",17.02.2023,19:45  ,20:15
CH0107,Analytische Chemie ,Lehrstuhl für Analytische Chemie und Wasserchemie (Prof. Elsner) ,Aufbau u. Vorbereitung,Modulprüfung,fix,"CH 21010, Hans-Fischer-Hörsaal (5401.01.101K) ",21.02.2023,07:15  ,08:00
CH0107,Analytische Chemie ,Lehrstuhl für Analytische Chemie und Wasserchemie (Prof. Elsner) ,Prüfungstermin,Modulprüfung,fix,"CH 21010, Hans-Fischer-Hörsaal (5401.01.101K) ",21.02.2023,08:00  ,09:00
CH0107,Analytische Chemie ,Lehrstuhl für Analytische Chemie und Wasserchemie (Prof. Elsner) ,Nachbereitung,Modulprüfung,fix,"CH 21010, Hans-Fischer-Hörsaal (5401.01.101K) ",21.02.2023,09:00  ,09:30
CH4109,Grundlagen der Analytischen Chemie ,Professur für Organische Chemie (Prof. Glaser) ,Aufbau u. Vorbereitung,Modulprüfung,fix,"101, Hörsaal 1, ""Interims I"" (5620.01.101) ",21.02.2023,07:15  ,08:00
CH4109,Grundlagen der Analytischen Chemie ,Professur für Organische Chemie (Prof. Glaser) ,Prüfungstermin,Modulprüfung,fix,"101, Hörsaal 1, ""Interims I"" (5620.01.101) ",21.02.2023,08:00  ,09:00
CH4109,Grundlagen der Analytischen Chemie ,Professur für Organische Chemie (Prof. Glaser) ,Nachbereitung,Modulprüfung,fix,"101, Hörsaal 1, ""Interims I"" (5620.01.101) ",21.02.2023,09:00  ,09:30
CH4109,Grundlagen der Analytischen Chemie ,Professur für Organische Chemie (Prof. Glaser) ,Aufbau u. Vorbereitung,Modulprüfung,fix,"102, Hörsaal 2, ""Interims I"" (5620.01.102) ",21.02.2023,07:15  ,08:00
CH4109,Grundlagen der Analytischen Chemie ,Professur für Organische Chemie (Prof. Glaser) ,Prüfungstermin,Modulprüfung,fix,"102, Hörsaal 2, ""Interims I"" (5620.01.102) ",21.02.2023,08:00  ,09:00
CH4109,Grundlagen der Analytischen Chemie ,Professur für Organische Chemie (Prof. Glaser) ,Nachbereitung,Modulprüfung,fix,"102, Hörsaal 2, ""Interims I"" (5620.01.102) ",21.02.2023,09:00  ,09:30
CH0226-1,Molekulare Medizin ,Lehrstuhl für Biochemie (Prof. Groll) ,Aufbau u. Vorbereitung,Modulprüfung,fix,"004, Hörsaal 1 ""Interims II"" (5416.01.004) ",28.02.2023,13:30  ,14:15
CH0226-1,Molekulare Medizin ,Lehrstuhl für Biochemie (Prof. Groll) ,Prüfungstermin,Modulprüfung,fix,"004, Hörsaal 1 ""Interims II"" (5416.01.004) ",28.02.2023,14:15  ,15:45
CH0226-1,Molekulare Medizin ,Lehrstuhl für Biochemie (Prof. Groll) ,Nachbereitung,Modulprüfung,fix,"004, Hörsaal 1 ""Interims II"" (5416.01.004) ",28.02.2023,15:45  ,16:15
CH3241,Grundlagen der Katalyse ,Lehrstuhl für Technische Chemie II (Prof. Lercher) ,Aufbau u. Vorbereitung,Modulprüfung,fix,Seminarraum Taurus 1 im Galileo Mo-Fr 7-19 Uhr (8120.EG.002) ,27.02.2023,10:45  ,11:30
CH3241,Grundlagen der Katalyse ,Lehrstuhl für Technische Chemie II (Prof. Lercher) ,Prüfungstermin,Modulprüfung,fix,Seminarraum Taurus 1 im Galileo Mo-Fr 7-19 Uhr (8120.EG.002) ,27.02.2023,11:30  ,13:00
CH3241,Grundlagen der Katalyse ,Lehrstuhl für Technische Chemie II (Prof. Lercher) ,Nachbereitung,Modulprüfung,fix,Seminarraum Taurus 1 im Galileo Mo-Fr 7-19 Uhr (8120.EG.002) ,27.02.2023,13:00  ,13:30
CH3099,Polymerisationstechnik ,Wacker-Lehrstuhl für Makromolekulare Chemie (Prof. Rieger) ,Aufbau u. Vorbereitung,Modulprüfung,fix,"003, Hörsaal 2, ""Interims II"" (5416.01.003) ",05.04.2023,10:45  ,11:30
CH3099,Polymerisationstechnik ,Wacker-Lehrstuhl für Makromolekulare Chemie (Prof. Rieger) ,Prüfungstermin,Modulprüfung,fix,"003, Hörsaal 2, ""Interims II"" (5416.01.003) ",05.04.2023,11:30  ,12:30
CH3099,Polymerisationstechnik ,Wacker-Lehrstuhl für Makromolekulare Chemie (Prof. Rieger) ,Nachbereitung,Modulprüfung,fix,"003, Hörsaal 2, ""Interims II"" (5416.01.003) ",05.04.2023,12:30  ,13:00
CH0862-1,Reaktivität organischer Verbindungen ,Professur für Supramolekulare Chemie (Prof. Boekhoven) ,Aufbau u. Vorbereitung,Modulprüfung,fix,"CH 22210, Ivar-Ugi-Hörsaal (5402.01.221K) ",04.04.2023,15:45  ,16:30
CH0862-1,Reaktivität organischer Verbindungen ,Professur für Supramolekulare Chemie (Prof. Boekhoven) ,Prüfungstermin,Modulprüfung,fix,"CH 22210, Ivar-Ugi-Hörsaal (5402.01.221K) ",04.04.2023,16:30  ,18:00
CH0862-1,Reaktivität organischer Verbindungen ,Professur für Supramolekulare Chemie (Prof. Boekhoven) ,Nachbereitung,Modulprüfung,fix,"CH 22210, Ivar-Ugi-Hörsaal (5402.01.221K) ",04.04.2023,18:00  ,18:30
CH4115,Fortgeschrittene analytische Verfahren ,Lehrstuhl für Analytische Chemie und Wasserchemie (Prof. Elsner) ,Aufbau u. Vorbereitung,Modulprüfung,fix,"MW 0001, Gustav-Niemann-Hörsaal (5510.EG.001) ",14.02.2023,13:30  ,14:15
CH4115,Fortgeschrittene analytische Verfahren ,Lehrstuhl für Analytische Chemie und Wasserchemie (Prof. Elsner) ,Prüfungstermin,Modulprüfung,fix,"MW 0001, Gustav-Niemann-Hörsaal (5510.EG.001) ",14.02.2023,14:15  ,15:45
CH4115,Fortgeschrittene analytische Verfahren ,Lehrstuhl für Analytische Chemie und Wasserchemie (Prof. Elsner) ,Nachbereitung,Modulprüfung,fix,"MW 0001, Gustav-Niemann-Hörsaal (5510.EG.001) ",14.02.2023,15:45  ,16:15
CH4117,Biochemie ,Lehrstuhl für Biochemie (Prof. Groll) ,Aufbau u. Vorbereitung,Modulprüfung,fix,"MW 1801, Ernst-Schmidt-Hörsaal (5508.02.801) ",24.02.2023,10:45  ,11:30
CH4117,Biochemie ,Lehrstuhl für Biochemie (Prof. Groll) ,Prüfungstermin,Modulprüfung,fix,"MW 1801, Ernst-Schmidt-Hörsaal (5508.02.801) ",24.02.2023,11:30  ,13:00
CH4117,Biochemie ,Lehrstuhl für Biochemie (Prof. Groll) ,Nachbereitung,Modulprüfung,fix,"MW 1801, Ernst-Schmidt-Hörsaal (5508.02.801) ",24.02.2023,13:00  ,13:30
CH4117,Biochemie ,Lehrstuhl für Biochemie (Prof. Groll) ,Aufbau u. Vorbereitung,Modulprüfung,fix,"004, Hörsaal 1 ""Interims II"" (5416.01.004) ",24.02.2023,10:45  ,11:30
CH4117,Biochemie ,Lehrstuhl für Biochemie (Prof. Groll) ,Prüfungstermin,Modulprüfung,fix,"004, Hörsaal 1 ""Interims II"" (5416.01.004) ",24.02.2023,11:30  ,13:00
CH4117,Biochemie ,Lehrstuhl für Biochemie (Prof. Groll) ,Nachbereitung,Modulprüfung,fix,"004, Hörsaal 1 ""Interims II"" (5416.01.004) ",24.02.2023,13:00  ,13:30
CH0575-2,Allgemeine und Anorganische Chemie ,Professur für Anorganische Chemie (Prof. Köhler) ,Aufbau u. Vorbereitung,Modulprüfung,fix,"00.02.001, MI HS 1, Friedrich L. Bauer Hörsaal (5602.EG.001) ",03.03.2023,13:30  ,14:15
CH0575-2,Allgemeine und Anorganische Chemie ,Professur für Anorganische Chemie (Prof. Köhler) ,Prüfungstermin,Modulprüfung,fix,"00.02.001, MI HS 1, Friedrich L. Bauer Hörsaal (5602.EG.001) ",03.03.2023,14:15  ,15:45
CH0575-2,Allgemeine und Anorganische Chemie ,Professur für Anorganische Chemie (Prof. Köhler) ,Nachbereitung,Modulprüfung,fix,"00.02.001, MI HS 1, Friedrich L. Bauer Hörsaal (5602.EG.001) ",03.03.2023,15:45  ,16:15
CH0136,Grundlagen des Patentrechts ,Fakultät für Chemie ,Aufbau u. Vorbereitung,Modulprüfung,fix,"2501, Rudolf-Mößbauer-Hörsaal (5101.EG.501) ",02.03.2023,10:45  ,11:30
CH0136,Grundlagen des Patentrechts ,Fakultät für Chemie ,Prüfungstermin,Modulprüfung,fix,"2501, Rudolf-Mößbauer-Hörsaal (5101.EG.501) ",02.03.2023,11:30  ,13:00
CH0136,Grundlagen des Patentrechts ,Fakultät für Chemie ,Nachbereitung,Modulprüfung,fix,"2501, Rudolf-Mößbauer-Hörsaal (5101.EG.501) ",02.03.2023,13:00  ,13:30
CH0793,Anorganische Chemie 1 ,Lehrstuhl für Anorganische und Metallorganische Chemie (Prof. Fischer) ,Aufbau u. Vorbereitung,Modulprüfung,fix,"CH 27402, Walter-Hieber-Hörsaal (5407.01.740B) ",27.02.2023,13:30  ,14:15
CH0793,Anorganische Chemie 1 ,Lehrstuhl für Anorganische und Metallorganische Chemie (Prof. Fischer) ,Prüfungstermin,Modulprüfung,fix,"CH 27402, Walter-Hieber-Hörsaal (5407.01.740B) ",27.02.2023,14:15  ,15:45
CH0793,Anorganische Chemie 1 ,Lehrstuhl für Anorganische und Metallorganische Chemie (Prof. Fischer) ,Nachbereitung,Modulprüfung,fix,"CH 27402, Walter-Hieber-Hörsaal (5407.01.740B) ",27.02.2023,15:45  ,16:15
CH3063,Angewandte Elektrochemie ,Lehrstuhl für Technische Elektrochemie (Prof. Gasteiger) ,Aufbau u. Vorbereitung,Modulprüfung,fix,"CH 21010, Hans-Fischer-Hörsaal (5401.01.101K) ",02.03.2023,10:45  ,11:30
CH3063,Angewandte Elektrochemie ,Lehrstuhl für Technische Elektrochemie (Prof. Gasteiger) ,Prüfungstermin,Modulprüfung,fix,"CH 21010, Hans-Fischer-Hörsaal (5401.01.101K) ",02.03.2023,11:30  ,13:00
CH3063,Angewandte Elektrochemie ,Lehrstuhl für Technische Elektrochemie (Prof. Gasteiger) ,Nachbereitung,Modulprüfung,fix,"CH 21010, Hans-Fischer-Hörsaal (5401.01.101K) ",02.03.2023,13:00  ,13:30
CH4115,Fortgeschrittene analytische Verfahren ,Lehrstuhl für Analytische Chemie und Wasserchemie (Prof. Elsner) ,Aufbau u. Vorbereitung,Modulprüfung,fix,"101, Hörsaal 1, ""Interims I"" (5620.01.101) ",12.04.2023,13:30  ,14:15
CH4115,Fortgeschrittene analytische Verfahren ,Lehrstuhl für Analytische Chemie und Wasserchemie (Prof. Elsner) ,Prüfungstermin,Modulprüfung,fix,"101, Hörsaal 1, ""Interims I"" (5620.01.101) ",12.04.2023,14:15  ,15:45
CH4115,Fortgeschrittene analytische Verfahren ,Lehrstuhl für Analytische Chemie und Wasserchemie (Prof. Elsner) ,Nachbereitung,Modulprüfung,fix,"101, Hörsaal 1, ""Interims I"" (5620.01.101) ",12.04.2023,15:45  ,16:15
CH4109,Grundlagen der Analytischen Chemie ,Professur für Organische Chemie (Prof. Glaser) ,Aufbau u. Vorbereitung,Modulprüfung,fix,"003, Hörsaal 2, ""Interims II"" (5416.01.003) ",12.04.2023,10:15  ,11:00
CH4109,Grundlagen der Analytischen Chemie ,Professur für Organische Chemie (Prof. Glaser) ,Prüfungstermin,Modulprüfung,fix,"003, Hörsaal 2, ""Interims II"" (5416.01.003) ",12.04.2023,11:00  ,12:00
CH4109,Grundlagen der Analytischen Chemie ,Professur für Organische Chemie (Prof. Glaser) ,Nachbereitung,Modulprüfung,fix,"003, Hörsaal 2, ""Interims II"" (5416.01.003) ",12.04.2023,12:00  ,12:30
CH1020,Chemie ,Lehrstuhl für Anorganische und Metallorganische Chemie (Prof. Fischer) ,Aufbau u. Vorbereitung,Modulprüfung,fix,"CH 26410, Übungsraum (5406.01.641K) ",03.04.2023,13:30  ,14:15
CH1020,Chemie ,Lehrstuhl für Anorganische und Metallorganische Chemie (Prof. Fischer) ,Prüfungstermin,Modulprüfung,fix,"CH 26410, Übungsraum (5406.01.641K) ",03.04.2023,14:15  ,15:45
CH1020,Chemie ,Lehrstuhl für Anorganische und Metallorganische Chemie (Prof. Fischer) ,Nachbereitung,Modulprüfung,fix,"CH 26410, Übungsraum (5406.01.641K) ",03.04.2023,15:45  ,16:15
CH3100,Technische Biokatalyse ,Lehrstuhl für Synthetische Biotechnologie (Prof. Brück) ,Aufbau u. Vorbereitung,Modulprüfung,fix,"CH 22209, Übungsraum (5402.01.220J) ",08.03.2023,13:30  ,14:15
CH3100,Technische Biokatalyse ,Lehrstuhl für Synthetische Biotechnologie (Prof. Brück) ,Prüfungstermin,Modulprüfung,fix,"CH 22209, Übungsraum (5402.01.220J) ",08.03.2023,14:15  ,15:45
CH3100,Technische Biokatalyse ,Lehrstuhl für Synthetische Biotechnologie (Prof. Brück) ,Nachbereitung,Modulprüfung,fix,"CH 22209, Übungsraum (5402.01.220J) ",08.03.2023,15:45  ,16:15
CH0118,Einführung in die Quantenmechanik ,Professur für Theoretical Methods in Spectroscopy (Prof. Ortmann) ,Aufbau u. Vorbereitung,Modulprüfung,fix,Hörsaal im Galileo nur Mo-Do 7-19 Uhr (8120.EG.001) ,13.04.2023,13:30  ,14:15
CH0118,Einführung in die Quantenmechanik ,Professur für Theoretical Methods in Spectroscopy (Prof. Ortmann) ,Prüfungstermin,Modulprüfung,fix,Hörsaal im Galileo nur Mo-Do 7-19 Uhr (8120.EG.001) ,13.04.2023,14:15  ,15:45
CH0118,Einführung in die Quantenmechanik ,Professur für Theoretical Methods in Spectroscopy (Prof. Ortmann) ,Nachbereitung,Modulprüfung,fix,Hörsaal im Galileo nur Mo-Do 7-19 Uhr (8120.EG.001) ,13.04.2023,15:45  ,16:15
CH4108,Quantenmechanik ,Professur für Theoretical Methods in Spectroscopy (Prof. Ortmann) ,Aufbau u. Vorbereitung,Modulprüfung,fix,Hörsaal im Galileo nur Mo-Do 7-19 Uhr (8120.EG.001) ,13.04.2023,13:30  ,14:15
CH4108,Quantenmechanik ,Professur für Theoretical Methods in Spectroscopy (Prof. Ortmann) ,Prüfungstermin,Modulprüfung,fix,Hörsaal im Galileo nur Mo-Do 7-19 Uhr (8120.EG.001) ,13.04.2023,14:15  ,16:15
CH4108,Quantenmechanik ,Professur für Theoretical Methods in Spectroscopy (Prof. Ortmann) ,Nachbereitung,Modulprüfung,fix,Hörsaal im Galileo nur Mo-Do 7-19 Uhr (8120.EG.001) ,13.04.2023,16:15  ,16:45
CH1091,Grundlagen der Physikalischen Chemie 1 ,Professur für Dynamische Spektroskopien (Prof. Hauer) ,Aufbau u. Vorbereitung,Modulprüfung,fix,"00.02.001, MI HS 1, Friedrich L. Bauer Hörsaal (5602.EG.001) ",23.02.2023,07:15  ,08:00
CH1091,Grundlagen der Physikalischen Chemie 1 ,Professur für Dynamische Spektroskopien (Prof. Hauer) ,Prüfungstermin,Modulprüfung,fix,"00.02.001, MI HS 1, Friedrich L. Bauer Hörsaal (5602.EG.001) ",23.02.2023,08:00  ,09:30
CH1091,Grundlagen der Physikalischen Chemie 1 ,Professur für Dynamische Spektroskopien (Prof. Hauer) ,Nachbereitung,Modulprüfung,fix,"00.02.001, MI HS 1, Friedrich L. Bauer Hörsaal (5602.EG.001) ",23.02.2023,09:30  ,10:00
CH1091,Grundlagen der Physikalischen Chemie 1 ,Professur für Dynamische Spektroskopien (Prof. Hauer) ,Aufbau u. Vorbereitung,Modulprüfung,fix,"003, Hörsaal 2, ""Interims II"" (5416.01.003) ",23.02.2023,07:15  ,08:00
CH1091,Grundlagen der Physikalischen Chemie 1 ,Professur für Dynamische Spektroskopien (Prof. Hauer) ,Prüfungstermin,Modulprüfung,fix,"003, Hörsaal 2, ""Interims II"" (5416.01.003) ",23.02.2023,08:00  ,09:30
CH1091,Grundlagen der Physikalischen Chemie 1 ,Professur für Dynamische Spektroskopien (Prof. Hauer) ,Nachbereitung,Modulprüfung,fix,"003, Hörsaal 2, ""Interims II"" (5416.01.003) ",23.02.2023,09:30  ,10:00
CH7201-1,"Physikalische Chemie 0/1, schriftliche Prüfung ",Professur für Physikalische Chemie mit Schwerpunkt Katalyse (Prof. Günther) ,Aufbau u. Vorbereitung,Modulprüfung,fix,"00.02.001, MI HS 1, Friedrich L. Bauer Hörsaal (5602.EG.001) ",23.02.2023,07:15  ,08:00
CH7201-1,"Physikalische Chemie 0/1, schriftliche Prüfung ",Professur für Physikalische Chemie mit Schwerpunkt Katalyse (Prof. Günther) ,Prüfungstermin,Modulprüfung,fix,"00.02.001, MI HS 1, Friedrich L. Bauer Hörsaal (5602.EG.001) ",23.02.2023,08:00  ,09:30
CH7201-1,"Physikalische Chemie 0/1, schriftliche Prüfung ",Professur für Physikalische Chemie mit Schwerpunkt Katalyse (Prof. Günther) ,Nachbereitung,Modulprüfung,fix,"00.02.001, MI HS 1, Friedrich L. Bauer Hörsaal (5602.EG.001) ",23.02.2023,09:30  ,10:00
CH2104,Enzymtechnologie ,Lehrstuhl für Synthetische Biotechnologie (Prof. Brück) ,Aufbau u. Vorbereitung,Modulprüfung,fix,"0001, ZEI-Seminarraum (5414.EG.001) ",14.02.2023,10:15  ,11:00
CH2104,Enzymtechnologie ,Lehrstuhl für Synthetische Biotechnologie (Prof. Brück) ,Prüfungstermin,Modulprüfung,fix,"0001, ZEI-Seminarraum (5414.EG.001) ",14.02.2023,11:00  ,12:30
CH2104,Enzymtechnologie ,Lehrstuhl für Synthetische Biotechnologie (Prof. Brück) ,Nachbereitung,Modulprüfung,fix,"0001, ZEI-Seminarraum (5414.EG.001) ",14.02.2023,12:30  ,13:00
LV0525,Makromolekulare Chemie I ,Wacker-Lehrstuhl für Makromolekulare Chemie (Prof. Rieger) ,Aufbau u. Vorbereitung,Modulprüfung,fix,"MW 0001, Gustav-Niemann-Hörsaal (5510.EG.001) ",17.02.2023,13:30  ,14:15
LV0525,Makromolekulare Chemie I ,Wacker-Lehrstuhl für Makromolekulare Chemie (Prof. Rieger) ,Prüfungstermin,Modulprüfung,fix,"MW 0001, Gustav-Niemann-Hörsaal (5510.EG.001) ",17.02.2023,14:15  ,15:15
LV0525,Makromolekulare Chemie I ,Wacker-Lehrstuhl für Makromolekulare Chemie (Prof. Rieger) ,Nachbereitung,Modulprüfung,fix,"MW 0001, Gustav-Niemann-Hörsaal (5510.EG.001) ",17.02.2023,15:15  ,15:45
CH3100,Technische Biokatalyse ,Lehrstuhl für Synthetische Biotechnologie (Prof. Brück) ,Aufbau u. Vorbereitung,Modulprüfung,fix,"CH 27402, Walter-Hieber-Hörsaal (5407.01.740B) ",13.02.2023,10:15  ,11:00
CH3100,Technische Biokatalyse ,Lehrstuhl für Synthetische Biotechnologie (Prof. Brück) ,Prüfungstermin,Modulprüfung,fix,"CH 27402, Walter-Hieber-Hörsaal (5407.01.740B) ",13.02.2023,11:00  ,12:30
CH3100,Technische Biokatalyse ,Lehrstuhl für Synthetische Biotechnologie (Prof. Brück) ,Nachbereitung,Modulprüfung,fix,"CH 27402, Walter-Hieber-Hörsaal (5407.01.740B) ",13.02.2023,12:30  ,13:00
CH0448,Biologische Chemie ,Lehrstuhl für Biotechnologie (Prof. Buchner) ,Aufbau u. Vorbereitung,Modulprüfung,fix,"MW 0001, Gustav-Niemann-Hörsaal (5510.EG.001) ",03.03.2023,07:15  ,08:00
CH0448,Biologische Chemie ,Lehrstuhl für Biotechnologie (Prof. Buchner) ,Prüfungstermin,Modulprüfung,fix,"MW 0001, Gustav-Niemann-Hörsaal (5510.EG.001) ",03.03.2023,08:00  ,09:30
CH0448,Biologische Chemie ,Lehrstuhl für Biotechnologie (Prof. Buchner) ,Nachbereitung,Modulprüfung,fix,"MW 0001, Gustav-Niemann-Hörsaal (5510.EG.001) ",03.03.2023,09:30  ,10:00
CH1212,Biologische Chemie ,Lehrstuhl für Biotechnologie (Prof. Buchner) ,Aufbau u. Vorbereitung,Modulprüfung,fix,"MW 0001, Gustav-Niemann-Hörsaal (5510.EG.001) ",03.03.2023,07:15  ,08:00
CH1212,Biologische Chemie ,Lehrstuhl für Biotechnologie (Prof. Buchner) ,Prüfungstermin,Modulprüfung,fix,"MW 0001, Gustav-Niemann-Hörsaal (5510.EG.001) ",03.03.2023,08:00  ,09:30
CH1212,Biologische Chemie ,Lehrstuhl für Biotechnologie (Prof. Buchner) ,Nachbereitung,Modulprüfung,fix,"MW 0001, Gustav-Niemann-Hörsaal (5510.EG.001) ",03.03.2023,09:30  ,10:00
CH0604,Mechanische Verfahrenstechnik ,Lehrstuhl für Technische Chemie I (Prof. Hinrichsen) ,Aufbau u. Vorbereitung,Modulprüfung,fix,"004, Hörsaal 1 ""Interims II"" (5416.01.004) ",28.03.2023,10:45  ,11:30
CH0604,Mechanische Verfahrenstechnik ,Lehrstuhl für Technische Chemie I (Prof. Hinrichsen) ,Prüfungstermin,Modulprüfung,fix,"004, Hörsaal 1 ""Interims II"" (5416.01.004) ",28.03.2023,11:30  ,13:00
CH0604,Mechanische Verfahrenstechnik ,Lehrstuhl für Technische Chemie I (Prof. Hinrichsen) ,Nachbereitung,Modulprüfung,fix,"004, Hörsaal 1 ""Interims II"" (5416.01.004) ",28.03.2023,13:00  ,13:30
CH0936-2,Biochemie 1: Einführung / Software und Datenbanken ,Professur für Proteinchemie (Prof. Zeymer) ,Aufbau u. Vorbereitung,Modulprüfung,fix,"MW 0001, Gustav-Niemann-Hörsaal (5510.EG.001) ",12.04.2023,07:15  ,08:00
CH0936-2,Biochemie 1: Einführung / Software und Datenbanken ,Professur für Proteinchemie (Prof. Zeymer) ,Prüfungstermin,Modulprüfung,fix,"MW 0001, Gustav-Niemann-Hörsaal (5510.EG.001) ",12.04.2023,08:00  ,09:30
CH0936-2,Biochemie 1: Einführung / Software und Datenbanken ,Professur für Proteinchemie (Prof. Zeymer) ,Nachbereitung,Modulprüfung,fix,"MW 0001, Gustav-Niemann-Hörsaal (5510.EG.001) ",12.04.2023,09:30  ,10:00
CH0115,Reaktivität organischer Verbindungen ,Professur für Organische Chemie (Prof. Hintermann) ,Aufbau u. Vorbereitung,Modulprüfung,fix,"MW 0001, Gustav-Niemann-Hörsaal (5510.EG.001) ",04.04.2023,15:45  ,16:30
CH0115,Reaktivität organischer Verbindungen ,Professur für Organische Chemie (Prof. Hintermann) ,Prüfungstermin,Modulprüfung,fix,"MW 0001, Gustav-Niemann-Hörsaal (5510.EG.001) ",04.04.2023,16:30  ,18:00
CH0115,Reaktivität organischer Verbindungen ,Professur für Organische Chemie (Prof. Hintermann) ,Nachbereitung,Modulprüfung,fix,"MW 0001, Gustav-Niemann-Hörsaal (5510.EG.001) ",04.04.2023,18:00  ,18:30
CH0448,Biologische Chemie ,Lehrstuhl für Biotechnologie (Prof. Buchner) ,Aufbau u. Vorbereitung,Modulprüfung,fix,"004, Hörsaal 1 ""Interims II"" (5416.01.004) ",12.04.2023,10:45  ,11:30
CH0448,Biologische Chemie ,Lehrstuhl für Biotechnologie (Prof. Buchner) ,Prüfungstermin,Modulprüfung,fix,"004, Hörsaal 1 ""Interims II"" (5416.01.004) ",12.04.2023,11:30  ,13:00
CH0448,Biologische Chemie ,Lehrstuhl für Biotechnologie (Prof. Buchner) ,Nachbereitung,Modulprüfung,fix,"004, Hörsaal 1 ""Interims II"" (5416.01.004) ",12.04.2023,13:00  ,13:30
CH1212,Biologische Chemie ,Lehrstuhl für Biotechnologie (Prof. Buchner) ,Aufbau u. Vorbereitung,Modulprüfung,fix,"004, Hörsaal 1 ""Interims II"" (5416.01.004) ",12.04.2023,10:45  ,11:30
CH1212,Biologische Chemie ,Lehrstuhl für Biotechnologie (Prof. Buchner) ,Prüfungstermin,Modulprüfung,fix,"004, Hörsaal 1 ""Interims II"" (5416.01.004) ",12.04.2023,11:30  ,13:00
CH1212,Biologische Chemie ,Lehrstuhl für Biotechnologie (Prof. Buchner) ,Nachbereitung,Modulprüfung,fix,"004, Hörsaal 1 ""Interims II"" (5416.01.004) ",12.04.2023,13:00  ,13:30
LV0525,Makromolekulare Chemie I ,Wacker-Lehrstuhl für Makromolekulare Chemie (Prof. Rieger) ,Aufbau u. Vorbereitung,Modulprüfung,fix,"CH 21010, Hans-Fischer-Hörsaal (5401.01.101K) ",12.04.2023,13:30  ,14:15
LV0525,Makromolekulare Chemie I ,Wacker-Lehrstuhl für Makromolekulare Chemie (Prof. Rieger) ,Prüfungstermin,Modulprüfung,fix,"CH 21010, Hans-Fischer-Hörsaal (5401.01.101K) ",12.04.2023,14:15  ,15:15
LV0525,Makromolekulare Chemie I ,Wacker-Lehrstuhl für Makromolekulare Chemie (Prof. Rieger) ,Nachbereitung,Modulprüfung,fix,"CH 21010, Hans-Fischer-Hörsaal (5401.01.101K) ",12.04.2023,15:15  ,15:45
