MA5417,Große Abweichungen ,Fakultät für Mathematik ,Aufbau u. Vorbereitung,Modulprüfung,geplant,"BC2 0.01.17, Hörsaal (8102.EG.117) ",14.04.2023,13:30  ,14:15
MA5417,Große Abweichungen ,Fakultät für Mathematik ,Prüfungstermin,Modulprüfung,geplant,"BC2 0.01.17, Hörsaal (8102.EG.117) ",14.04.2023,14:15  ,15:15
MA5417,Große Abweichungen ,Fakultät für Mathematik ,Nachbereitung,Modulprüfung,geplant,"BC2 0.01.17, Hörsaal (8102.EG.117) ",14.04.2023,15:15  ,15:45
MA3403,Allgemeine Lineare Modelle ,Fakultät für Mathematik ,Aufbau u. Vorbereitung,Modulprüfung,geplant,"BC2 0.01.17, Hörsaal (8102.EG.117) ",04.04.2023,10:15  ,11:00
MA3403,Allgemeine Lineare Modelle ,Fakultät für Mathematik ,Prüfungstermin,Modulprüfung,geplant,"BC2 0.01.17, Hörsaal (8102.EG.117) ",04.04.2023,11:00  ,12:30
MA3403,Allgemeine Lineare Modelle ,Fakultät für Mathematik ,Nachbereitung,Modulprüfung,geplant,"BC2 0.01.17, Hörsaal (8102.EG.117) ",04.04.2023,12:30  ,13:00
MA3601,Mathematische Modelle in der Biologie ,Fakultät für Mathematik ,Aufbau u. Vorbereitung,Modulprüfung,geplant,"1450, Willy-Messerschmitt-Zeichensaal (5504.01.450) ",04.04.2023,13:30  ,14:15
MA3601,Mathematische Modelle in der Biologie ,Fakultät für Mathematik ,Prüfungstermin,Modulprüfung,geplant,"1450, Willy-Messerschmitt-Zeichensaal (5504.01.450) ",04.04.2023,14:15  ,15:45
MA3601,Mathematische Modelle in der Biologie ,Fakultät für Mathematik ,Nachbereitung,Modulprüfung,geplant,"1450, Willy-Messerschmitt-Zeichensaal (5504.01.450) ",04.04.2023,15:45  ,16:15
MA0902,Analysis für Informatik ,Fakultät für Mathematik ,Aufbau u. Vorbereitung,Modulprüfung,fix,MW 2001 Rudolf-Diesel-Hörsaal (5510.02.001) ,11.04.2023,13:30  ,14:15
MA0902,Analysis für Informatik ,Fakultät für Mathematik ,Prüfungstermin,Modulprüfung,fix,MW 2001 Rudolf-Diesel-Hörsaal (5510.02.001) ,11.04.2023,14:15  ,15:45
MA0902,Analysis für Informatik ,Fakultät für Mathematik ,Nachbereitung,Modulprüfung,fix,MW 2001 Rudolf-Diesel-Hörsaal (5510.02.001) ,11.04.2023,15:45  ,16:15
MA0902,Analysis für Informatik ,Fakultät für Mathematik ,Aufbau u. Vorbereitung,Modulprüfung,fix,"MW 1801, Ernst-Schmidt-Hörsaal (5508.02.801) ",11.04.2023,13:30  ,14:15
MA0902,Analysis für Informatik ,Fakultät für Mathematik ,Prüfungstermin,Modulprüfung,fix,"MW 1801, Ernst-Schmidt-Hörsaal (5508.02.801) ",11.04.2023,14:15  ,15:45
MA0902,Analysis für Informatik ,Fakultät für Mathematik ,Nachbereitung,Modulprüfung,fix,"MW 1801, Ernst-Schmidt-Hörsaal (5508.02.801) ",11.04.2023,15:45  ,16:15
MA0902,Analysis für Informatik ,Fakultät für Mathematik ,Aufbau u. Vorbereitung,Modulprüfung,fix,Audimax im Galileo nur Mo-Di 7-19 Uhr (8120.01.101) ,11.04.2023,13:30  ,14:15
MA0902,Analysis für Informatik ,Fakultät für Mathematik ,Prüfungstermin,Modulprüfung,fix,Audimax im Galileo nur Mo-Di 7-19 Uhr (8120.01.101) ,11.04.2023,14:15  ,15:45
MA0902,Analysis für Informatik ,Fakultät für Mathematik ,Nachbereitung,Modulprüfung,fix,Audimax im Galileo nur Mo-Di 7-19 Uhr (8120.01.101) ,11.04.2023,15:45  ,16:15
MA9711M,Mathematische Behandlung der Natur- und Wirtschaftswissenschaften 1 ,Fakultät für Mathematik ,Aufbau u. Vorbereitung,Modulprüfung,fix,"N 1189, Hans-Piloty-Hörsaal (0101.02.189) ",12.04.2023,13:30  ,14:15
MA9711M,Mathematische Behandlung der Natur- und Wirtschaftswissenschaften 1 ,Fakultät für Mathematik ,Prüfungstermin,Modulprüfung,fix,"N 1189, Hans-Piloty-Hörsaal (0101.02.189) ",12.04.2023,14:15  ,15:45
MA9711M,Mathematische Behandlung der Natur- und Wirtschaftswissenschaften 1 ,Fakultät für Mathematik ,Nachbereitung,Modulprüfung,fix,"N 1189, Hans-Piloty-Hörsaal (0101.02.189) ",12.04.2023,15:45  ,16:15
MA9711M,Mathematische Behandlung der Natur- und Wirtschaftswissenschaften 1 ,Fakultät für Mathematik ,Aufbau u. Vorbereitung,Modulprüfung,fix,"0980, Audimax (0509.EG.980) ",12.04.2023,13:30  ,14:15
MA9711M,Mathematische Behandlung der Natur- und Wirtschaftswissenschaften 1 ,Fakultät für Mathematik ,Prüfungstermin,Modulprüfung,fix,"0980, Audimax (0509.EG.980) ",12.04.2023,14:15  ,15:45
MA9711M,Mathematische Behandlung der Natur- und Wirtschaftswissenschaften 1 ,Fakultät für Mathematik ,Nachbereitung,Modulprüfung,fix,"0980, Audimax (0509.EG.980) ",12.04.2023,15:45  ,16:15
MA5120,Algebra 2 ,Fakultät für Mathematik ,Aufbau u. Vorbereitung,Modulprüfung,fix,"004, Hörsaal 1 ""Interims II"" (5416.01.004) ",11.04.2023,13:30  ,14:15
MA5120,Algebra 2 ,Fakultät für Mathematik ,Prüfungstermin,Modulprüfung,fix,"004, Hörsaal 1 ""Interims II"" (5416.01.004) ",11.04.2023,14:15  ,15:45
MA5120,Algebra 2 ,Fakultät für Mathematik ,Nachbereitung,Modulprüfung,fix,"004, Hörsaal 1 ""Interims II"" (5416.01.004) ",11.04.2023,15:45  ,16:15
MA3442,Risikotheorie in Versicherungen ,Fakultät für Mathematik ,Aufbau u. Vorbereitung,Modulprüfung,geplant,"BC2 0.01.16, Hörsaal (8102.EG.116) ",11.04.2023,13:30  ,14:15
MA3442,Risikotheorie in Versicherungen ,Fakultät für Mathematik ,Prüfungstermin,Modulprüfung,geplant,"BC2 0.01.16, Hörsaal (8102.EG.116) ",11.04.2023,14:15  ,15:15
MA3442,Risikotheorie in Versicherungen ,Fakultät für Mathematik ,Nachbereitung,Modulprüfung,geplant,"BC2 0.01.16, Hörsaal (8102.EG.116) ",11.04.2023,15:15  ,15:45
MA3411,Zeitreihenanalyse ,Fakultät für Mathematik ,Aufbau u. Vorbereitung,Modulprüfung,geplant,"BC2 3.5.06, Hörsaal (8102.03.506) ",14.04.2023,10:45  ,11:30
MA3411,Zeitreihenanalyse ,Fakultät für Mathematik ,Prüfungstermin,Modulprüfung,geplant,"BC2 3.5.06, Hörsaal (8102.03.506) ",14.04.2023,11:30  ,13:00
MA3411,Zeitreihenanalyse ,Fakultät für Mathematik ,Nachbereitung,Modulprüfung,geplant,"BC2 3.5.06, Hörsaal (8102.03.506) ",14.04.2023,13:00  ,13:30
MA9602,Einführung in die Statistik ,Fakultät für Mathematik ,Aufbau u. Vorbereitung,Modulprüfung,geplant,"131, Speisesaal 2 (Mensa 2, Seminarraum) (4216.01.131) ",13.02.2023,15:45  ,16:30
MA9602,Einführung in die Statistik ,Fakultät für Mathematik ,Prüfungstermin,Modulprüfung,geplant,"131, Speisesaal 2 (Mensa 2, Seminarraum) (4216.01.131) ",13.02.2023,16:30  ,17:30
MA9602,Einführung in die Statistik ,Fakultät für Mathematik ,Nachbereitung,Modulprüfung,geplant,"131, Speisesaal 2 (Mensa 2, Seminarraum) (4216.01.131) ",13.02.2023,17:30  ,18:00
MA9602,Einführung in die Statistik ,Fakultät für Mathematik ,Aufbau u. Vorbereitung,Modulprüfung,geplant,"129, Speisesaal 3 (Mensa 3, Seminarraum) (4216.01.129) ",13.02.2023,15:45  ,16:30
MA9602,Einführung in die Statistik ,Fakultät für Mathematik ,Prüfungstermin,Modulprüfung,geplant,"129, Speisesaal 3 (Mensa 3, Seminarraum) (4216.01.129) ",13.02.2023,16:30  ,17:30
MA9602,Einführung in die Statistik ,Fakultät für Mathematik ,Nachbereitung,Modulprüfung,geplant,"129, Speisesaal 3 (Mensa 3, Seminarraum) (4216.01.129) ",13.02.2023,17:30  ,18:00
MA9615,Höhere Mathematik ,Fakultät für Mathematik ,Aufbau u. Vorbereitung,Modulprüfung,geplant,"HO10, Hörsaal 16 Carl-Kronacher-Hörsaal (WZWH16) (4214.EG.010) ",16.02.2023,15:45  ,16:30
MA9615,Höhere Mathematik ,Fakultät für Mathematik ,Prüfungstermin,Modulprüfung,geplant,"HO10, Hörsaal 16 Carl-Kronacher-Hörsaal (WZWH16) (4214.EG.010) ",16.02.2023,16:30  ,18:30
MA9615,Höhere Mathematik ,Fakultät für Mathematik ,Nachbereitung,Modulprüfung,geplant,"HO10, Hörsaal 16 Carl-Kronacher-Hörsaal (WZWH16) (4214.EG.010) ",16.02.2023,18:30  ,19:00
MA9615,Höhere Mathematik ,Fakultät für Mathematik ,Aufbau u. Vorbereitung,Modulprüfung,geplant,"HU34, Seminarraum 3 (WZWS03) (4214.U1.034) ",16.02.2023,15:45  ,16:30
MA9615,Höhere Mathematik ,Fakultät für Mathematik ,Prüfungstermin,Modulprüfung,geplant,"HU34, Seminarraum 3 (WZWS03) (4214.U1.034) ",16.02.2023,16:30  ,18:30
MA9615,Höhere Mathematik ,Fakultät für Mathematik ,Nachbereitung,Modulprüfung,geplant,"HU34, Seminarraum 3 (WZWS03) (4214.U1.034) ",16.02.2023,18:30  ,19:00
MA9711M,Mathematische Behandlung der Natur- und Wirtschaftswissenschaften 1 ,Fakultät für Mathematik ,Aufbau u. Vorbereitung,Modulprüfung,fix,MW 2001 Rudolf-Diesel-Hörsaal (5510.02.001) ,14.02.2023,13:30  ,14:15
MA9711M,Mathematische Behandlung der Natur- und Wirtschaftswissenschaften 1 ,Fakultät für Mathematik ,Prüfungstermin,Modulprüfung,fix,MW 2001 Rudolf-Diesel-Hörsaal (5510.02.001) ,14.02.2023,14:15  ,15:45
MA9711M,Mathematische Behandlung der Natur- und Wirtschaftswissenschaften 1 ,Fakultät für Mathematik ,Nachbereitung,Modulprüfung,fix,MW 2001 Rudolf-Diesel-Hörsaal (5510.02.001) ,14.02.2023,15:45  ,16:15
MA9711M,Mathematische Behandlung der Natur- und Wirtschaftswissenschaften 1 ,Fakultät für Mathematik ,Aufbau u. Vorbereitung,Modulprüfung,fix,"101, Hörsaal 1, ""Interims I"" (5620.01.101) ",14.02.2023,13:30  ,14:15
MA9711M,Mathematische Behandlung der Natur- und Wirtschaftswissenschaften 1 ,Fakultät für Mathematik ,Prüfungstermin,Modulprüfung,fix,"101, Hörsaal 1, ""Interims I"" (5620.01.101) ",14.02.2023,14:15  ,15:45
MA9711M,Mathematische Behandlung der Natur- und Wirtschaftswissenschaften 1 ,Fakultät für Mathematik ,Nachbereitung,Modulprüfung,fix,"101, Hörsaal 1, ""Interims I"" (5620.01.101) ",14.02.2023,15:45  ,16:15
MA9711M,Mathematische Behandlung der Natur- und Wirtschaftswissenschaften 1 ,Fakultät für Mathematik ,Aufbau u. Vorbereitung,Modulprüfung,fix,"00.02.001, MI HS 1, Friedrich L. Bauer Hörsaal (5602.EG.001) ",14.02.2023,13:30  ,14:15
MA9711M,Mathematische Behandlung der Natur- und Wirtschaftswissenschaften 1 ,Fakultät für Mathematik ,Prüfungstermin,Modulprüfung,fix,"00.02.001, MI HS 1, Friedrich L. Bauer Hörsaal (5602.EG.001) ",14.02.2023,14:15  ,15:45
MA9711M,Mathematische Behandlung der Natur- und Wirtschaftswissenschaften 1 ,Fakultät für Mathematik ,Nachbereitung,Modulprüfung,fix,"00.02.001, MI HS 1, Friedrich L. Bauer Hörsaal (5602.EG.001) ",14.02.2023,15:45  ,16:15
MA9711M,Mathematische Behandlung der Natur- und Wirtschaftswissenschaften 1 ,Fakultät für Mathematik ,Aufbau u. Vorbereitung,Modulprüfung,fix,"004, Hörsaal 1 ""Interims II"" (5416.01.004) ",14.02.2023,13:30  ,14:15
MA9711M,Mathematische Behandlung der Natur- und Wirtschaftswissenschaften 1 ,Fakultät für Mathematik ,Prüfungstermin,Modulprüfung,fix,"004, Hörsaal 1 ""Interims II"" (5416.01.004) ",14.02.2023,14:15  ,15:45
MA9711M,Mathematische Behandlung der Natur- und Wirtschaftswissenschaften 1 ,Fakultät für Mathematik ,Nachbereitung,Modulprüfung,fix,"004, Hörsaal 1 ""Interims II"" (5416.01.004) ",14.02.2023,15:45  ,16:15
MA9711M,Mathematische Behandlung der Natur- und Wirtschaftswissenschaften 1 ,Fakultät für Mathematik ,Aufbau u. Vorbereitung,Modulprüfung,fix,Audimax im Galileo nur Mo-Di 7-19 Uhr (8120.01.101) ,14.02.2023,13:30  ,14:15
MA9711M,Mathematische Behandlung der Natur- und Wirtschaftswissenschaften 1 ,Fakultät für Mathematik ,Prüfungstermin,Modulprüfung,fix,Audimax im Galileo nur Mo-Di 7-19 Uhr (8120.01.101) ,14.02.2023,14:15  ,15:45
MA9711M,Mathematische Behandlung der Natur- und Wirtschaftswissenschaften 1 ,Fakultät für Mathematik ,Nachbereitung,Modulprüfung,fix,Audimax im Galileo nur Mo-Di 7-19 Uhr (8120.01.101) ,14.02.2023,15:45  ,16:15
MA9614,Statistik ,Fakultät für Mathematik ,Aufbau u. Vorbereitung,Modulprüfung,geplant,"129, Speisesaal 3 (Mensa 3, Seminarraum) (4216.01.129) ",17.02.2023,16:15  ,17:00
MA9614,Statistik ,Fakultät für Mathematik ,Prüfungstermin,Modulprüfung,geplant,"129, Speisesaal 3 (Mensa 3, Seminarraum) (4216.01.129) ",17.02.2023,17:00  ,19:00
MA9614,Statistik ,Fakultät für Mathematik ,Nachbereitung,Modulprüfung,geplant,"129, Speisesaal 3 (Mensa 3, Seminarraum) (4216.01.129) ",17.02.2023,19:00  ,19:30
MA9204,Prüfung zu Mathematik für Physiker 4 ,Fakultät für Mathematik ,Aufbau u. Vorbereitung,Modulprüfung,fix,"MW 0001, Gustav-Niemann-Hörsaal (5510.EG.001) ",16.02.2023,10:45  ,11:30
MA9204,Prüfung zu Mathematik für Physiker 4 ,Fakultät für Mathematik ,Prüfungstermin,Modulprüfung,fix,"MW 0001, Gustav-Niemann-Hörsaal (5510.EG.001) ",16.02.2023,11:30  ,13:00
MA9204,Prüfung zu Mathematik für Physiker 4 ,Fakultät für Mathematik ,Nachbereitung,Modulprüfung,fix,"MW 0001, Gustav-Niemann-Hörsaal (5510.EG.001) ",16.02.2023,13:00  ,13:30
MA9204,Prüfung zu Mathematik für Physiker 4 ,Fakultät für Mathematik ,Aufbau u. Vorbereitung,Modulprüfung,fix,"102, Hörsaal 2, ""Interims I"" (5620.01.102) ",16.02.2023,10:45  ,11:30
MA9204,Prüfung zu Mathematik für Physiker 4 ,Fakultät für Mathematik ,Prüfungstermin,Modulprüfung,fix,"102, Hörsaal 2, ""Interims I"" (5620.01.102) ",16.02.2023,11:30  ,13:00
MA9204,Prüfung zu Mathematik für Physiker 4 ,Fakultät für Mathematik ,Nachbereitung,Modulprüfung,fix,"102, Hörsaal 2, ""Interims I"" (5620.01.102) ",16.02.2023,13:00  ,13:30
MA9411,Analysis 1 (EI),Fakultät für Mathematik ,Aufbau u. Vorbereitung,Modulprüfung,fix,"MW 0001, Gustav-Niemann-Hörsaal (5510.EG.001) ",20.02.2023,10:45  ,11:30
MA9411,Analysis 1 (EI),Fakultät für Mathematik ,Prüfungstermin,Modulprüfung,fix,"MW 0001, Gustav-Niemann-Hörsaal (5510.EG.001) ",20.02.2023,11:30  ,13:00
MA9411,Analysis 1 (EI),Fakultät für Mathematik ,Nachbereitung,Modulprüfung,fix,"MW 0001, Gustav-Niemann-Hörsaal (5510.EG.001) ",20.02.2023,13:00  ,13:30
MA9411,Analysis 1 (EI),Fakultät für Mathematik ,Aufbau u. Vorbereitung,Modulprüfung,fix,"MW 1801, Ernst-Schmidt-Hörsaal (5508.02.801) ",20.02.2023,10:45  ,11:30
MA9411,Analysis 1 (EI),Fakultät für Mathematik ,Prüfungstermin,Modulprüfung,fix,"MW 1801, Ernst-Schmidt-Hörsaal (5508.02.801) ",20.02.2023,11:30  ,13:00
MA9411,Analysis 1 (EI),Fakultät für Mathematik ,Nachbereitung,Modulprüfung,fix,"MW 1801, Ernst-Schmidt-Hörsaal (5508.02.801) ",20.02.2023,13:00  ,13:30
MA9411,Analysis 1 (EI),Fakultät für Mathematik ,Aufbau u. Vorbereitung,Modulprüfung,fix,"004, Hörsaal 1 ""Interims II"" (5416.01.004) ",20.02.2023,10:45  ,11:30
MA9411,Analysis 1 (EI),Fakultät für Mathematik ,Prüfungstermin,Modulprüfung,fix,"004, Hörsaal 1 ""Interims II"" (5416.01.004) ",20.02.2023,11:30  ,13:00
MA9411,Analysis 1 (EI),Fakultät für Mathematik ,Nachbereitung,Modulprüfung,fix,"004, Hörsaal 1 ""Interims II"" (5416.01.004) ",20.02.2023,13:00  ,13:30
MA9411,Analysis 1 (EI),Fakultät für Mathematik ,Aufbau u. Vorbereitung,Modulprüfung,fix,Audimax im Galileo nur Mo-Di 7-19 Uhr (8120.01.101) ,20.02.2023,10:45  ,11:30
MA9411,Analysis 1 (EI),Fakultät für Mathematik ,Prüfungstermin,Modulprüfung,fix,Audimax im Galileo nur Mo-Di 7-19 Uhr (8120.01.101) ,20.02.2023,11:30  ,13:00
MA9411,Analysis 1 (EI),Fakultät für Mathematik ,Nachbereitung,Modulprüfung,fix,Audimax im Galileo nur Mo-Di 7-19 Uhr (8120.01.101) ,20.02.2023,13:00  ,13:30
MA3411,Zeitreihenanalyse ,Fakultät für Mathematik ,Aufbau u. Vorbereitung,Modulprüfung,geplant,"BC2 0.01.17, Hörsaal (8102.EG.117) ",01.03.2023,10:45  ,11:30
MA3411,Zeitreihenanalyse ,Fakultät für Mathematik ,Prüfungstermin,Modulprüfung,geplant,"BC2 0.01.17, Hörsaal (8102.EG.117) ",01.03.2023,11:30  ,13:00
MA3411,Zeitreihenanalyse ,Fakultät für Mathematik ,Nachbereitung,Modulprüfung,geplant,"BC2 0.01.17, Hörsaal (8102.EG.117) ",01.03.2023,13:00  ,13:30
MA3411,Zeitreihenanalyse ,Fakultät für Mathematik ,Aufbau u. Vorbereitung,Modulprüfung,geplant,"BC2 3.5.06, Hörsaal (8102.03.506) ",01.03.2023,10:45  ,11:30
MA3411,Zeitreihenanalyse ,Fakultät für Mathematik ,Prüfungstermin,Modulprüfung,geplant,"BC2 3.5.06, Hörsaal (8102.03.506) ",01.03.2023,11:30  ,13:00
MA3411,Zeitreihenanalyse ,Fakultät für Mathematik ,Nachbereitung,Modulprüfung,geplant,"BC2 3.5.06, Hörsaal (8102.03.506) ",01.03.2023,13:00  ,13:30
MA0008,Numerik ,Fakultät für Mathematik ,Aufbau u. Vorbereitung,Modulprüfung,fix,"MW 0001, Gustav-Niemann-Hörsaal (5510.EG.001) ",21.02.2023,13:30  ,14:15
MA0008,Numerik ,Fakultät für Mathematik ,Prüfungstermin,Modulprüfung,fix,"MW 0001, Gustav-Niemann-Hörsaal (5510.EG.001) ",21.02.2023,14:15  ,15:45
MA0008,Numerik ,Fakultät für Mathematik ,Nachbereitung,Modulprüfung,fix,"MW 0001, Gustav-Niemann-Hörsaal (5510.EG.001) ",21.02.2023,15:45  ,16:15
MA9302,Höhere Mathematik 2 ,Fakultät für Mathematik ,Aufbau u. Vorbereitung,Modulprüfung,fix,MW 2001 Rudolf-Diesel-Hörsaal (5510.02.001) ,23.02.2023,13:30  ,14:15
MA9302,Höhere Mathematik 2 ,Fakultät für Mathematik ,Prüfungstermin,Modulprüfung,fix,MW 2001 Rudolf-Diesel-Hörsaal (5510.02.001) ,23.02.2023,14:15  ,15:45
MA9302,Höhere Mathematik 2 ,Fakultät für Mathematik ,Nachbereitung,Modulprüfung,fix,MW 2001 Rudolf-Diesel-Hörsaal (5510.02.001) ,23.02.2023,15:45  ,16:15
MA9302,Höhere Mathematik 2 ,Fakultät für Mathematik ,Aufbau u. Vorbereitung,Modulprüfung,fix,"004, Hörsaal 1 ""Interims II"" (5416.01.004) ",23.02.2023,13:30  ,14:15
MA9302,Höhere Mathematik 2 ,Fakultät für Mathematik ,Prüfungstermin,Modulprüfung,fix,"004, Hörsaal 1 ""Interims II"" (5416.01.004) ",23.02.2023,14:15  ,15:45
MA9302,Höhere Mathematik 2 ,Fakultät für Mathematik ,Nachbereitung,Modulprüfung,fix,"004, Hörsaal 1 ""Interims II"" (5416.01.004) ",23.02.2023,15:45  ,16:15
MA0001,Analysis 1 ,Fakultät für Mathematik ,Aufbau u. Vorbereitung,Modulprüfung,fix,"101, Hörsaal 1, ""Interims I"" (5620.01.101) ",23.02.2023,10:15  ,11:00
MA0001,Analysis 1 ,Fakultät für Mathematik ,Prüfungstermin,Modulprüfung,fix,"101, Hörsaal 1, ""Interims I"" (5620.01.101) ",23.02.2023,11:00  ,13:00
MA0001,Analysis 1 ,Fakultät für Mathematik ,Nachbereitung,Modulprüfung,fix,"101, Hörsaal 1, ""Interims I"" (5620.01.101) ",23.02.2023,13:00  ,13:30
MA0001,Analysis 1 ,Fakultät für Mathematik ,Aufbau u. Vorbereitung,Modulprüfung,fix,"004, Hörsaal 1 ""Interims II"" (5416.01.004) ",23.02.2023,10:15  ,11:00
MA0001,Analysis 1 ,Fakultät für Mathematik ,Prüfungstermin,Modulprüfung,fix,"004, Hörsaal 1 ""Interims II"" (5416.01.004) ",23.02.2023,11:00  ,13:00
MA0001,Analysis 1 ,Fakultät für Mathematik ,Nachbereitung,Modulprüfung,fix,"004, Hörsaal 1 ""Interims II"" (5416.01.004) ",23.02.2023,13:00  ,13:30
MA9409,Lineare Algebra (EI),Fakultät für Mathematik ,Aufbau u. Vorbereitung,Modulprüfung,fix,MW 2001 Rudolf-Diesel-Hörsaal (5510.02.001) ,27.02.2023,13:30  ,14:15
MA9409,Lineare Algebra (EI),Fakultät für Mathematik ,Prüfungstermin,Modulprüfung,fix,MW 2001 Rudolf-Diesel-Hörsaal (5510.02.001) ,27.02.2023,14:15  ,15:45
MA9409,Lineare Algebra (EI),Fakultät für Mathematik ,Nachbereitung,Modulprüfung,fix,MW 2001 Rudolf-Diesel-Hörsaal (5510.02.001) ,27.02.2023,15:45  ,16:15
MA9409,Lineare Algebra (EI),Fakultät für Mathematik ,Aufbau u. Vorbereitung,Modulprüfung,fix,"MW 0001, Gustav-Niemann-Hörsaal (5510.EG.001) ",27.02.2023,13:30  ,14:15
MA9409,Lineare Algebra (EI),Fakultät für Mathematik ,Prüfungstermin,Modulprüfung,fix,"MW 0001, Gustav-Niemann-Hörsaal (5510.EG.001) ",27.02.2023,14:15  ,15:45
MA9409,Lineare Algebra (EI),Fakultät für Mathematik ,Nachbereitung,Modulprüfung,fix,"MW 0001, Gustav-Niemann-Hörsaal (5510.EG.001) ",27.02.2023,15:45  ,16:15
MA9409,Lineare Algebra (EI),Fakultät für Mathematik ,Aufbau u. Vorbereitung,Modulprüfung,fix,"101, Hörsaal 1, ""Interims I"" (5620.01.101) ",27.02.2023,13:30  ,14:15
MA9409,Lineare Algebra (EI),Fakultät für Mathematik ,Prüfungstermin,Modulprüfung,fix,"101, Hörsaal 1, ""Interims I"" (5620.01.101) ",27.02.2023,14:15  ,15:45
MA9409,Lineare Algebra (EI),Fakultät für Mathematik ,Nachbereitung,Modulprüfung,fix,"101, Hörsaal 1, ""Interims I"" (5620.01.101) ",27.02.2023,15:45  ,16:15
MA9409,Lineare Algebra (EI),Fakultät für Mathematik ,Aufbau u. Vorbereitung,Modulprüfung,fix,"00.02.001, MI HS 1, Friedrich L. Bauer Hörsaal (5602.EG.001) ",27.02.2023,13:30  ,14:15
MA9409,Lineare Algebra (EI),Fakultät für Mathematik ,Prüfungstermin,Modulprüfung,fix,"00.02.001, MI HS 1, Friedrich L. Bauer Hörsaal (5602.EG.001) ",27.02.2023,14:15  ,15:45
MA9409,Lineare Algebra (EI),Fakultät für Mathematik ,Nachbereitung,Modulprüfung,fix,"00.02.001, MI HS 1, Friedrich L. Bauer Hörsaal (5602.EG.001) ",27.02.2023,15:45  ,16:15
MA9409,Lineare Algebra (EI),Fakultät für Mathematik ,Aufbau u. Vorbereitung,Modulprüfung,fix,"MW 1801, Ernst-Schmidt-Hörsaal (5508.02.801) ",27.02.2023,13:30  ,14:15
MA9409,Lineare Algebra (EI),Fakultät für Mathematik ,Prüfungstermin,Modulprüfung,fix,"MW 1801, Ernst-Schmidt-Hörsaal (5508.02.801) ",27.02.2023,14:15  ,15:45
MA9409,Lineare Algebra (EI),Fakultät für Mathematik ,Nachbereitung,Modulprüfung,fix,"MW 1801, Ernst-Schmidt-Hörsaal (5508.02.801) ",27.02.2023,15:45  ,16:15
MA9413,Analysis 3 (EI),Fakultät für Mathematik ,Aufbau u. Vorbereitung,Modulprüfung,fix,"1200, Carl-von-Linde-Hörsaal (0502.01.200) ",28.02.2023,07:15  ,08:00
MA9413,Analysis 3 (EI),Fakultät für Mathematik ,Prüfungstermin,Modulprüfung,fix,"1200, Carl-von-Linde-Hörsaal (0502.01.200) ",28.02.2023,08:00  ,09:30
MA9413,Analysis 3 (EI),Fakultät für Mathematik ,Nachbereitung,Modulprüfung,fix,"1200, Carl-von-Linde-Hörsaal (0502.01.200) ",28.02.2023,09:30  ,10:00
MA9413,Analysis 3 (EI),Fakultät für Mathematik ,Aufbau u. Vorbereitung,Modulprüfung,fix,"0980, Audimax (0509.EG.980) ",28.02.2023,07:15  ,08:00
MA9413,Analysis 3 (EI),Fakultät für Mathematik ,Prüfungstermin,Modulprüfung,fix,"0980, Audimax (0509.EG.980) ",28.02.2023,08:00  ,09:30
MA9413,Analysis 3 (EI),Fakultät für Mathematik ,Nachbereitung,Modulprüfung,fix,"0980, Audimax (0509.EG.980) ",28.02.2023,09:30  ,10:00
MA9202,Prüfung zu Mathematik für Physiker 2 ,Fakultät für Mathematik ,Aufbau u. Vorbereitung,Modulprüfung,fix,"MW 0001, Gustav-Niemann-Hörsaal (5510.EG.001) ",03.03.2023,10:45  ,11:30
MA9202,Prüfung zu Mathematik für Physiker 2 ,Fakultät für Mathematik ,Prüfungstermin,Modulprüfung,fix,"MW 0001, Gustav-Niemann-Hörsaal (5510.EG.001) ",03.03.2023,11:30  ,13:00
MA9202,Prüfung zu Mathematik für Physiker 2 ,Fakultät für Mathematik ,Nachbereitung,Modulprüfung,fix,"MW 0001, Gustav-Niemann-Hörsaal (5510.EG.001) ",03.03.2023,13:00  ,13:30
MA9202,Prüfung zu Mathematik für Physiker 2 ,Fakultät für Mathematik ,Aufbau u. Vorbereitung,Modulprüfung,fix,"00.02.001, MI HS 1, Friedrich L. Bauer Hörsaal (5602.EG.001) ",03.03.2023,10:45  ,11:30
MA9202,Prüfung zu Mathematik für Physiker 2 ,Fakultät für Mathematik ,Prüfungstermin,Modulprüfung,fix,"00.02.001, MI HS 1, Friedrich L. Bauer Hörsaal (5602.EG.001) ",03.03.2023,11:30  ,13:00
MA9202,Prüfung zu Mathematik für Physiker 2 ,Fakultät für Mathematik ,Nachbereitung,Modulprüfung,fix,"00.02.001, MI HS 1, Friedrich L. Bauer Hörsaal (5602.EG.001) ",03.03.2023,13:00  ,13:30
MA9202,Prüfung zu Mathematik für Physiker 2 ,Fakultät für Mathematik ,Aufbau u. Vorbereitung,Modulprüfung,fix,"004, Hörsaal 1 ""Interims II"" (5416.01.004) ",03.03.2023,10:45  ,11:30
MA9202,Prüfung zu Mathematik für Physiker 2 ,Fakultät für Mathematik ,Prüfungstermin,Modulprüfung,fix,"004, Hörsaal 1 ""Interims II"" (5416.01.004) ",03.03.2023,11:30  ,13:00
MA9202,Prüfung zu Mathematik für Physiker 2 ,Fakultät für Mathematik ,Nachbereitung,Modulprüfung,fix,"004, Hörsaal 1 ""Interims II"" (5416.01.004) ",03.03.2023,13:00  ,13:30
MA9301,Höhere Mathematik 1 ,Fakultät für Mathematik ,Aufbau u. Vorbereitung,Modulprüfung,fix,MW 2001 Rudolf-Diesel-Hörsaal (5510.02.001) ,01.03.2023,10:45  ,11:30
MA9301,Höhere Mathematik 1 ,Fakultät für Mathematik ,Prüfungstermin,Modulprüfung,fix,MW 2001 Rudolf-Diesel-Hörsaal (5510.02.001) ,01.03.2023,11:30  ,13:00
MA9301,Höhere Mathematik 1 ,Fakultät für Mathematik ,Nachbereitung,Modulprüfung,fix,MW 2001 Rudolf-Diesel-Hörsaal (5510.02.001) ,01.03.2023,13:00  ,13:30
MA9301,Höhere Mathematik 1 ,Fakultät für Mathematik ,Aufbau u. Vorbereitung,Modulprüfung,fix,"MW 0001, Gustav-Niemann-Hörsaal (5510.EG.001) ",01.03.2023,10:45  ,11:30
MA9301,Höhere Mathematik 1 ,Fakultät für Mathematik ,Prüfungstermin,Modulprüfung,fix,"MW 0001, Gustav-Niemann-Hörsaal (5510.EG.001) ",01.03.2023,11:30  ,13:00
MA9301,Höhere Mathematik 1 ,Fakultät für Mathematik ,Nachbereitung,Modulprüfung,fix,"MW 0001, Gustav-Niemann-Hörsaal (5510.EG.001) ",01.03.2023,13:00  ,13:30
MA9301,Höhere Mathematik 1 ,Fakultät für Mathematik ,Aufbau u. Vorbereitung,Modulprüfung,fix,"101, Hörsaal 1, ""Interims I"" (5620.01.101) ",01.03.2023,10:45  ,11:30
MA9301,Höhere Mathematik 1 ,Fakultät für Mathematik ,Prüfungstermin,Modulprüfung,fix,"101, Hörsaal 1, ""Interims I"" (5620.01.101) ",01.03.2023,11:30  ,13:00
MA9301,Höhere Mathematik 1 ,Fakultät für Mathematik ,Nachbereitung,Modulprüfung,fix,"101, Hörsaal 1, ""Interims I"" (5620.01.101) ",01.03.2023,13:00  ,13:30
MA9301,Höhere Mathematik 1 ,Fakultät für Mathematik ,Aufbau u. Vorbereitung,Modulprüfung,fix,"003, Hörsaal 2, ""Interims II"" (5416.01.003) ",01.03.2023,10:45  ,11:30
MA9301,Höhere Mathematik 1 ,Fakultät für Mathematik ,Prüfungstermin,Modulprüfung,fix,"003, Hörsaal 2, ""Interims II"" (5416.01.003) ",01.03.2023,11:30  ,13:00
MA9301,Höhere Mathematik 1 ,Fakultät für Mathematik ,Nachbereitung,Modulprüfung,fix,"003, Hörsaal 2, ""Interims II"" (5416.01.003) ",01.03.2023,13:00  ,13:30
MA9301,Höhere Mathematik 1 ,Fakultät für Mathematik ,Aufbau u. Vorbereitung,Modulprüfung,fix,"2501, Rudolf-Mößbauer-Hörsaal (5101.EG.501) ",01.03.2023,10:45  ,11:30
MA9301,Höhere Mathematik 1 ,Fakultät für Mathematik ,Prüfungstermin,Modulprüfung,fix,"2501, Rudolf-Mößbauer-Hörsaal (5101.EG.501) ",01.03.2023,11:30  ,13:00
MA9301,Höhere Mathematik 1 ,Fakultät für Mathematik ,Nachbereitung,Modulprüfung,fix,"2501, Rudolf-Mößbauer-Hörsaal (5101.EG.501) ",01.03.2023,13:00  ,13:30
MA0004,Lineare Algebra 1 ,Fakultät für Mathematik ,Aufbau u. Vorbereitung,Modulprüfung,fix,MW 2001 Rudolf-Diesel-Hörsaal (5510.02.001) ,02.03.2023,13:30  ,14:15
MA0004,Lineare Algebra 1 ,Fakultät für Mathematik ,Prüfungstermin,Modulprüfung,fix,MW 2001 Rudolf-Diesel-Hörsaal (5510.02.001) ,02.03.2023,14:15  ,16:15
MA0004,Lineare Algebra 1 ,Fakultät für Mathematik ,Nachbereitung,Modulprüfung,fix,MW 2001 Rudolf-Diesel-Hörsaal (5510.02.001) ,02.03.2023,16:15  ,16:45
MA0001,Analysis 1 ,Fakultät für Mathematik ,Aufbau u. Vorbereitung,Modulprüfung,fix,"003, Hörsaal 2, ""Interims II"" (5416.01.003) ",03.04.2023,10:15  ,11:00
MA0001,Analysis 1 ,Fakultät für Mathematik ,Prüfungstermin,Modulprüfung,fix,"003, Hörsaal 2, ""Interims II"" (5416.01.003) ",03.04.2023,11:00  ,13:00
MA0001,Analysis 1 ,Fakultät für Mathematik ,Nachbereitung,Modulprüfung,fix,"003, Hörsaal 2, ""Interims II"" (5416.01.003) ",03.04.2023,13:00  ,13:30
MA0003,Analysis 3 ,Fakultät für Mathematik ,Aufbau u. Vorbereitung,Modulprüfung,fix,Hörsaal im Galileo nur Mo-Do 7-19 Uhr (8120.EG.001) ,13.04.2023,10:15  ,11:00
MA0003,Analysis 3 ,Fakultät für Mathematik ,Prüfungstermin,Modulprüfung,fix,Hörsaal im Galileo nur Mo-Do 7-19 Uhr (8120.EG.001) ,13.04.2023,11:00  ,12:30
MA0003,Analysis 3 ,Fakultät für Mathematik ,Nachbereitung,Modulprüfung,fix,Hörsaal im Galileo nur Mo-Do 7-19 Uhr (8120.EG.001) ,13.04.2023,12:30  ,13:00
MA0003,Analysis 3 ,Fakultät für Mathematik ,Aufbau u. Vorbereitung,Modulprüfung,fix,"102, Hörsaal 2, ""Interims I"" (5620.01.102) ",13.04.2023,10:15  ,11:00
MA0003,Analysis 3 ,Fakultät für Mathematik ,Prüfungstermin,Modulprüfung,fix,"102, Hörsaal 2, ""Interims I"" (5620.01.102) ",13.04.2023,11:00  ,12:30
MA0003,Analysis 3 ,Fakultät für Mathematik ,Nachbereitung,Modulprüfung,fix,"102, Hörsaal 2, ""Interims I"" (5620.01.102) ",13.04.2023,12:30  ,13:00
MA3080,Nichtlineare Dynamik: Grundlagen ,Fakultät für Mathematik ,Aufbau u. Vorbereitung,Modulprüfung,fix,"102, Hörsaal 2, ""Interims I"" (5620.01.102) ",24.02.2023,10:45  ,11:30
MA3080,Nichtlineare Dynamik: Grundlagen ,Fakultät für Mathematik ,Prüfungstermin,Modulprüfung,fix,"102, Hörsaal 2, ""Interims I"" (5620.01.102) ",24.02.2023,11:30  ,12:30
MA3080,Nichtlineare Dynamik: Grundlagen ,Fakultät für Mathematik ,Nachbereitung,Modulprüfung,fix,"102, Hörsaal 2, ""Interims I"" (5620.01.102) ",24.02.2023,12:30  ,13:00
MA4803,Probabilistische Techniken und Algorithmen in der Datenanalyse ,Fakultät für Mathematik ,Aufbau u. Vorbereitung,Modulprüfung,fix,"101, Hörsaal 1, ""Interims I"" (5620.01.101) ",22.02.2023,10:45  ,11:30
MA4803,Probabilistische Techniken und Algorithmen in der Datenanalyse ,Fakultät für Mathematik ,Prüfungstermin,Modulprüfung,fix,"101, Hörsaal 1, ""Interims I"" (5620.01.101) ",22.02.2023,11:30  ,12:30
MA4803,Probabilistische Techniken und Algorithmen in der Datenanalyse ,Fakultät für Mathematik ,Nachbereitung,Modulprüfung,fix,"101, Hörsaal 1, ""Interims I"" (5620.01.101) ",22.02.2023,12:30  ,13:00
MA3305,Numerische Programmierung 1 ,Fakultät für Mathematik ,Aufbau u. Vorbereitung,Modulprüfung,fix,"MW 1801, Ernst-Schmidt-Hörsaal (5508.02.801) ",15.02.2023,10:45  ,11:30
MA3305,Numerische Programmierung 1 ,Fakultät für Mathematik ,Prüfungstermin,Modulprüfung,fix,"MW 1801, Ernst-Schmidt-Hörsaal (5508.02.801) ",15.02.2023,11:30  ,13:00
MA3305,Numerische Programmierung 1 ,Fakultät für Mathematik ,Nachbereitung,Modulprüfung,fix,"MW 1801, Ernst-Schmidt-Hörsaal (5508.02.801) ",15.02.2023,13:00  ,13:30
MA3451,Lebensversicherungsmathematik ,Fakultät für Mathematik ,Aufbau u. Vorbereitung,Modulprüfung,geplant,"BC2 0.01.17, Hörsaal (8102.EG.117) ",16.02.2023,13:30  ,14:15
MA3451,Lebensversicherungsmathematik ,Fakultät für Mathematik ,Prüfungstermin,Modulprüfung,geplant,"BC2 0.01.17, Hörsaal (8102.EG.117) ",16.02.2023,14:15  ,15:15
MA3451,Lebensversicherungsmathematik ,Fakultät für Mathematik ,Nachbereitung,Modulprüfung,geplant,"BC2 0.01.17, Hörsaal (8102.EG.117) ",16.02.2023,15:15  ,15:45
MA3601,Mathematische Modelle in der Biologie ,Fakultät für Mathematik ,Aufbau u. Vorbereitung,Modulprüfung,fix,"004, Hörsaal 1 ""Interims II"" (5416.01.004) ",22.02.2023,10:45  ,11:30
MA3601,Mathematische Modelle in der Biologie ,Fakultät für Mathematik ,Prüfungstermin,Modulprüfung,fix,"004, Hörsaal 1 ""Interims II"" (5416.01.004) ",22.02.2023,11:30  ,13:00
MA3601,Mathematische Modelle in der Biologie ,Fakultät für Mathematik ,Nachbereitung,Modulprüfung,fix,"004, Hörsaal 1 ""Interims II"" (5416.01.004) ",22.02.2023,13:00  ,13:30
MA3505,Integer Optimization ,Fakultät für Mathematik ,Aufbau u. Vorbereitung,Modulprüfung,fix,"004, Hörsaal 1 ""Interims II"" (5416.01.004) ",16.02.2023,10:45  ,11:30
MA3505,Integer Optimization ,Fakultät für Mathematik ,Prüfungstermin,Modulprüfung,fix,"004, Hörsaal 1 ""Interims II"" (5416.01.004) ",16.02.2023,11:30  ,13:00
MA3505,Integer Optimization ,Fakultät für Mathematik ,Nachbereitung,Modulprüfung,fix,"004, Hörsaal 1 ""Interims II"" (5416.01.004) ",16.02.2023,13:00  ,13:30
WZ2035,Rechtliche und betriebswirtschaftliche Grundlagen für Biotechnologen ,Lehrstuhl für Biologische Chemie (Prof. Skerra) ,Prüfungstermin,Modulprüfung,geplant,"HO10, Hörsaal 16 Carl-Kronacher-Hörsaal (WZWH16) (4214.EG.010) ",11.08.2022,15:45  ,17:15
WZ2035,Rechtliche und betriebswirtschaftliche Grundlagen für Biotechnologen ,Lehrstuhl für Biologische Chemie (Prof. Skerra) ,Aufbau u. Vorbereitung,Modulprüfung,geplant,"HO10, Hörsaal 16 Carl-Kronacher-Hörsaal (WZWH16) (4214.EG.010) ",11.08.2022,15:00  ,15:45
WZ2035,Rechtliche und betriebswirtschaftliche Grundlagen für Biotechnologen ,Lehrstuhl für Biologische Chemie (Prof. Skerra) ,Nachbereitung,Modulprüfung,geplant,"HO10, Hörsaal 16 Carl-Kronacher-Hörsaal (WZWH16) (4214.EG.010) ",11.08.2022,17:15  ,17:30
MA5120,Algebra 2 ,Fakultät für Mathematik ,Aufbau u. Vorbereitung,Modulprüfung,fix,"00.5901.051, Hörsaal (5901.EG.051) ",14.02.2023,10:45  ,11:30
MA5120,Algebra 2 ,Fakultät für Mathematik ,Prüfungstermin,Modulprüfung,fix,"00.5901.051, Hörsaal (5901.EG.051) ",14.02.2023,11:30  ,13:00
MA5120,Algebra 2 ,Fakultät für Mathematik ,Nachbereitung,Modulprüfung,fix,"00.5901.051, Hörsaal (5901.EG.051) ",14.02.2023,13:00  ,13:30
MA9801,Mathematische Grundlagen ,Fakultät für Mathematik ,Aufbau u. Vorbereitung,Modulprüfung,fix,MW 2001 Rudolf-Diesel-Hörsaal (5510.02.001) ,22.02.2023,07:15  ,08:00
MA9801,Mathematische Grundlagen ,Fakultät für Mathematik ,Prüfungstermin,Modulprüfung,fix,MW 2001 Rudolf-Diesel-Hörsaal (5510.02.001) ,22.02.2023,08:00  ,09:30
MA9801,Mathematische Grundlagen ,Fakultät für Mathematik ,Nachbereitung,Modulprüfung,fix,MW 2001 Rudolf-Diesel-Hörsaal (5510.02.001) ,22.02.2023,09:30  ,10:00
MA9801,Mathematische Grundlagen ,Fakultät für Mathematik ,Aufbau u. Vorbereitung,Modulprüfung,fix,"00.02.001, MI HS 1, Friedrich L. Bauer Hörsaal (5602.EG.001) ",22.02.2023,07:15  ,08:00
MA9801,Mathematische Grundlagen ,Fakultät für Mathematik ,Prüfungstermin,Modulprüfung,fix,"00.02.001, MI HS 1, Friedrich L. Bauer Hörsaal (5602.EG.001) ",22.02.2023,08:00  ,09:30
MA9801,Mathematische Grundlagen ,Fakultät für Mathematik ,Nachbereitung,Modulprüfung,fix,"00.02.001, MI HS 1, Friedrich L. Bauer Hörsaal (5602.EG.001) ",22.02.2023,09:30  ,10:00
MA9801,Mathematische Grundlagen ,Fakultät für Mathematik ,Aufbau u. Vorbereitung,Modulprüfung,geplant,"1450, Willy-Messerschmitt-Zeichensaal (5504.01.450) ",22.02.2023,07:15  ,08:00
MA9801,Mathematische Grundlagen ,Fakultät für Mathematik ,Prüfungstermin,Modulprüfung,geplant,"1450, Willy-Messerschmitt-Zeichensaal (5504.01.450) ",22.02.2023,08:00  ,09:30
MA9801,Mathematische Grundlagen ,Fakultät für Mathematik ,Nachbereitung,Modulprüfung,geplant,"1450, Willy-Messerschmitt-Zeichensaal (5504.01.450) ",22.02.2023,09:30  ,10:00
MA9801,Mathematische Grundlagen ,Fakultät für Mathematik ,Aufbau u. Vorbereitung,Modulprüfung,fix,"003, Hörsaal 2, ""Interims II"" (5416.01.003) ",22.02.2023,07:15  ,08:00
MA9801,Mathematische Grundlagen ,Fakultät für Mathematik ,Prüfungstermin,Modulprüfung,fix,"003, Hörsaal 2, ""Interims II"" (5416.01.003) ",22.02.2023,08:00  ,09:30
MA9801,Mathematische Grundlagen ,Fakultät für Mathematik ,Nachbereitung,Modulprüfung,fix,"003, Hörsaal 2, ""Interims II"" (5416.01.003) ",22.02.2023,09:30  ,10:00
MA9506,Geometrie ,Fakultät für Mathematik ,Aufbau u. Vorbereitung,Modulprüfung,fix,"N 1090 ZG, Hörsaal mit exp. Bühne (0101.Z1.090) ",13.03.2023,10:45  ,11:30
MA9506,Geometrie ,Fakultät für Mathematik ,Prüfungstermin,Modulprüfung,fix,"N 1090 ZG, Hörsaal mit exp. Bühne (0101.Z1.090) ",13.03.2023,11:30  ,12:30
MA9506,Geometrie ,Fakultät für Mathematik ,Nachbereitung,Modulprüfung,fix,"N 1090 ZG, Hörsaal mit exp. Bühne (0101.Z1.090) ",13.03.2023,12:30  ,13:00
MA9507,Höhere Mathematik 1 für Geodäsie und Geoinformation ,Fakultät für Mathematik ,Aufbau u. Vorbereitung,Modulprüfung,fix,"N 1189, Hans-Piloty-Hörsaal (0101.02.189) ",06.04.2023,13:30  ,14:15
MA9507,Höhere Mathematik 1 für Geodäsie und Geoinformation ,Fakultät für Mathematik ,Prüfungstermin,Modulprüfung,fix,"N 1189, Hans-Piloty-Hörsaal (0101.02.189) ",06.04.2023,14:15  ,16:15
MA9507,Höhere Mathematik 1 für Geodäsie und Geoinformation ,Fakultät für Mathematik ,Nachbereitung,Modulprüfung,fix,"N 1189, Hans-Piloty-Hörsaal (0101.02.189) ",06.04.2023,16:15  ,16:45
MA9508,Höhere Mathematik 2 für Geodäsie und Geoinformation ,Fakultät für Mathematik ,Aufbau u. Vorbereitung,Modulprüfung,fix,"2370, HS (0503.02.370) ",09.03.2023,10:15  ,11:00
MA9508,Höhere Mathematik 2 für Geodäsie und Geoinformation ,Fakultät für Mathematik ,Prüfungstermin,Modulprüfung,fix,"2370, HS (0503.02.370) ",09.03.2023,11:00  ,13:00
MA9508,Höhere Mathematik 2 für Geodäsie und Geoinformation ,Fakultät für Mathematik ,Nachbereitung,Modulprüfung,fix,"2370, HS (0503.02.370) ",09.03.2023,13:00  ,13:30
MA0004,Lineare Algebra 1 ,Fakultät für Mathematik ,Aufbau u. Vorbereitung,Modulprüfung,fix,"MW 0001, Gustav-Niemann-Hörsaal (5510.EG.001) ",11.04.2023,10:15  ,11:00
MA0004,Lineare Algebra 1 ,Fakultät für Mathematik ,Prüfungstermin,Modulprüfung,fix,"MW 0001, Gustav-Niemann-Hörsaal (5510.EG.001) ",11.04.2023,11:00  ,13:00
MA0004,Lineare Algebra 1 ,Fakultät für Mathematik ,Nachbereitung,Modulprüfung,fix,"MW 0001, Gustav-Niemann-Hörsaal (5510.EG.001) ",11.04.2023,13:00  ,13:30
MA9202,Prüfung zu Mathematik für Physiker 2 ,Fakultät für Mathematik ,Aufbau u. Vorbereitung,Modulprüfung,fix,Audimax im Galileo nur Mo-Di 7-19 Uhr (8120.01.101) ,28.03.2023,10:45  ,11:30
MA9202,Prüfung zu Mathematik für Physiker 2 ,Fakultät für Mathematik ,Prüfungstermin,Modulprüfung,fix,Audimax im Galileo nur Mo-Di 7-19 Uhr (8120.01.101) ,28.03.2023,11:30  ,13:00
MA9202,Prüfung zu Mathematik für Physiker 2 ,Fakultät für Mathematik ,Nachbereitung,Modulprüfung,fix,Audimax im Galileo nur Mo-Di 7-19 Uhr (8120.01.101) ,28.03.2023,13:00  ,13:30
MA9521P1,Höhere Mathematik 1 ,Fakultät für Mathematik ,Aufbau u. Vorbereitung,Modulprüfung,fix,"1200, Carl-von-Linde-Hörsaal (0502.01.200) ",29.03.2023,13:30  ,14:15
MA9521P1,Höhere Mathematik 1 ,Fakultät für Mathematik ,Prüfungstermin,Modulprüfung,fix,"1200, Carl-von-Linde-Hörsaal (0502.01.200) ",29.03.2023,14:15  ,16:15
MA9521P1,Höhere Mathematik 1 ,Fakultät für Mathematik ,Nachbereitung,Modulprüfung,fix,"1200, Carl-von-Linde-Hörsaal (0502.01.200) ",29.03.2023,16:15  ,16:45
MA9521P1,Höhere Mathematik 1 ,Fakultät für Mathematik ,Aufbau u. Vorbereitung,Modulprüfung,fix,"2750, Karl Max von Bauernfeind Hörsaal (0507.03.750) ",29.03.2023,13:30  ,14:15
MA9521P1,Höhere Mathematik 1 ,Fakultät für Mathematik ,Prüfungstermin,Modulprüfung,fix,"2750, Karl Max von Bauernfeind Hörsaal (0507.03.750) ",29.03.2023,14:15  ,16:15
MA9521P1,Höhere Mathematik 1 ,Fakultät für Mathematik ,Nachbereitung,Modulprüfung,fix,"2750, Karl Max von Bauernfeind Hörsaal (0507.03.750) ",29.03.2023,16:15  ,16:45
MA9613,Statistical Computing and Data Analysis ,Fakultät für Mathematik ,Aufbau u. Vorbereitung,Modulprüfung,geplant,"HO10, Hörsaal 16 Carl-Kronacher-Hörsaal (WZWH16) (4214.EG.010) ",01.03.2023,10:45  ,11:30
MA9613,Statistical Computing and Data Analysis ,Fakultät für Mathematik ,Prüfungstermin,Modulprüfung,geplant,"HO10, Hörsaal 16 Carl-Kronacher-Hörsaal (WZWH16) (4214.EG.010) ",01.03.2023,11:30  ,12:30
MA9613,Statistical Computing and Data Analysis ,Fakultät für Mathematik ,Nachbereitung,Modulprüfung,geplant,"HO10, Hörsaal 16 Carl-Kronacher-Hörsaal (WZWH16) (4214.EG.010) ",01.03.2023,12:30  ,13:00
MA3407,Financial Mathematics 1 ,Fakultät für Mathematik ,Aufbau u. Vorbereitung,Modulprüfung,fix,"101, Hörsaal 1, ""Interims I"" (5620.01.101) ",20.02.2023,10:45  ,11:30
MA3407,Financial Mathematics 1 ,Fakultät für Mathematik ,Prüfungstermin,Modulprüfung,fix,"101, Hörsaal 1, ""Interims I"" (5620.01.101) ",20.02.2023,11:30  ,13:00
MA3407,Financial Mathematics 1 ,Fakultät für Mathematik ,Nachbereitung,Modulprüfung,fix,"101, Hörsaal 1, ""Interims I"" (5620.01.101) ",20.02.2023,13:00  ,13:30
MA3080,Nichtlineare Dynamik: Grundlagen ,Fakultät für Mathematik ,Aufbau u. Vorbereitung,Modulprüfung,fix,"00.02.001, MI HS 1, Friedrich L. Bauer Hörsaal (5602.EG.001) ",06.04.2023,10:45  ,11:30
MA3080,Nichtlineare Dynamik: Grundlagen ,Fakultät für Mathematik ,Prüfungstermin,Modulprüfung,fix,"00.02.001, MI HS 1, Friedrich L. Bauer Hörsaal (5602.EG.001) ",06.04.2023,11:30  ,12:30
MA3080,Nichtlineare Dynamik: Grundlagen ,Fakultät für Mathematik ,Nachbereitung,Modulprüfung,fix,"00.02.001, MI HS 1, Friedrich L. Bauer Hörsaal (5602.EG.001) ",06.04.2023,12:30  ,13:00
MA3305,Numerische Programmierung 1 ,Fakultät für Mathematik ,Aufbau u. Vorbereitung,Modulprüfung,fix,"101, Hörsaal 1, ""Interims I"" (5620.01.101) ",13.04.2023,10:45  ,11:30
MA3305,Numerische Programmierung 1 ,Fakultät für Mathematik ,Prüfungstermin,Modulprüfung,fix,"101, Hörsaal 1, ""Interims I"" (5620.01.101) ",13.04.2023,11:30  ,13:00
MA3305,Numerische Programmierung 1 ,Fakultät für Mathematik ,Nachbereitung,Modulprüfung,fix,"101, Hörsaal 1, ""Interims I"" (5620.01.101) ",13.04.2023,13:00  ,13:30
MA9951,Grundzüge der Höheren Mathematik 1 ,Fakultät für Mathematik ,Aufbau u. Vorbereitung,Modulprüfung,fix,"605, Hörsaal (2907.06.605) ",06.04.2023,13:30  ,14:15
MA9951,Grundzüge der Höheren Mathematik 1 ,Fakultät für Mathematik ,Prüfungstermin,Modulprüfung,fix,"605, Hörsaal (2907.06.605) ",06.04.2023,14:15  ,15:15
MA9951,Grundzüge der Höheren Mathematik 1 ,Fakultät für Mathematik ,Nachbereitung,Modulprüfung,fix,"605, Hörsaal (2907.06.605) ",06.04.2023,15:15  ,15:45
MA3703,Zinsmärkte ,Fakultät für Mathematik ,Aufbau u. Vorbereitung,Modulprüfung,geplant,"BC2 0.01.17, Hörsaal (8102.EG.117) ",12.04.2023,10:45  ,11:30
MA3703,Zinsmärkte ,Fakultät für Mathematik ,Prüfungstermin,Modulprüfung,geplant,"BC2 0.01.17, Hörsaal (8102.EG.117) ",12.04.2023,11:30  ,12:30
MA3703,Zinsmärkte ,Fakultät für Mathematik ,Nachbereitung,Modulprüfung,geplant,"BC2 0.01.17, Hörsaal (8102.EG.117) ",12.04.2023,12:30  ,13:00
MA9204,Prüfung zu Mathematik für Physiker 4 ,Fakultät für Mathematik ,Aufbau u. Vorbereitung,Modulprüfung,fix,MW 2001 Rudolf-Diesel-Hörsaal (5510.02.001) ,05.04.2023,13:30  ,14:15
MA9204,Prüfung zu Mathematik für Physiker 4 ,Fakultät für Mathematik ,Prüfungstermin,Modulprüfung,fix,MW 2001 Rudolf-Diesel-Hörsaal (5510.02.001) ,05.04.2023,14:15  ,15:45
MA9204,Prüfung zu Mathematik für Physiker 4 ,Fakultät für Mathematik ,Nachbereitung,Modulprüfung,fix,MW 2001 Rudolf-Diesel-Hörsaal (5510.02.001) ,05.04.2023,15:45  ,16:15
MA3451,Lebensversicherungsmathematik ,Fakultät für Mathematik ,Aufbau u. Vorbereitung,Modulprüfung,geplant,"BC2 0.01.17, Hörsaal (8102.EG.117) ",11.04.2023,10:45  ,11:30
MA3451,Lebensversicherungsmathematik ,Fakultät für Mathematik ,Prüfungstermin,Modulprüfung,geplant,"BC2 0.01.17, Hörsaal (8102.EG.117) ",11.04.2023,11:30  ,12:30
MA3451,Lebensversicherungsmathematik ,Fakultät für Mathematik ,Nachbereitung,Modulprüfung,geplant,"BC2 0.01.17, Hörsaal (8102.EG.117) ",11.04.2023,12:30  ,13:00
MA4803,Probabilistische Techniken und Algorithmen in der Datenanalyse ,Fakultät für Mathematik ,Aufbau u. Vorbereitung,Modulprüfung,fix,"102, Hörsaal 2, ""Interims I"" (5620.01.102) ",12.04.2023,10:45  ,11:30
MA4803,Probabilistische Techniken und Algorithmen in der Datenanalyse ,Fakultät für Mathematik ,Prüfungstermin,Modulprüfung,fix,"102, Hörsaal 2, ""Interims I"" (5620.01.102) ",12.04.2023,11:30  ,12:30
MA4803,Probabilistische Techniken und Algorithmen in der Datenanalyse ,Fakultät für Mathematik ,Nachbereitung,Modulprüfung,fix,"102, Hörsaal 2, ""Interims I"" (5620.01.102) ",12.04.2023,12:30  ,13:00
MA9613,Statistical Computing and Data Analysis ,Fakultät für Mathematik ,Aufbau u. Vorbereitung,Modulprüfung,geplant,"1-38, Seminarraum 8 (WZWS08) (4102.01.038) ",04.04.2023,10:45  ,11:30
MA9613,Statistical Computing and Data Analysis ,Fakultät für Mathematik ,Prüfungstermin,Modulprüfung,geplant,"1-38, Seminarraum 8 (WZWS08) (4102.01.038) ",04.04.2023,11:30  ,12:30
MA9613,Statistical Computing and Data Analysis ,Fakultät für Mathematik ,Nachbereitung,Modulprüfung,geplant,"1-38, Seminarraum 8 (WZWS08) (4102.01.038) ",04.04.2023,12:30  ,13:00
MA3203,Projektive Geometrie 1 ,Fakultät für Mathematik ,Aufbau u. Vorbereitung,Modulprüfung,fix,"101, Hörsaal 1, ""Interims I"" (5620.01.101) ",14.04.2023,10:45  ,11:30
MA3203,Projektive Geometrie 1 ,Fakultät für Mathematik ,Prüfungstermin,Modulprüfung,fix,"101, Hörsaal 1, ""Interims I"" (5620.01.101) ",14.04.2023,11:30  ,13:00
MA3203,Projektive Geometrie 1 ,Fakultät für Mathematik ,Nachbereitung,Modulprüfung,fix,"101, Hörsaal 1, ""Interims I"" (5620.01.101) ",14.04.2023,13:00  ,13:30
MA9601,Mathematik 1 ,Fakultät für Mathematik ,Aufbau u. Vorbereitung,Modulprüfung,geplant,"131, Speisesaal 2 (Mensa 2, Seminarraum) (4216.01.131) ",16.02.2023,15:45  ,16:30
MA9601,Mathematik 1 ,Fakultät für Mathematik ,Prüfungstermin,Modulprüfung,geplant,"131, Speisesaal 2 (Mensa 2, Seminarraum) (4216.01.131) ",16.02.2023,16:30  ,17:30
MA9601,Mathematik 1 ,Fakultät für Mathematik ,Nachbereitung,Modulprüfung,geplant,"131, Speisesaal 2 (Mensa 2, Seminarraum) (4216.01.131) ",16.02.2023,17:30  ,18:00
MA9601,Mathematik 1 ,Fakultät für Mathematik ,Aufbau u. Vorbereitung,Modulprüfung,geplant,"HO20, Hörsaal 15 Carl-Lindner-Hörsaal (WZWH15) (4214.EG.020) ",16.02.2023,15:45  ,16:30
MA9601,Mathematik 1 ,Fakultät für Mathematik ,Prüfungstermin,Modulprüfung,geplant,"HO20, Hörsaal 15 Carl-Lindner-Hörsaal (WZWH15) (4214.EG.020) ",16.02.2023,16:30  ,17:30
MA9601,Mathematik 1 ,Fakultät für Mathematik ,Nachbereitung,Modulprüfung,geplant,"HO20, Hörsaal 15 Carl-Lindner-Hörsaal (WZWH15) (4214.EG.020) ",16.02.2023,17:30  ,18:00
MA9951,Grundzüge der Höheren Mathematik 1 ,Fakultät für Mathematik ,Aufbau u. Vorbereitung,Modulprüfung,fix,"605, Hörsaal (2907.06.605) ",13.02.2023,13:30  ,14:15
MA9951,Grundzüge der Höheren Mathematik 1 ,Fakultät für Mathematik ,Prüfungstermin,Modulprüfung,fix,"605, Hörsaal (2907.06.605) ",13.02.2023,14:15  ,15:15
MA9951,Grundzüge der Höheren Mathematik 1 ,Fakultät für Mathematik ,Nachbereitung,Modulprüfung,fix,"605, Hörsaal (2907.06.605) ",13.02.2023,15:15  ,15:45
MA0003,Analysis 3 ,Fakultät für Mathematik ,Aufbau u. Vorbereitung,Modulprüfung,fix,"MW 1801, Ernst-Schmidt-Hörsaal (5508.02.801) ",27.02.2023,07:15  ,08:00
MA0003,Analysis 3 ,Fakultät für Mathematik ,Prüfungstermin,Modulprüfung,fix,"MW 1801, Ernst-Schmidt-Hörsaal (5508.02.801) ",27.02.2023,08:00  ,09:30
MA0003,Analysis 3 ,Fakultät für Mathematik ,Nachbereitung,Modulprüfung,fix,"MW 1801, Ernst-Schmidt-Hörsaal (5508.02.801) ",27.02.2023,09:30  ,10:00
MA0003,Analysis 3 ,Fakultät für Mathematik ,Aufbau u. Vorbereitung,Modulprüfung,fix,"2501, Rudolf-Mößbauer-Hörsaal (5101.EG.501) ",27.02.2023,07:15  ,08:00
MA0003,Analysis 3 ,Fakultät für Mathematik ,Prüfungstermin,Modulprüfung,fix,"2501, Rudolf-Mößbauer-Hörsaal (5101.EG.501) ",27.02.2023,08:00  ,09:30
MA0003,Analysis 3 ,Fakultät für Mathematik ,Nachbereitung,Modulprüfung,fix,"2501, Rudolf-Mößbauer-Hörsaal (5101.EG.501) ",27.02.2023,09:30  ,10:00
MA3405,Insurance Mathematics 1 ,Fakultät für Mathematik ,Aufbau u. Vorbereitung,Modulprüfung,fix,"101, Hörsaal 1, ""Interims I"" (5620.01.101) ",02.03.2023,10:45  ,11:30
MA3405,Insurance Mathematics 1 ,Fakultät für Mathematik ,Prüfungstermin,Modulprüfung,fix,"101, Hörsaal 1, ""Interims I"" (5620.01.101) ",02.03.2023,11:30  ,13:00
MA3405,Insurance Mathematics 1 ,Fakultät für Mathematik ,Nachbereitung,Modulprüfung,fix,"101, Hörsaal 1, ""Interims I"" (5620.01.101) ",02.03.2023,13:00  ,13:30
MA0902,Analysis für Informatik ,Fakultät für Mathematik ,Aufbau u. Vorbereitung,Modulprüfung,fix,MW 2001 Rudolf-Diesel-Hörsaal (5510.02.001) ,24.02.2023,07:15  ,08:00
MA0902,Analysis für Informatik ,Fakultät für Mathematik ,Prüfungstermin,Modulprüfung,fix,MW 2001 Rudolf-Diesel-Hörsaal (5510.02.001) ,24.02.2023,08:00  ,09:30
MA0902,Analysis für Informatik ,Fakultät für Mathematik ,Nachbereitung,Modulprüfung,fix,MW 2001 Rudolf-Diesel-Hörsaal (5510.02.001) ,24.02.2023,09:30  ,10:00
MA0902,Analysis für Informatik ,Fakultät für Mathematik ,Aufbau u. Vorbereitung,Modulprüfung,fix,"MW 0001, Gustav-Niemann-Hörsaal (5510.EG.001) ",24.02.2023,07:15  ,08:00
MA0902,Analysis für Informatik ,Fakultät für Mathematik ,Prüfungstermin,Modulprüfung,fix,"MW 0001, Gustav-Niemann-Hörsaal (5510.EG.001) ",24.02.2023,08:00  ,09:30
MA0902,Analysis für Informatik ,Fakultät für Mathematik ,Nachbereitung,Modulprüfung,fix,"MW 0001, Gustav-Niemann-Hörsaal (5510.EG.001) ",24.02.2023,09:30  ,10:00
MA0902,Analysis für Informatik ,Fakultät für Mathematik ,Aufbau u. Vorbereitung,Modulprüfung,fix,"CH 21010, Hans-Fischer-Hörsaal (5401.01.101K) ",24.02.2023,07:15  ,08:00
MA0902,Analysis für Informatik ,Fakultät für Mathematik ,Prüfungstermin,Modulprüfung,fix,"CH 21010, Hans-Fischer-Hörsaal (5401.01.101K) ",24.02.2023,08:00  ,09:30
MA0902,Analysis für Informatik ,Fakultät für Mathematik ,Nachbereitung,Modulprüfung,fix,"CH 21010, Hans-Fischer-Hörsaal (5401.01.101K) ",24.02.2023,09:30  ,10:00
MA0902,Analysis für Informatik ,Fakultät für Mathematik ,Aufbau u. Vorbereitung,Modulprüfung,fix,"101, Hörsaal 1, ""Interims I"" (5620.01.101) ",24.02.2023,07:15  ,08:00
MA0902,Analysis für Informatik ,Fakultät für Mathematik ,Prüfungstermin,Modulprüfung,fix,"101, Hörsaal 1, ""Interims I"" (5620.01.101) ",24.02.2023,08:00  ,09:30
MA0902,Analysis für Informatik ,Fakultät für Mathematik ,Nachbereitung,Modulprüfung,fix,"101, Hörsaal 1, ""Interims I"" (5620.01.101) ",24.02.2023,09:30  ,10:00
MA0902,Analysis für Informatik ,Fakultät für Mathematik ,Aufbau u. Vorbereitung,Modulprüfung,fix,"00.02.001, MI HS 1, Friedrich L. Bauer Hörsaal (5602.EG.001) ",24.02.2023,07:15  ,08:00
MA0902,Analysis für Informatik ,Fakultät für Mathematik ,Prüfungstermin,Modulprüfung,fix,"00.02.001, MI HS 1, Friedrich L. Bauer Hörsaal (5602.EG.001) ",24.02.2023,08:00  ,09:30
MA0902,Analysis für Informatik ,Fakultät für Mathematik ,Nachbereitung,Modulprüfung,fix,"00.02.001, MI HS 1, Friedrich L. Bauer Hörsaal (5602.EG.001) ",24.02.2023,09:30  ,10:00
MA0902,Analysis für Informatik ,Fakultät für Mathematik ,Aufbau u. Vorbereitung,Modulprüfung,fix,"MW 1050, Johann-Bauschinger-Zeichensaal (5510.01.050) ",24.02.2023,07:15  ,08:00
MA0902,Analysis für Informatik ,Fakultät für Mathematik ,Prüfungstermin,Modulprüfung,fix,"MW 1050, Johann-Bauschinger-Zeichensaal (5510.01.050) ",24.02.2023,08:00  ,09:30
MA0902,Analysis für Informatik ,Fakultät für Mathematik ,Nachbereitung,Modulprüfung,fix,"MW 1050, Johann-Bauschinger-Zeichensaal (5510.01.050) ",24.02.2023,09:30  ,10:00
MA0902,Analysis für Informatik ,Fakultät für Mathematik ,Aufbau u. Vorbereitung,Modulprüfung,geplant,"1350, Ludwig-Burmester-Zeichensaal (5503.01.350) ",24.02.2023,07:15  ,08:00
MA0902,Analysis für Informatik ,Fakultät für Mathematik ,Prüfungstermin,Modulprüfung,geplant,"1350, Ludwig-Burmester-Zeichensaal (5503.01.350) ",24.02.2023,08:00  ,09:30
MA0902,Analysis für Informatik ,Fakultät für Mathematik ,Nachbereitung,Modulprüfung,geplant,"1350, Ludwig-Burmester-Zeichensaal (5503.01.350) ",24.02.2023,09:30  ,10:00
MA0902,Analysis für Informatik ,Fakultät für Mathematik ,Aufbau u. Vorbereitung,Modulprüfung,geplant,"1550, Georg-Kühne-Zeichensaal (5505.01.550) ",24.02.2023,07:15  ,08:00
MA0902,Analysis für Informatik ,Fakultät für Mathematik ,Prüfungstermin,Modulprüfung,geplant,"1550, Georg-Kühne-Zeichensaal (5505.01.550) ",24.02.2023,08:00  ,09:30
MA0902,Analysis für Informatik ,Fakultät für Mathematik ,Nachbereitung,Modulprüfung,geplant,"1550, Georg-Kühne-Zeichensaal (5505.01.550) ",24.02.2023,09:30  ,10:00
MA0902,Analysis für Informatik ,Fakultät für Mathematik ,Aufbau u. Vorbereitung,Modulprüfung,fix,"MW 1801, Ernst-Schmidt-Hörsaal (5508.02.801) ",24.02.2023,07:15  ,08:00
MA0902,Analysis für Informatik ,Fakultät für Mathematik ,Prüfungstermin,Modulprüfung,fix,"MW 1801, Ernst-Schmidt-Hörsaal (5508.02.801) ",24.02.2023,08:00  ,09:30
MA0902,Analysis für Informatik ,Fakultät für Mathematik ,Nachbereitung,Modulprüfung,fix,"MW 1801, Ernst-Schmidt-Hörsaal (5508.02.801) ",24.02.2023,09:30  ,10:00
MA0902,Analysis für Informatik ,Fakultät für Mathematik ,Aufbau u. Vorbereitung,Modulprüfung,fix,"MW 2050, Zeichen-/Hörsaal (5510.02.050) ",24.02.2023,07:15  ,08:00
MA0902,Analysis für Informatik ,Fakultät für Mathematik ,Prüfungstermin,Modulprüfung,fix,"MW 2050, Zeichen-/Hörsaal (5510.02.050) ",24.02.2023,08:00  ,09:30
MA0902,Analysis für Informatik ,Fakultät für Mathematik ,Nachbereitung,Modulprüfung,fix,"MW 2050, Zeichen-/Hörsaal (5510.02.050) ",24.02.2023,09:30  ,10:00
MA9804,Numerische Behandlung Partieller Differentialgleichungen ,Fakultät für Mathematik ,Aufbau u. Vorbereitung,Modulprüfung,geplant,"1550, Georg-Kühne-Zeichensaal (5505.01.550) ",20.02.2023,13:30  ,14:15
MA9804,Numerische Behandlung Partieller Differentialgleichungen ,Fakultät für Mathematik ,Prüfungstermin,Modulprüfung,geplant,"1550, Georg-Kühne-Zeichensaal (5505.01.550) ",20.02.2023,14:15  ,15:15
MA9804,Numerische Behandlung Partieller Differentialgleichungen ,Fakultät für Mathematik ,Nachbereitung,Modulprüfung,geplant,"1550, Georg-Kühne-Zeichensaal (5505.01.550) ",20.02.2023,15:15  ,15:45
MA9201,Prüfung zu Mathematik für Physiker 1 ,Fakultät für Mathematik ,Aufbau u. Vorbereitung,Modulprüfung,fix,Hörsaal im Galileo nur Mo-Do 7-19 Uhr (8120.EG.001) ,23.02.2023,10:45  ,11:30
MA9201,Prüfung zu Mathematik für Physiker 1 ,Fakultät für Mathematik ,Prüfungstermin,Modulprüfung,fix,Hörsaal im Galileo nur Mo-Do 7-19 Uhr (8120.EG.001) ,23.02.2023,11:30  ,13:00
MA9201,Prüfung zu Mathematik für Physiker 1 ,Fakultät für Mathematik ,Nachbereitung,Modulprüfung,fix,Hörsaal im Galileo nur Mo-Do 7-19 Uhr (8120.EG.001) ,23.02.2023,13:00  ,13:30
MA9201,Prüfung zu Mathematik für Physiker 1 ,Fakultät für Mathematik ,Aufbau u. Vorbereitung,Modulprüfung,fix,MW 2001 Rudolf-Diesel-Hörsaal (5510.02.001) ,23.02.2023,10:45  ,11:30
MA9201,Prüfung zu Mathematik für Physiker 1 ,Fakultät für Mathematik ,Prüfungstermin,Modulprüfung,fix,MW 2001 Rudolf-Diesel-Hörsaal (5510.02.001) ,23.02.2023,11:30  ,13:00
MA9201,Prüfung zu Mathematik für Physiker 1 ,Fakultät für Mathematik ,Nachbereitung,Modulprüfung,fix,MW 2001 Rudolf-Diesel-Hörsaal (5510.02.001) ,23.02.2023,13:00  ,13:30
MA9201,Prüfung zu Mathematik für Physiker 1 ,Fakultät für Mathematik ,Aufbau u. Vorbereitung,Modulprüfung,fix,"2501, Rudolf-Mößbauer-Hörsaal (5101.EG.501) ",23.02.2023,10:45  ,11:30
MA9201,Prüfung zu Mathematik für Physiker 1 ,Fakultät für Mathematik ,Prüfungstermin,Modulprüfung,fix,"2501, Rudolf-Mößbauer-Hörsaal (5101.EG.501) ",23.02.2023,11:30  ,13:00
MA9201,Prüfung zu Mathematik für Physiker 1 ,Fakultät für Mathematik ,Nachbereitung,Modulprüfung,fix,"2501, Rudolf-Mößbauer-Hörsaal (5101.EG.501) ",23.02.2023,13:00  ,13:30
MA9521P1,Höhere Mathematik 1 ,Fakultät für Mathematik ,Aufbau u. Vorbereitung,Modulprüfung,fix,MW 2001 Rudolf-Diesel-Hörsaal (5510.02.001) ,22.02.2023,13:30  ,14:15
MA9521P1,Höhere Mathematik 1 ,Fakultät für Mathematik ,Prüfungstermin,Modulprüfung,fix,MW 2001 Rudolf-Diesel-Hörsaal (5510.02.001) ,22.02.2023,14:15  ,16:15
MA9521P1,Höhere Mathematik 1 ,Fakultät für Mathematik ,Nachbereitung,Modulprüfung,fix,MW 2001 Rudolf-Diesel-Hörsaal (5510.02.001) ,22.02.2023,16:15  ,16:45
MA9521P1,Höhere Mathematik 1 ,Fakultät für Mathematik ,Aufbau u. Vorbereitung,Modulprüfung,fix,"MW 0001, Gustav-Niemann-Hörsaal (5510.EG.001) ",22.02.2023,13:30  ,14:15
MA9521P1,Höhere Mathematik 1 ,Fakultät für Mathematik ,Prüfungstermin,Modulprüfung,fix,"MW 0001, Gustav-Niemann-Hörsaal (5510.EG.001) ",22.02.2023,14:15  ,16:15
MA9521P1,Höhere Mathematik 1 ,Fakultät für Mathematik ,Nachbereitung,Modulprüfung,fix,"MW 0001, Gustav-Niemann-Hörsaal (5510.EG.001) ",22.02.2023,16:15  ,16:45
MA9521P1,Höhere Mathematik 1 ,Fakultät für Mathematik ,Aufbau u. Vorbereitung,Modulprüfung,fix,"2501, Rudolf-Mößbauer-Hörsaal (5101.EG.501) ",22.02.2023,13:30  ,14:15
MA9521P1,Höhere Mathematik 1 ,Fakultät für Mathematik ,Prüfungstermin,Modulprüfung,fix,"2501, Rudolf-Mößbauer-Hörsaal (5101.EG.501) ",22.02.2023,14:15  ,16:15
MA9521P1,Höhere Mathematik 1 ,Fakultät für Mathematik ,Nachbereitung,Modulprüfung,fix,"2501, Rudolf-Mößbauer-Hörsaal (5101.EG.501) ",22.02.2023,16:15  ,16:45
MA9521P1,Höhere Mathematik 1 ,Fakultät für Mathematik ,Aufbau u. Vorbereitung,Modulprüfung,fix,"004, Hörsaal 1 ""Interims II"" (5416.01.004) ",22.02.2023,13:30  ,14:15
MA9521P1,Höhere Mathematik 1 ,Fakultät für Mathematik ,Prüfungstermin,Modulprüfung,fix,"004, Hörsaal 1 ""Interims II"" (5416.01.004) ",22.02.2023,14:15  ,16:15
MA9521P1,Höhere Mathematik 1 ,Fakultät für Mathematik ,Nachbereitung,Modulprüfung,fix,"004, Hörsaal 1 ""Interims II"" (5416.01.004) ",22.02.2023,16:15  ,16:45
MA3403,Allgemeine Lineare Modelle ,Fakultät für Mathematik ,Aufbau u. Vorbereitung,Modulprüfung,fix,"00.02.001, MI HS 1, Friedrich L. Bauer Hörsaal (5602.EG.001) ",28.02.2023,13:30  ,14:15
MA3403,Allgemeine Lineare Modelle ,Fakultät für Mathematik ,Prüfungstermin,Modulprüfung,fix,"00.02.001, MI HS 1, Friedrich L. Bauer Hörsaal (5602.EG.001) ",28.02.2023,14:15  ,15:45
MA3403,Allgemeine Lineare Modelle ,Fakultät für Mathematik ,Nachbereitung,Modulprüfung,fix,"00.02.001, MI HS 1, Friedrich L. Bauer Hörsaal (5602.EG.001) ",28.02.2023,15:45  ,16:15
MA9805,Mathematical Modeling of Materials ,Fakultät für Mathematik ,Aufbau u. Vorbereitung,Modulprüfung,fix,"00.04.011, MI Hörsaal 2 (5604.EG.011) ",02.03.2023,10:45  ,11:30
MA9805,Mathematical Modeling of Materials ,Fakultät für Mathematik ,Prüfungstermin,Modulprüfung,fix,"00.04.011, MI Hörsaal 2 (5604.EG.011) ",02.03.2023,11:30  ,13:00
MA9805,Mathematical Modeling of Materials ,Fakultät für Mathematik ,Nachbereitung,Modulprüfung,fix,"00.04.011, MI Hörsaal 2 (5604.EG.011) ",02.03.2023,13:00  ,13:30
MA3703,Zinsmärkte ,Fakultät für Mathematik ,Aufbau u. Vorbereitung,Modulprüfung,fix,"102, Hörsaal 2, ""Interims I"" (5620.01.102) ",24.02.2023,13:30  ,14:15
MA3703,Zinsmärkte ,Fakultät für Mathematik ,Prüfungstermin,Modulprüfung,fix,"102, Hörsaal 2, ""Interims I"" (5620.01.102) ",24.02.2023,14:15  ,15:15
MA3703,Zinsmärkte ,Fakultät für Mathematik ,Nachbereitung,Modulprüfung,fix,"102, Hörsaal 2, ""Interims I"" (5620.01.102) ",24.02.2023,15:15  ,15:45
MA0009,Einführung in die Wahrscheinlichkeitstheorie und Statistik ,Fakultät für Mathematik ,Aufbau u. Vorbereitung,Modulprüfung,fix,"0980, Audimax (0509.EG.980) ",14.02.2023,07:15  ,08:00
MA0009,Einführung in die Wahrscheinlichkeitstheorie und Statistik ,Fakultät für Mathematik ,Prüfungstermin,Modulprüfung,fix,"0980, Audimax (0509.EG.980) ",14.02.2023,08:00  ,09:30
MA0009,Einführung in die Wahrscheinlichkeitstheorie und Statistik ,Fakultät für Mathematik ,Nachbereitung,Modulprüfung,fix,"0980, Audimax (0509.EG.980) ",14.02.2023,09:30  ,10:00
MA3301,Numerik der Differentialgleichungen ,Fakultät für Mathematik ,Aufbau u. Vorbereitung,Modulprüfung,fix,"101, Hörsaal 1, ""Interims I"" (5620.01.101) ",28.02.2023,13:30  ,14:15
MA3301,Numerik der Differentialgleichungen ,Fakultät für Mathematik ,Prüfungstermin,Modulprüfung,fix,"101, Hörsaal 1, ""Interims I"" (5620.01.101) ",28.02.2023,14:15  ,15:45
MA3301,Numerik der Differentialgleichungen ,Fakultät für Mathematik ,Nachbereitung,Modulprüfung,fix,"101, Hörsaal 1, ""Interims I"" (5620.01.101) ",28.02.2023,15:45  ,16:15
MA3442,Risikotheorie in Versicherungen ,Fakultät für Mathematik ,Aufbau u. Vorbereitung,Modulprüfung,geplant,"BC2 0.01.17, Hörsaal (8102.EG.117) ",13.02.2023,10:45  ,11:30
MA3442,Risikotheorie in Versicherungen ,Fakultät für Mathematik ,Prüfungstermin,Modulprüfung,geplant,"BC2 0.01.17, Hörsaal (8102.EG.117) ",13.02.2023,11:30  ,12:30
MA3442,Risikotheorie in Versicherungen ,Fakultät für Mathematik ,Nachbereitung,Modulprüfung,geplant,"BC2 0.01.17, Hörsaal (8102.EG.117) ",13.02.2023,12:30  ,13:00
MA3442,Risikotheorie in Versicherungen ,Fakultät für Mathematik ,Aufbau u. Vorbereitung,Modulprüfung,geplant,"BC2 3.5.06, Hörsaal (8102.03.506) ",13.02.2023,10:45  ,11:30
MA3442,Risikotheorie in Versicherungen ,Fakultät für Mathematik ,Prüfungstermin,Modulprüfung,geplant,"BC2 3.5.06, Hörsaal (8102.03.506) ",13.02.2023,11:30  ,12:30
MA3442,Risikotheorie in Versicherungen ,Fakultät für Mathematik ,Nachbereitung,Modulprüfung,geplant,"BC2 3.5.06, Hörsaal (8102.03.506) ",13.02.2023,12:30  ,13:00
MA9803,Modellierung und Simulation mit gewöhnlichen Differentialgleichungen ,Fakultät für Mathematik ,Aufbau u. Vorbereitung,Modulprüfung,fix,Audimax im Galileo nur Mo-Di 7-19 Uhr (8120.01.101) ,07.03.2023,13:30  ,14:15
MA9803,Modellierung und Simulation mit gewöhnlichen Differentialgleichungen ,Fakultät für Mathematik ,Prüfungstermin,Modulprüfung,fix,Audimax im Galileo nur Mo-Di 7-19 Uhr (8120.01.101) ,07.03.2023,14:15  ,15:15
MA9803,Modellierung und Simulation mit gewöhnlichen Differentialgleichungen ,Fakultät für Mathematik ,Nachbereitung,Modulprüfung,fix,Audimax im Galileo nur Mo-Di 7-19 Uhr (8120.01.101) ,07.03.2023,15:15  ,15:45
MA9201,Prüfung zu Mathematik für Physiker 1 ,Fakultät für Mathematik ,Aufbau u. Vorbereitung,Modulprüfung,fix,MW 2001 Rudolf-Diesel-Hörsaal (5510.02.001) ,06.04.2023,10:45  ,11:30
MA9201,Prüfung zu Mathematik für Physiker 1 ,Fakultät für Mathematik ,Prüfungstermin,Modulprüfung,fix,MW 2001 Rudolf-Diesel-Hörsaal (5510.02.001) ,06.04.2023,11:30  ,13:00
MA9201,Prüfung zu Mathematik für Physiker 1 ,Fakultät für Mathematik ,Nachbereitung,Modulprüfung,fix,MW 2001 Rudolf-Diesel-Hörsaal (5510.02.001) ,06.04.2023,13:00  ,13:30
MA0008,Numerik ,Fakultät für Mathematik ,Aufbau u. Vorbereitung,Modulprüfung,fix,"00.02.001, MI HS 1, Friedrich L. Bauer Hörsaal (5602.EG.001) ",06.04.2023,07:15  ,08:00
MA0008,Numerik ,Fakultät für Mathematik ,Prüfungstermin,Modulprüfung,fix,"00.02.001, MI HS 1, Friedrich L. Bauer Hörsaal (5602.EG.001) ",06.04.2023,08:00  ,09:30
MA0008,Numerik ,Fakultät für Mathematik ,Nachbereitung,Modulprüfung,fix,"00.02.001, MI HS 1, Friedrich L. Bauer Hörsaal (5602.EG.001) ",06.04.2023,09:30  ,10:00
MA5417,Große Abweichungen ,Fakultät für Mathematik ,Aufbau u. Vorbereitung,Modulprüfung,geplant,"BC2 0.01.17, Hörsaal (8102.EG.117) ",22.02.2023,10:45  ,11:30
MA5417,Große Abweichungen ,Fakultät für Mathematik ,Prüfungstermin,Modulprüfung,geplant,"BC2 0.01.17, Hörsaal (8102.EG.117) ",22.02.2023,11:30  ,12:30
MA5417,Große Abweichungen ,Fakultät für Mathematik ,Nachbereitung,Modulprüfung,geplant,"BC2 0.01.17, Hörsaal (8102.EG.117) ",22.02.2023,12:30  ,13:00
MA9802,Differential- und Integralrechnung ,Fakultät für Mathematik ,Aufbau u. Vorbereitung,Modulprüfung,fix,"MW 1801, Ernst-Schmidt-Hörsaal (5508.02.801) ",09.03.2023,10:45  ,11:30
MA9802,Differential- und Integralrechnung ,Fakultät für Mathematik ,Prüfungstermin,Modulprüfung,fix,"MW 1801, Ernst-Schmidt-Hörsaal (5508.02.801) ",09.03.2023,11:30  ,13:00
MA9802,Differential- und Integralrechnung ,Fakultät für Mathematik ,Nachbereitung,Modulprüfung,fix,"MW 1801, Ernst-Schmidt-Hörsaal (5508.02.801) ",09.03.2023,13:00  ,13:30
MA9802,Differential- und Integralrechnung ,Fakultät für Mathematik ,Aufbau u. Vorbereitung,Modulprüfung,fix,"004, Hörsaal 1 ""Interims II"" (5416.01.004) ",09.03.2023,10:45  ,11:30
MA9802,Differential- und Integralrechnung ,Fakultät für Mathematik ,Prüfungstermin,Modulprüfung,fix,"004, Hörsaal 1 ""Interims II"" (5416.01.004) ",09.03.2023,11:30  ,13:00
MA9802,Differential- und Integralrechnung ,Fakultät für Mathematik ,Nachbereitung,Modulprüfung,fix,"004, Hörsaal 1 ""Interims II"" (5416.01.004) ",09.03.2023,13:00  ,13:30
MA9523,Höhere Mathematik 3 ,Fakultät für Mathematik ,Aufbau u. Vorbereitung,Modulprüfung,fix,"1100, Hörsaal ohne exp. Bühne (0501.01.100) ",28.02.2023,16:15  ,17:00
MA9523,Höhere Mathematik 3 ,Fakultät für Mathematik ,Prüfungstermin,Modulprüfung,fix,"1100, Hörsaal ohne exp. Bühne (0501.01.100) ",28.02.2023,17:00  ,18:30
MA9523,Höhere Mathematik 3 ,Fakultät für Mathematik ,Nachbereitung,Modulprüfung,fix,"1100, Hörsaal ohne exp. Bühne (0501.01.100) ",28.02.2023,18:30  ,19:00
MA9523,Höhere Mathematik 3 ,Fakultät für Mathematik ,Aufbau u. Vorbereitung,Modulprüfung,fix,"0980, Audimax (0509.EG.980) ",28.02.2023,16:15  ,17:00
MA9523,Höhere Mathematik 3 ,Fakultät für Mathematik ,Prüfungstermin,Modulprüfung,fix,"0980, Audimax (0509.EG.980) ",28.02.2023,17:00  ,18:30
MA9523,Höhere Mathematik 3 ,Fakultät für Mathematik ,Nachbereitung,Modulprüfung,fix,"0980, Audimax (0509.EG.980) ",28.02.2023,18:30  ,19:00
MA9522,Höhere Mathematik 2 ,Fakultät für Mathematik ,Aufbau u. Vorbereitung,Modulprüfung,fix,"1100, Hörsaal ohne exp. Bühne (0501.01.100) ",17.03.2023,10:15  ,11:00
MA9522,Höhere Mathematik 2 ,Fakultät für Mathematik ,Prüfungstermin,Modulprüfung,fix,"1100, Hörsaal ohne exp. Bühne (0501.01.100) ",17.03.2023,11:00  ,12:30
MA9522,Höhere Mathematik 2 ,Fakultät für Mathematik ,Nachbereitung,Modulprüfung,fix,"1100, Hörsaal ohne exp. Bühne (0501.01.100) ",17.03.2023,12:30  ,13:00
MA9522,Höhere Mathematik 2 ,Fakultät für Mathematik ,Aufbau u. Vorbereitung,Modulprüfung,fix,"N 1190, Hans-Heinrich-Meinke-Hörsaal (0101.02.190) ",17.03.2023,10:15  ,11:00
MA9522,Höhere Mathematik 2 ,Fakultät für Mathematik ,Prüfungstermin,Modulprüfung,fix,"N 1190, Hans-Heinrich-Meinke-Hörsaal (0101.02.190) ",17.03.2023,11:00  ,12:30
MA9522,Höhere Mathematik 2 ,Fakultät für Mathematik ,Nachbereitung,Modulprüfung,fix,"N 1190, Hans-Heinrich-Meinke-Hörsaal (0101.02.190) ",17.03.2023,12:30  ,13:00
MA9512,Höhere Mathematik 2 für BGU ,Fakultät für Mathematik ,Aufbau u. Vorbereitung,Modulprüfung,fix,"1180, Hörsaal ohne exp. Bühne (0501.01.180) ",17.03.2023,10:15  ,11:00
MA9512,Höhere Mathematik 2 für BGU ,Fakultät für Mathematik ,Prüfungstermin,Modulprüfung,fix,"1180, Hörsaal ohne exp. Bühne (0501.01.180) ",17.03.2023,11:00  ,12:30
MA9512,Höhere Mathematik 2 für BGU ,Fakultät für Mathematik ,Nachbereitung,Modulprüfung,fix,"1180, Hörsaal ohne exp. Bühne (0501.01.180) ",17.03.2023,12:30  ,13:00
MA9411,Analysis 1 (EI),Fakultät für Mathematik ,Aufbau u. Vorbereitung,Modulprüfung,fix,MW 2001 Rudolf-Diesel-Hörsaal (5510.02.001) ,06.04.2023,07:15  ,08:00
MA9411,Analysis 1 (EI),Fakultät für Mathematik ,Prüfungstermin,Modulprüfung,fix,MW 2001 Rudolf-Diesel-Hörsaal (5510.02.001) ,06.04.2023,08:00  ,09:30
MA9411,Analysis 1 (EI),Fakultät für Mathematik ,Nachbereitung,Modulprüfung,fix,MW 2001 Rudolf-Diesel-Hörsaal (5510.02.001) ,06.04.2023,09:30  ,10:00
MA9411,Analysis 1 (EI),Fakultät für Mathematik ,Aufbau u. Vorbereitung,Modulprüfung,fix,"MW 0001, Gustav-Niemann-Hörsaal (5510.EG.001) ",06.04.2023,07:15  ,08:00
MA9411,Analysis 1 (EI),Fakultät für Mathematik ,Prüfungstermin,Modulprüfung,fix,"MW 0001, Gustav-Niemann-Hörsaal (5510.EG.001) ",06.04.2023,08:00  ,09:30
MA9411,Analysis 1 (EI),Fakultät für Mathematik ,Nachbereitung,Modulprüfung,fix,"MW 0001, Gustav-Niemann-Hörsaal (5510.EG.001) ",06.04.2023,09:30  ,10:00
MA9411,Analysis 1 (EI),Fakultät für Mathematik ,Aufbau u. Vorbereitung,Modulprüfung,fix,"MW 1801, Ernst-Schmidt-Hörsaal (5508.02.801) ",06.04.2023,07:15  ,08:00
MA9411,Analysis 1 (EI),Fakultät für Mathematik ,Prüfungstermin,Modulprüfung,fix,"MW 1801, Ernst-Schmidt-Hörsaal (5508.02.801) ",06.04.2023,08:00  ,09:30
MA9411,Analysis 1 (EI),Fakultät für Mathematik ,Nachbereitung,Modulprüfung,fix,"MW 1801, Ernst-Schmidt-Hörsaal (5508.02.801) ",06.04.2023,09:30  ,10:00
MA0009,Einführung in die Wahrscheinlichkeitstheorie und Statistik ,Fakultät für Mathematik ,Aufbau u. Vorbereitung,Modulprüfung,fix,"00.02.001, MI HS 1, Friedrich L. Bauer Hörsaal (5602.EG.001) ",04.04.2023,13:30  ,14:15
MA0009,Einführung in die Wahrscheinlichkeitstheorie und Statistik ,Fakultät für Mathematik ,Prüfungstermin,Modulprüfung,fix,"00.02.001, MI HS 1, Friedrich L. Bauer Hörsaal (5602.EG.001) ",04.04.2023,14:15  ,15:45
MA0009,Einführung in die Wahrscheinlichkeitstheorie und Statistik ,Fakultät für Mathematik ,Nachbereitung,Modulprüfung,fix,"00.02.001, MI HS 1, Friedrich L. Bauer Hörsaal (5602.EG.001) ",04.04.2023,15:45  ,16:15
MA9410,Numerische Mathematik (EI),Fakultät für Mathematik ,Aufbau u. Vorbereitung,Modulprüfung,fix,Audimax im Galileo nur Mo-Di 7-19 Uhr (8120.01.101) ,13.03.2023,10:45  ,11:30
MA9410,Numerische Mathematik (EI),Fakultät für Mathematik ,Prüfungstermin,Modulprüfung,fix,Audimax im Galileo nur Mo-Di 7-19 Uhr (8120.01.101) ,13.03.2023,11:30  ,13:00
MA9410,Numerische Mathematik (EI),Fakultät für Mathematik ,Nachbereitung,Modulprüfung,fix,Audimax im Galileo nur Mo-Di 7-19 Uhr (8120.01.101) ,13.03.2023,13:00  ,13:30
MA9305,Höhere Mathematik 3 ,Fakultät für Mathematik ,Aufbau u. Vorbereitung,Modulprüfung,fix,MW 2001 Rudolf-Diesel-Hörsaal (5510.02.001) ,07.03.2023,10:45  ,11:30
MA9305,Höhere Mathematik 3 ,Fakultät für Mathematik ,Prüfungstermin,Modulprüfung,fix,MW 2001 Rudolf-Diesel-Hörsaal (5510.02.001) ,07.03.2023,11:30  ,13:00
MA9305,Höhere Mathematik 3 ,Fakultät für Mathematik ,Nachbereitung,Modulprüfung,fix,MW 2001 Rudolf-Diesel-Hörsaal (5510.02.001) ,07.03.2023,13:00  ,13:30
MA9305,Höhere Mathematik 3 ,Fakultät für Mathematik ,Aufbau u. Vorbereitung,Modulprüfung,fix,"00.02.001, MI HS 1, Friedrich L. Bauer Hörsaal (5602.EG.001) ",07.03.2023,10:45  ,11:30
MA9305,Höhere Mathematik 3 ,Fakultät für Mathematik ,Prüfungstermin,Modulprüfung,fix,"00.02.001, MI HS 1, Friedrich L. Bauer Hörsaal (5602.EG.001) ",07.03.2023,11:30  ,13:00
MA9305,Höhere Mathematik 3 ,Fakultät für Mathematik ,Nachbereitung,Modulprüfung,fix,"00.02.001, MI HS 1, Friedrich L. Bauer Hörsaal (5602.EG.001) ",07.03.2023,13:00  ,13:30
MA9305,Höhere Mathematik 3 ,Fakultät für Mathematik ,Aufbau u. Vorbereitung,Modulprüfung,fix,"003, Hörsaal 2, ""Interims II"" (5416.01.003) ",07.03.2023,10:45  ,11:30
MA9305,Höhere Mathematik 3 ,Fakultät für Mathematik ,Prüfungstermin,Modulprüfung,fix,"003, Hörsaal 2, ""Interims II"" (5416.01.003) ",07.03.2023,11:30  ,13:00
MA9305,Höhere Mathematik 3 ,Fakultät für Mathematik ,Nachbereitung,Modulprüfung,fix,"003, Hörsaal 2, ""Interims II"" (5416.01.003) ",07.03.2023,13:00  ,13:30
MA9305,Höhere Mathematik 3 ,Fakultät für Mathematik ,Aufbau u. Vorbereitung,Modulprüfung,fix,"004, Hörsaal 1 ""Interims II"" (5416.01.004) ",07.03.2023,10:45  ,11:30
MA9305,Höhere Mathematik 3 ,Fakultät für Mathematik ,Prüfungstermin,Modulprüfung,fix,"004, Hörsaal 1 ""Interims II"" (5416.01.004) ",07.03.2023,11:30  ,13:00
MA9305,Höhere Mathematik 3 ,Fakultät für Mathematik ,Nachbereitung,Modulprüfung,fix,"004, Hörsaal 1 ""Interims II"" (5416.01.004) ",07.03.2023,13:00  ,13:30
MA9609,Höhere Mathematik und Statistik ,Fakultät für Mathematik ,Aufbau u. Vorbereitung,Modulprüfung,geplant,"129, Speisesaal 3 (Mensa 3, Seminarraum) (4216.01.129) ",16.02.2023,15:45  ,16:30
MA9609,Höhere Mathematik und Statistik ,Fakultät für Mathematik ,Prüfungstermin,Modulprüfung,geplant,"129, Speisesaal 3 (Mensa 3, Seminarraum) (4216.01.129) ",16.02.2023,16:30  ,18:30
MA9609,Höhere Mathematik und Statistik ,Fakultät für Mathematik ,Nachbereitung,Modulprüfung,geplant,"129, Speisesaal 3 (Mensa 3, Seminarraum) (4216.01.129) ",16.02.2023,18:30  ,19:00
MA9609,Höhere Mathematik und Statistik ,Fakultät für Mathematik ,Aufbau u. Vorbereitung,Modulprüfung,geplant,"HO30, Hörsaal 14 Max-Schönleutner-Hörsaal (WZWH14) (4214.EG.030) ",16.02.2023,15:45  ,16:30
MA9609,Höhere Mathematik und Statistik ,Fakultät für Mathematik ,Prüfungstermin,Modulprüfung,geplant,"HO30, Hörsaal 14 Max-Schönleutner-Hörsaal (WZWH14) (4214.EG.030) ",16.02.2023,16:30  ,18:30
MA9609,Höhere Mathematik und Statistik ,Fakultät für Mathematik ,Nachbereitung,Modulprüfung,geplant,"HO30, Hörsaal 14 Max-Schönleutner-Hörsaal (WZWH14) (4214.EG.030) ",16.02.2023,18:30  ,19:00
MA9605,Einführung in die Statistik ,Fakultät für Mathematik ,Aufbau u. Vorbereitung,Modulprüfung,geplant,"HO30, Hörsaal 14 Max-Schönleutner-Hörsaal (WZWH14) (4214.EG.030) ",13.02.2023,16:15  ,17:00
MA9605,Einführung in die Statistik ,Fakultät für Mathematik ,Prüfungstermin,Modulprüfung,geplant,"HO30, Hörsaal 14 Max-Schönleutner-Hörsaal (WZWH14) (4214.EG.030) ",13.02.2023,17:00  ,18:00
MA9605,Einführung in die Statistik ,Fakultät für Mathematik ,Nachbereitung,Modulprüfung,geplant,"HO30, Hörsaal 14 Max-Schönleutner-Hörsaal (WZWH14) (4214.EG.030) ",13.02.2023,18:00  ,18:30
MA3409,Applied Regression ,Fakultät für Mathematik ,Aufbau u. Vorbereitung,Modulprüfung,fix,MW 2001 Rudolf-Diesel-Hörsaal (5510.02.001) ,01.03.2023,16:15  ,17:00
MA3409,Applied Regression ,Fakultät für Mathematik ,Prüfungstermin,Modulprüfung,fix,MW 2001 Rudolf-Diesel-Hörsaal (5510.02.001) ,01.03.2023,17:00  ,18:00
MA3409,Applied Regression ,Fakultät für Mathematik ,Nachbereitung,Modulprüfung,fix,MW 2001 Rudolf-Diesel-Hörsaal (5510.02.001) ,01.03.2023,18:00  ,18:30
MA3409,Applied Regression ,Fakultät für Mathematik ,Aufbau u. Vorbereitung,Modulprüfung,fix,"004, Hörsaal 1 ""Interims II"" (5416.01.004) ",03.04.2023,10:15  ,11:00
MA3409,Applied Regression ,Fakultät für Mathematik ,Prüfungstermin,Modulprüfung,fix,"004, Hörsaal 1 ""Interims II"" (5416.01.004) ",03.04.2023,11:00  ,12:00
MA3409,Applied Regression ,Fakultät für Mathematik ,Nachbereitung,Modulprüfung,fix,"004, Hörsaal 1 ""Interims II"" (5416.01.004) ",03.04.2023,12:00  ,12:00
MA2409,Wahrscheinlichkeitstheorie ,Fakultät für Mathematik ,Aufbau u. Vorbereitung,Modulprüfung,fix,"MW 0001, Gustav-Niemann-Hörsaal (5510.EG.001) ",17.02.2023,16:15  ,17:00
MA2409,Wahrscheinlichkeitstheorie ,Fakultät für Mathematik ,Prüfungstermin,Modulprüfung,fix,"MW 0001, Gustav-Niemann-Hörsaal (5510.EG.001) ",17.02.2023,17:00  ,18:30
MA2409,Wahrscheinlichkeitstheorie ,Fakultät für Mathematik ,Nachbereitung,Modulprüfung,fix,"MW 0001, Gustav-Niemann-Hörsaal (5510.EG.001) ",17.02.2023,18:30  ,19:00
MA3301,Numerik der Differentialgleichungen ,Fakultät für Mathematik ,Aufbau u. Vorbereitung,Modulprüfung,fix,"004, Hörsaal 1 ""Interims II"" (5416.01.004) ",05.04.2023,15:45  ,16:30
MA3301,Numerik der Differentialgleichungen ,Fakultät für Mathematik ,Prüfungstermin,Modulprüfung,fix,"004, Hörsaal 1 ""Interims II"" (5416.01.004) ",05.04.2023,16:30  ,18:00
MA3301,Numerik der Differentialgleichungen ,Fakultät für Mathematik ,Nachbereitung,Modulprüfung,fix,"004, Hörsaal 1 ""Interims II"" (5416.01.004) ",05.04.2023,18:00  ,18:30
MA2409,Wahrscheinlichkeitstheorie ,Fakultät für Mathematik ,Aufbau u. Vorbereitung,Modulprüfung,fix,"00.02.001, MI HS 1, Friedrich L. Bauer Hörsaal (5602.EG.001) ",12.04.2023,07:15  ,08:00
MA2409,Wahrscheinlichkeitstheorie ,Fakultät für Mathematik ,Prüfungstermin,Modulprüfung,fix,"00.02.001, MI HS 1, Friedrich L. Bauer Hörsaal (5602.EG.001) ",12.04.2023,08:00  ,09:30
MA2409,Wahrscheinlichkeitstheorie ,Fakultät für Mathematik ,Nachbereitung,Modulprüfung,fix,"00.02.001, MI HS 1, Friedrich L. Bauer Hörsaal (5602.EG.001) ",12.04.2023,09:30  ,10:00
MA3203,Projektive Geometrie 1 ,Fakultät für Mathematik ,Aufbau u. Vorbereitung,Modulprüfung,fix,"MW 0001, Gustav-Niemann-Hörsaal (5510.EG.001) ",21.02.2023,07:15  ,08:00
MA3203,Projektive Geometrie 1 ,Fakultät für Mathematik ,Prüfungstermin,Modulprüfung,fix,"MW 0001, Gustav-Niemann-Hörsaal (5510.EG.001) ",21.02.2023,08:00  ,09:30
MA3203,Projektive Geometrie 1 ,Fakultät für Mathematik ,Nachbereitung,Modulprüfung,fix,"MW 0001, Gustav-Niemann-Hörsaal (5510.EG.001) ",21.02.2023,09:30  ,10:00
MA3503,Nichtlineare Optimierung ,Fakultät für Mathematik ,Aufbau u. Vorbereitung,Modulprüfung,fix,"101, Hörsaal 1, ""Interims I"" (5620.01.101) ",23.02.2023,13:30  ,14:15
MA3503,Nichtlineare Optimierung ,Fakultät für Mathematik ,Prüfungstermin,Modulprüfung,fix,"101, Hörsaal 1, ""Interims I"" (5620.01.101) ",23.02.2023,14:15  ,15:45
MA3503,Nichtlineare Optimierung ,Fakultät für Mathematik ,Nachbereitung,Modulprüfung,fix,"101, Hörsaal 1, ""Interims I"" (5620.01.101) ",23.02.2023,15:45  ,16:15
MA3503,Nichtlineare Optimierung ,Fakultät für Mathematik ,Aufbau u. Vorbereitung,Modulprüfung,fix,"102, Hörsaal 2, ""Interims I"" (5620.01.102) ",23.02.2023,13:30  ,14:15
MA3503,Nichtlineare Optimierung ,Fakultät für Mathematik ,Prüfungstermin,Modulprüfung,fix,"102, Hörsaal 2, ""Interims I"" (5620.01.102) ",23.02.2023,14:15  ,15:45
MA3503,Nichtlineare Optimierung ,Fakultät für Mathematik ,Nachbereitung,Modulprüfung,fix,"102, Hörsaal 2, ""Interims I"" (5620.01.102) ",23.02.2023,15:45  ,16:15
MA3001,Funktionalanalysis ,Fakultät für Mathematik ,Aufbau u. Vorbereitung,Modulprüfung,geplant,"1450, Willy-Messerschmitt-Zeichensaal (5504.01.450) ",15.02.2023,07:15  ,08:00
MA3001,Funktionalanalysis ,Fakultät für Mathematik ,Prüfungstermin,Modulprüfung,geplant,"1450, Willy-Messerschmitt-Zeichensaal (5504.01.450) ",15.02.2023,08:00  ,09:30
MA3001,Funktionalanalysis ,Fakultät für Mathematik ,Nachbereitung,Modulprüfung,geplant,"1450, Willy-Messerschmitt-Zeichensaal (5504.01.450) ",15.02.2023,09:30  ,10:00
MA3001,Funktionalanalysis ,Fakultät für Mathematik ,Aufbau u. Vorbereitung,Modulprüfung,fix,"102, Hörsaal 2, ""Interims I"" (5620.01.102) ",15.02.2023,07:15  ,08:00
MA3001,Funktionalanalysis ,Fakultät für Mathematik ,Prüfungstermin,Modulprüfung,fix,"102, Hörsaal 2, ""Interims I"" (5620.01.102) ",15.02.2023,08:00  ,09:30
MA3001,Funktionalanalysis ,Fakultät für Mathematik ,Nachbereitung,Modulprüfung,fix,"102, Hörsaal 2, ""Interims I"" (5620.01.102) ",15.02.2023,09:30  ,10:00
MA3001,Funktionalanalysis ,Fakultät für Mathematik ,Aufbau u. Vorbereitung,Modulprüfung,fix,"MW 1801, Ernst-Schmidt-Hörsaal (5508.02.801) ",13.04.2023,07:15  ,08:00
MA3001,Funktionalanalysis ,Fakultät für Mathematik ,Prüfungstermin,Modulprüfung,fix,"MW 1801, Ernst-Schmidt-Hörsaal (5508.02.801) ",13.04.2023,08:00  ,09:30
MA3001,Funktionalanalysis ,Fakultät für Mathematik ,Nachbereitung,Modulprüfung,fix,"MW 1801, Ernst-Schmidt-Hörsaal (5508.02.801) ",13.04.2023,09:30  ,10:00
MA3405,Insurance Mathematics 1 ,Fakultät für Mathematik ,Aufbau u. Vorbereitung,Modulprüfung,geplant,"BC2 0.01.17, Hörsaal (8102.EG.117) ",13.04.2023,15:45  ,16:30
MA3405,Insurance Mathematics 1 ,Fakultät für Mathematik ,Prüfungstermin,Modulprüfung,geplant,"BC2 0.01.17, Hörsaal (8102.EG.117) ",13.04.2023,16:30  ,18:00
MA3405,Insurance Mathematics 1 ,Fakultät für Mathematik ,Nachbereitung,Modulprüfung,geplant,"BC2 0.01.17, Hörsaal (8102.EG.117) ",13.04.2023,18:00  ,18:30
MA3407,Financial Mathematics 1 ,Fakultät für Mathematik ,Aufbau u. Vorbereitung,Modulprüfung,geplant,"BC2 0.01.17, Hörsaal (8102.EG.117) ",14.04.2023,07:15  ,08:00
MA3407,Financial Mathematics 1 ,Fakultät für Mathematik ,Prüfungstermin,Modulprüfung,geplant,"BC2 0.01.17, Hörsaal (8102.EG.117) ",14.04.2023,08:00  ,09:30
MA3407,Financial Mathematics 1 ,Fakultät für Mathematik ,Nachbereitung,Modulprüfung,geplant,"BC2 0.01.17, Hörsaal (8102.EG.117) ",14.04.2023,09:30  ,09:30
MA3505,Integer Optimization ,Fakultät für Mathematik ,Aufbau u. Vorbereitung,Modulprüfung,fix,"003, Hörsaal 2, ""Interims II"" (5416.01.003) ",06.04.2023,15:45  ,16:30
MA3505,Integer Optimization ,Fakultät für Mathematik ,Prüfungstermin,Modulprüfung,fix,"003, Hörsaal 2, ""Interims II"" (5416.01.003) ",06.04.2023,16:30  ,18:00
MA3505,Integer Optimization ,Fakultät für Mathematik ,Nachbereitung,Modulprüfung,fix,"003, Hörsaal 2, ""Interims II"" (5416.01.003) ",06.04.2023,18:00  ,18:30
MA3503,Nichtlineare Optimierung ,Fakultät für Mathematik ,Aufbau u. Vorbereitung,Modulprüfung,geplant,"1350, Ludwig-Burmester-Zeichensaal (5503.01.350) ",11.04.2023,07:15  ,08:00
MA3503,Nichtlineare Optimierung ,Fakultät für Mathematik ,Prüfungstermin,Modulprüfung,geplant,"1350, Ludwig-Burmester-Zeichensaal (5503.01.350) ",11.04.2023,08:00  ,09:30
MA3503,Nichtlineare Optimierung ,Fakultät für Mathematik ,Nachbereitung,Modulprüfung,geplant,"1350, Ludwig-Burmester-Zeichensaal (5503.01.350) ",11.04.2023,09:30  ,10:00
MA9409,Lineare Algebra (EI),Fakultät für Mathematik ,Aufbau u. Vorbereitung,Modulprüfung,fix,MW 2001 Rudolf-Diesel-Hörsaal (5510.02.001) ,31.03.2023,10:45  ,11:30
MA9409,Lineare Algebra (EI),Fakultät für Mathematik ,Prüfungstermin,Modulprüfung,fix,MW 2001 Rudolf-Diesel-Hörsaal (5510.02.001) ,31.03.2023,11:30  ,13:00
MA9409,Lineare Algebra (EI),Fakultät für Mathematik ,Nachbereitung,Modulprüfung,fix,MW 2001 Rudolf-Diesel-Hörsaal (5510.02.001) ,31.03.2023,13:00  ,13:30
MA9409,Lineare Algebra (EI),Fakultät für Mathematik ,Aufbau u. Vorbereitung,Modulprüfung,fix,"MW 0001, Gustav-Niemann-Hörsaal (5510.EG.001) ",31.03.2023,10:45  ,11:30
MA9409,Lineare Algebra (EI),Fakultät für Mathematik ,Prüfungstermin,Modulprüfung,fix,"MW 0001, Gustav-Niemann-Hörsaal (5510.EG.001) ",31.03.2023,11:30  ,13:00
MA9409,Lineare Algebra (EI),Fakultät für Mathematik ,Nachbereitung,Modulprüfung,fix,"MW 0001, Gustav-Niemann-Hörsaal (5510.EG.001) ",31.03.2023,13:00  ,13:30
MA9409,Lineare Algebra (EI),Fakultät für Mathematik ,Aufbau u. Vorbereitung,Modulprüfung,fix,"003, Hörsaal 2, ""Interims II"" (5416.01.003) ",31.03.2023,10:45  ,11:30
MA9409,Lineare Algebra (EI),Fakultät für Mathematik ,Prüfungstermin,Modulprüfung,fix,"003, Hörsaal 2, ""Interims II"" (5416.01.003) ",31.03.2023,11:30  ,13:00
MA9409,Lineare Algebra (EI),Fakultät für Mathematik ,Nachbereitung,Modulprüfung,fix,"003, Hörsaal 2, ""Interims II"" (5416.01.003) ",31.03.2023,13:00  ,13:30
